0064	0064	0032	05	19	23	24	26	0287	24	12.740000	12.74	12.73
0064	0064	0032	13	31	26	04	23	0113	28	8.050000	8.04	8.05
0064	0064	0128	04	13	19	20	22	0670	32	25.240000	25.19	25.24
0064	0064	0128	09	29	23	20	27	0140	32	6.940000	6.92	6.94
0064	0064	0256	04	25	30	24	18	0060	27	4.170000	4.17	4.17
0064	0064	0256	22	19	31	24	26	0248	25	17.540000	17.54	17.48
0064	0064	0512	02	02	03	20	03	0496	21	22.220000	22.18	22.22
0064	0064	0512	14	31	35	04	31	0191	34	8.300000	8.30	8.29
0064	0064	0512	22	02	07	04	03	0552	30	14.990000	14.96	14.99
0064	0064	1024	06	05	19	32	04	0378	31	25.040000	25.02	25.04
0064	0128	0032	03	24	31	12	11	0570	20	17.150000	17.12	17.15
0064	0128	0032	10	28	35	08	29	0146	22	9.160000	9.11	9.16
0064	0128	0032	26	10	29	04	30	0140	23	7.590000	7.57	7.59
0064	0128	0064	05	25	10	08	28	0141	14	2.900000	2.90	2.90
0064	0128	0064	11	05	33	28	22	0347	16	19.990000	19.99	19.99
0064	0128	0064	16	18	16	20	22	0167	14	12.190000	12.16	12.19
0064	0128	0064	27	16	31	04	04	0114	26	9.500000	9.50	9.50
0064	0128	0128	07	13	30	24	27	0144	34	6.130000	6.12	6.13
0064	0128	0128	27	02	27	04	31	0182	11	2.440000	2.44	2.44
0064	0128	0256	09	29	23	16	12	0169	25	5.390000	5.39	5.39
0064	0128	0256	23	02	07	20	34	0053	29	14.400000	14.39	14.40
0064	0128	1024	09	12	13	24	02	0395	29	16.730000	16.68	16.73
0064	0128	1024	30	06	30	28	04	0217	24	inf		
0064	0256	0032	08	15	27	24	15	0305	26	11.350000	11.35	11.34
0064	0256	0032	12	07	34	16	17	0158	15	7.740000	6.17	7.74
0064	0256	0032	18	05	28	08	26	0737	28	16.370000	16.33	16.37
0064	0256	0064	04	25	10	12	23	0078	18	5.550000	5.55	5.53
0064	0256	0064	13	17	08	04	08	0045	34	5.310000	5.31	3.34
0064	0256	0064	18	09	18	04	05	0076	22	3.420000	3.32	3.42
0064	0256	0064	22	02	35	12	37	0288	13	11.930000	11.93	11.92
0064	0256	0128	13	11	20	12	27	0197	32	6.780000	6.74	6.78
0064	0256	0128	15	11	30	08	17	0483	35	13.130000	13.10	13.13
0064	0256	0128	15	24	21	04	27	0175	19	9.120000	9.12	9.10
0064	0256	0256	08	07	33	16	21	0128	07	7.560000	7.53	7.56
0064	0256	0256	12	16	32	32	39	0090	04	9.830000	9.83	9.83
0064	0256	0256	29	24	29	04	30	0025	09	9.180000	9.18	9.15
0064	0256	0512	05	23	10	24	11	0227	12	10.190000	10.19	10.19
0064	0256	0512	08	14	27	32	18	0516	27	30.360000	30.33	30.36
0064	0256	0512	23	03	29	24	34	0098	09	11.230000	11.21	11.23
0064	0256	0512	28	03	13	16	02	0072	15	12.390000	12.37	12.39
0064	0256	1024	24	07	24	04	20	0680	32	12.020000	11.98	12.02
0064	0512	0032	02	29	34	16	12	0294	22	15.050000	15.03	15.05
0064	0512	0032	02	32	05	08	26	0278	26	10.550000	10.53	10.55
0064	0512	0032	11	08	29	32	01	0283	19	58.650000	58.45	58.65
0064	0512	0032	25	18	23	16	38	0011	02	7.880000	7.88	7.86
0064	0512	0032	26	12	34	24	25	0037	29	17.610000	17.59	17.61
0064	0512	0032	32	14	28	04	22	0153	16	10.030000	10.02	10.03
0064	0512	0064	10	20	24	04	40	0244	35	9.300000	9.28	9.30
0064	0512	0128	02	30	20	08	02	0102	28	3.250000	3.22	3.25
0064	0512	0128	04	13	26	12	36	0114	20	3.710000	3.68	3.71
0064	0512	0128	14	02	03	32	19	0563	33	33.460000	33.42	33.46
0064	0512	0128	22	14	34	32	31	0115	12	14.860000	14.84	14.86
0064	0512	0256	11	13	30	28	11	0384	30	18.920000	18.88	18.92
0064	0512	0256	14	18	24	04	40	0449	35	9.110000	9.07	9.11
0064	0512	0256	16	05	13	08	23	0142	08	4.680000	4.62	4.68
0064	0512	0256	20	07	14	28	02	0224	35	28.120000	28.07	28.12
0064	0512	0256	23	02	27	04	05	0063	11	2.170000	2.16	2.17
0064	0512	0256	27	08	33	04	08	0330	16	10.300000	10.28	10.30
0064	0512	0512	03	29	20	24	12	0160	08	14.580000	14.57	14.58
0064	0512	0512	24	20	28	16	21	0131	16	20.760000	20.76	20.74
0064	0512	1024	23	17	23	16	08	0298	22	15.200000	15.17	15.20
0064	0512	1024	24	09	27	08	38	0054	33	7.030000	7.01	7.03
0064	0512	1024	29	26	32	08	29	0020	13	13.410000	13.41	13.40
0064	1024	0032	11	15	06	20	10	0105	35	22.830000	22.82	22.83
0064	1024	0032	21	06	26	16	36	0754	31	34.860000	34.81	34.86
0064	1024	0128	03	10	09	24	35	0144	13	9.460000	9.46	9.46
0064	1024	0128	03	32	19	12	40	0152	10	5.340000	5.33	5.34
0064	1024	0128	05	09	19	28	22	0679	32	48.370000	48.35	48.37
0064	1024	0128	09	16	29	24	13	0196	17	10.320000	10.30	10.32
0064	1024	0128	15	04	22	04	05	0223	30	9.390000	9.35	9.39
0064	1024	0128	15	05	12	20	21	0414	23	24.380000	24.36	24.38
0064	1024	0128	22	11	33	24	21	0093	05	15.020000	15.02	15.01
0064	1024	0128	24	14	31	28	20	0494	28	27.940000	27.91	27.94
0064	1024	0256	08	03	07	32	16	0290	26	38.070000	38.03	38.07
0064	1024	0256	11	04	09	12	24	0010	10	8.260000	8.26	8.24
0064	1024	0256	11	04	29	04	06	0744	31	21.080000	21.03	21.08
0064	1024	0256	11	21	30	28	35	0624	27	32.930000	32.88	32.93
0064	1024	0512	06	23	32	08	27	0085	08	8.220000	8.22	8.20
0064	1024	0512	08	30	13	12	15	0051	10	13.990000	13.99	11.99
0064	1024	0512	18	18	25	16	23	0037	11	10.010000	9.98	10.01
0064	1024	0512	21	02	29	28	09	0730	26	191.070000	191.03	191.07
0064	1024	1024	02	20	04	20	20	0064	33	9.310000	9.29	9.31
0064	1024	1024	05	25	22	32	10	0281	13	23.100000	23.08	23.10
0064	1024	1024	23	08	12	28	34	0298	19	29.260000	29.24	29.26
0064	2048	0032	03	12	11	12	24	0139	33	4.920000	4.89	4.92
0064	2048	0032	08	11	29	12	36	0289	23	10.550000	10.53	10.55
0064	2048	0032	28	09	24	08	18	0539	31	16.600000	16.56	16.60
0064	2048	0064	30	03	24	20	26	0177	07	27.940000	27.91	27.94
0064	2048	0128	05	28	34	24	22	0387	18	24.250000	24.25	24.25
0064	2048	0128	23	05	20	32	37	0051	31	58.620000	58.57	58.62
0064	2048	0128	23	26	32	28	17	0188	28	41.350000	41.32	41.35
0064	2048	0256	05	13	06	20	17	0185	29	28.920000	28.88	28.92
0064	2048	0512	19	05	20	04	24	0449	33	12.210000	12.16	12.21
0064	2048	0512	26	19	29	20	29	0248	27	30.720000	30.69	30.72
0128	0064	0032	02	30	08	28	27	0051	24	4.810000	4.81	4.81
0128	0064	0032	11	12	15	04	05	0683	32	11.580000	11.53	11.58
0128	0064	0032	22	11	20	08	05	0404	28	14.430000	14.43	14.43
0128	0064	0064	05	26	05	04	13	0061	27	1.770000	1.77	1.77
0128	0064	0064	11	29	22	20	23	0167	24	12.740000	12.70	12.74
0128	0064	0064	12	15	21	32	10	0433	24	inf		
0128	0064	0064	28	17	32	28	18	0079	15	12.920000	12.92	12.91
0128	0064	0128	07	25	22	08	30	0025	20	2.010000	1.98	2.01
0128	0064	0128	25	05	26	32	03	0121	12	9.780000	9.76	9.78
0128	0064	0256	09	24	35	28	28	0229	26	11.820000	11.81	11.82
0128	0064	0256	17	02	10	04	21	0467	30	9.820000	9.80	9.82
0128	0064	0512	18	16	26	04	30	0138	17	7.760000	7.76	7.75
0128	0064	0512	25	21	32	28	27	0084	16	13.590000	13.58	13.59
0128	0064	1024	02	25	30	20	10	0245	12	17.080000	15.08	17.08
0128	0064	1024	05	16	35	24	28	0210	12	10.510000	10.51	10.51
0128	0064	1024	16	08	26	04	22	0355	25	9.020000	9.00	9.02
0128	0128	0032	20	21	15	08	21	0060	27	18.140000	18.14	18.14
0128	0128	0032	24	09	28	32	36	0121	32	33.090000	33.07	33.09
0128	0128	0032	28	16	34	08	01	0471	29	12.600000	12.54	12.60
0128	0128	0128	06	07	17	16	28	0341	14	16.140000	16.14	16.14
0128	0128	0128	10	31	27	16	08	0038	13	11.610000	11.61	11.59
0128	0128	0128	21	04	10	24	11	0148	32	7.250000	7.21	7.25
0128	0128	0256	03	26	14	12	34	0694	34	24.150000	24.15	24.13
0128	0128	0256	22	03	17	12	08	0644	34	18.190000	18.15	18.19
0128	0128	0512	04	25	18	12	33	0604	32	18.760000	18.73	18.76
0128	0128	0512	06	06	08	04	03	0034	22	2.320000	2.32	2.32
0128	0128	0512	06	12	33	24	16	0587	31	27.550000	27.53	27.55
0128	0128	0512	07	24	16	20	04	0076	33	14.020000	14.01	14.02
0128	0128	0512	10	18	33	04	24	0520	26	9.990000	9.97	9.99
0128	0128	0512	13	10	09	12	15	0127	33	4.160000	4.14	4.16
0128	0128	0512	14	08	20	08	35	0286	25	5.720000	5.72	5.71
0128	0128	0512	30	07	21	32	02	0271	28	19.040000	19.00	19.04
0128	0128	1024	04	13	07	24	10	0491	25	25.520000	25.50	25.52
0128	0128	1024	06	19	13	20	20	0516	23	23.390000	23.37	23.39
0128	0128	1024	18	26	24	32	17	0280	35	29.610000	29.55	29.61
0128	0256	0032	13	23	16	12	11	0156	14	9.640000	9.62	9.64
0128	0256	0032	22	03	11	20	02	0240	24	13.110000	13.09	13.11
0128	0256	0032	23	23	22	20	34	0112	27	32.570000	32.57	32.57
0128	0256	0064	05	11	05	16	37	0242	22	16.680000	16.67	16.68
0128	0256	0128	15	02	04	08	04	0257	17	11.450000	11.42	11.45
0128	0256	0128	15	20	22	32	20	0246	32	20.220000	20.16	20.22
0128	0256	0128	18	02	18	08	08	0532	31	14.310000	14.30	14.31
0128	0256	0128	26	13	17	08	22	0182	18	12.470000	12.44	12.47
0128	0256	0128	27	10	12	32	40	0100	27	38.170000	38.15	38.17
0128	0256	0256	07	11	35	24	09	0184	27	9.290000	9.27	9.29
0128	0256	0256	09	02	12	08	13	0058	32	9.100000	9.09	9.10
0128	0256	0512	07	22	16	08	11	0397	28	10.790000	10.76	10.79
0128	0256	0512	23	14	28	24	32	0236	33	21.950000	21.90	21.95
0128	0256	1024	03	08	11	20	15	0248	17	12.430000	12.40	12.43
0128	0256	1024	04	23	31	12	17	0320	14	17.830000	17.82	17.83
0128	0256	1024	16	16	32	24	16	0417	27	25.500000	25.45	25.50
0128	0256	1024	20	23	19	20	23	0039	19	24.750000	24.73	24.75
0128	0512	0032	03	11	27	20	33	0650	31	27.590000	27.57	27.59
0128	0512	0032	10	26	11	28	34	0173	28	24.480000	24.44	24.48
0128	0512	0032	20	07	18	08	30	0563	28	16.990000	16.95	16.99
0128	0512	0064	02	23	31	32	35	0496	18	38.690000	38.66	38.69
0128	0512	0064	20	02	31	16	34	0130	12	20.300000	20.29	20.30
0128	0512	0256	07	05	06	16	28	0597	32	30.060000	30.03	30.06
0128	0512	0512	04	26	24	24	24	0238	10	14.040000	14.03	14.04
0128	0512	0512	10	26	18	16	17	0119	25	21.280000	21.26	21.28
0128	0512	0512	22	02	15	24	15	0260	35	46.980000	46.94	46.98
0128	0512	1024	06	12	23	16	21	0373	18	19.210000	19.18	19.21
0128	0512	1024	06	13	19	12	37	0056	15	10.200000	10.20	10.19
0128	0512	1024	26	06	15	16	30	0030	02	3.590000	3.59	3.57
0128	1024	0032	24	18	29	20	18	0136	34	43.470000	43.44	43.47
0128	1024	0064	10	04	08	04	38	0363	20	12.600000	12.58	12.60
0128	1024	0064	16	22	30	12	36	0239	17	15.180000	15.16	15.18
0128	1024	0128	04	12	24	16	27	0684	26	46.700000	46.66	46.70
0128	1024	0128	06	07	27	20	31	0287	22	37.100000	37.06	37.10
0128	1024	0128	30	04	21	32	36	0275	22	36.810000	36.78	36.81
0128	1024	0256	04	23	28	08	05	0282	14	12.170000	12.15	12.17
0128	1024	0256	05	13	32	04	12	0308	31	10.060000	10.01	10.06
0128	1024	0256	26	06	15	28	30	0409	32	39.900000	39.86	39.90
0128	1024	0512	05	27	20	16	11	0579	28	22.250000	22.21	22.25
0128	1024	0512	07	25	25	24	08	0113	15	12.320000	12.32	12.30
0128	2048	0032	02	21	17	04	21	0370	13	11.480000	11.47	11.48
0128	2048	0032	28	11	25	16	06	0114	15	24.340000	24.33	24.34
0128	2048	0064	06	16	15	24	07	0048	23	22.980000	22.98	22.98
0128	2048	0064	09	15	13	12	34	0611	34	25.460000	25.42	25.46
0128	2048	0064	17	22	30	20	25	0476	26	28.810000	28.77	28.81
0128	2048	0128	05	02	10	08	10	0101	33	31.400000	31.37	31.40
0128	2048	0128	07	23	22	32	33	0166	22	20.080000	20.06	20.08
0128	2048	0128	20	04	07	28	18	0293	30	56.820000	56.78	56.82
0128	2048	0128	26	13	22	04	09	0098	26	15.530000	15.51	15.53
0128	2048	0256	06	02	08	16	24	0415	25	189.470000	189.43	189.47
0128	2048	0256	11	13	23	20	15	0130	31	23.400000	23.37	23.40
0128	2048	0256	19	24	26	04	19	0434	31	13.110000	13.09	13.11
0128	2048	0512	03	14	23	08	37	0969	34	45.840000	45.79	45.84
0128	2048	0512	06	32	30	08	05	0135	34	10.200000	10.20	10.20
0128	2048	0512	07	08	22	16	10	0438	32	42.930000	42.87	42.93
0128	2048	0512	08	27	12	08	13	0300	35	21.430000	21.39	21.43
0128	2048	0512	10	19	23	16	16	0437	30	18.430000	18.40	18.43
0128	2048	0512	30	07	34	32	33	0459	31	56.270000	56.20	56.27
0256	0064	0064	07	24	13	16	15	0277	27	13.810000	13.77	13.81
0256	0064	0128	32	03	23	24	22	0580	22	27.180000	27.16	27.18
0256	0064	0256	08	30	29	32	37	0291	29	15.410000	15.38	15.41
0256	0064	0256	12	18	11	24	05	0020	08	2.650000	2.65	2.65
0256	0064	0256	24	06	13	20	37	0408	26	19.210000	19.17	19.21
0256	0064	0512	09	08	17	24	16	0368	31	16.940000	16.91	16.94
0256	0064	0512	14	19	18	12	17	0059	24	3.120000	3.12	3.04
0256	0064	0512	20	04	09	20	30	0205	10	8.880000	8.87	8.88
0256	0064	0512	23	05	08	04	10	0274	27	3.070000	3.02	3.07
0256	0064	1024	17	09	32	32	07	0648	29	38.220000	38.18	38.22
0256	0064	1024	23	26	30	28	30	0098	27	15.760000	15.73	15.76
0256	0128	0032	16	02	06	12	04	0254	28	7.870000	7.85	7.87
0256	0128	0128	02	25	32	20	35	0621	33	25.830000	25.81	25.83
0256	0128	0128	04	15	28	24	31	0746	35	34.660000	34.60	34.66
0256	0128	0128	06	18	23	12	15	0435	22	18.840000	18.83	18.84
0256	0128	0128	13	31	34	08	27	0378	23	10.190000	10.13	10.19
0256	0128	0256	08	18	20	32	24	0154	25	9.950000	9.92	9.95
0256	0128	0256	16	06	22	12	25	0243	11	12.550000	12.53	12.55
0256	0128	0256	21	18	24	12	02	0265	35	inf		
0256	0128	0256	30	03	34	16	39	0347	24	21.190000	21.15	21.19
0256	0128	0256	32	13	30	28	31	0084	29	30.190000	30.18	30.19
0256	0128	0512	32	14	19	08	20	0069	16	11.740000	11.74	11.69
0256	0128	1024	12	19	35	04	13	0346	30	8.920000	8.92	8.92
0256	0128	1024	15	19	24	04	11	0560	33	10.200000	10.12	10.20
0256	0128	1024	26	23	32	28	33	0120	32	16.850000	16.81	16.85
0256	0128	1024	27	07	34	24	06	0412	19	20.000000	19.99	20.00
0256	0256	0064	09	14	07	12	15	0218	16	16.750000	16.75	16.75
0256	0256	0064	14	03	06	28	09	0308	18	27.550000	27.49	27.55
0256	0256	0064	31	05	26	08	10	0242	28	8.290000	8.26	8.29
0256	0256	0128	05	15	10	12	12	0336	27	17.980000	17.93	17.98
0256	0256	0128	07	21	26	16	31	0305	24	14.990000	14.93	14.99
0256	0256	0128	15	30	21	28	20	0078	16	25.710000	25.70	25.71
0256	0256	0128	27	04	31	16	36	0086	34	12.370000	12.33	12.37
0256	0256	0256	03	32	20	08	30	0175	32	4.100000	4.10	4.09
0256	0256	0256	04	11	20	28	01	0368	20	29.840000	29.84	29.84
0256	0256	0512	08	31	29	04	16	0060	29	4.060000	4.06	4.05
0256	0256	0512	16	08	32	16	35	0095	16	11.110000	11.07	11.11
0256	0256	0512	20	23	32	20	11	0014	13	26.060000	26.06	26.06
0256	0256	0512	27	06	09	32	08	0381	33	39.440000	39.44	39.44
0256	0256	1024	14	22	20	12	06	0155	29	13.330000	13.31	13.33
0256	0256	1024	23	02	25	16	02	0407	21	19.040000	19.04	19.03
0256	0512	0032	03	29	09	16	18	0513	32	23.500000	23.47	23.50
0256	0512	0032	25	23	26	28	01	0101	32	68.770000	68.75	68.77
0256	0512	0064	10	20	31	32	23	0261	21	31.300000	31.27	31.30
0256	0512	0128	03	24	17	28	08	0048	28	27.910000	27.89	27.91
0256	0512	0128	13	26	19	08	20	0314	30	16.130000	16.12	16.13
0256	0512	0256	02	30	09	24	17	0038	27	10.930000	10.93	10.93
0256	0512	0512	10	20	26	24	29	0058	04	6.850000	6.85	6.84
0256	0512	0512	19	07	30	32	30	0116	08	155.400000	155.38	155.40
0256	0512	1024	24	29	27	32	11	0032	27	58.450000	58.45	58.45
0256	1024	0032	04	06	03	12	06	0279	19	22.190000	22.16	22.19
0256	1024	0032	12	17	33	28	12	0304	21	24.530000	24.50	24.53
0256	1024	0032	15	17	24	12	11	0319	23	14.200000	14.18	14.20
0256	1024	0064	04	10	31	12	30	0268	12	35.060000	35.05	35.06
0256	1024	0064	15	18	34	20	18	0655	34	34.960000	34.91	34.96
0256	1024	0064	29	02	09	24	06	0213	09	47.930000	47.92	47.93
0256	1024	0064	31	04	27	32	13	0285	20	58.710000	58.67	58.71
0256	1024	0064	31	07	24	32	20	0283	16	44.160000	44.13	44.16
0256	1024	0128	10	13	18	08	07	0141	09	4.190000	4.19	4.18
0256	1024	0256	23	24	33	28	07	0032	25	75.170000	75.17	75.17
0256	1024	0512	07	16	25	20	04	0668	32	42.160000	42.12	42.16
0256	1024	0512	32	05	28	12	33	0353	21	30.450000	30.42	30.45
0256	1024	1024	13	07	07	28	29	0200	25	52.520000	52.48	52.52
0256	1024	1024	18	13	16	28	37	0106	11	30.790000	30.79	30.78
0256	2048	0032	03	26	13	04	35	0215	23	7.920000	7.90	7.92
0256	2048	0032	05	16	23	20	17	0312	14	34.420000	34.40	34.42
0256	2048	0032	07	13	19	12	22	0765	31	45.370000	45.32	45.37
0256	2048	0064	05	14	16	20	07	0352	29	29.360000	29.36	29.35
0256	2048	0256	04	23	35	32	34	0063	13	15.400000	15.40	15.40
0256	2048	0256	14	04	16	20	36	0550	34	156.030000	156.00	156.03
0256	2048	0512	11	22	35	16	30	0348	31	18.410000	18.37	18.41
0256	2048	0512	14	06	33	16	18	0207	31	38.530000	38.48	38.53
0256	2048	0512	25	12	18	12	05	0164	18	29.680000	29.65	29.68
0256	2048	0512	27	15	32	24	01	0338	26	39.150000	39.12	39.15
0256	2048	1024	10	12	24	04	21	0235	29	10.590000	10.55	10.59
0256	2048	1024	19	21	27	12	14	0110	24	43.490000	43.45	43.49
0256	2048	1024	23	15	20	08	06	0004	02	14.010000	14.01	13.97
0512	0064	0032	06	14	18	20	39	0466	21	29.700000	29.66	29.70
0512	0064	0032	18	27	33	24	20	0084	20	13.140000	13.14	13.12
0512	0064	0064	06	20	17	16	01	0299	25	10.850000	10.82	10.85
0512	0064	0064	22	28	27	24	10	0058	23	12.340000	12.34	12.34
0512	0064	0064	29	11	22	28	23	0016	02	8.960000	8.95	8.96
0512	0064	0064	31	13	18	12	07	0097	26	9.700000	9.68	9.70
0512	0064	0128	07	15	06	04	29	0045	35	3.210000	3.11	3.21
0512	0064	0128	07	31	20	28	13	0246	29	16.320000	16.30	16.32
0512	0064	0128	23	04	13	08	05	0069	27	6.190000	6.19	6.19
0512	0064	0128	31	13	24	24	07	0395	35	23.580000	23.51	23.58
0512	0064	0512	04	10	26	20	24	0510	32	21.090000	21.09	21.09
0512	0064	1024	26	04	23	04	05	0132	11	3.770000	3.75	3.77
0512	0128	0064	20	15	34	12	20	0153	25	9.410000	9.38	9.41
0512	0128	0128	07	29	20	20	17	0222	18	14.400000	14.37	14.40
0512	0128	0128	15	17	32	16	18	0458	27	17.970000	17.95	17.97
0512	0128	0256	08	15	34	12	32	0236	11	12.060000	12.04	12.06
0512	0128	0256	14	05	17	04	15	0452	33	8.540000	8.52	8.54
0512	0128	0256	21	23	27	04	03	0084	18	9.210000	9.21	9.20
0512	0128	0256	32	02	12	08	40	0011	11	11.780000	11.77	11.78
0512	0128	0512	04	08	19	24	28	0315	13	20.540000	20.53	20.54
0512	0128	0512	11	25	12	04	08	0096	35	10.220000	10.21	10.22
0512	0128	1024	13	13	25	12	34	0090	21	8.600000	8.57	8.60
0512	0128	1024	17	17	27	12	30	0218	31	inf		
0512	0128	1024	19	12	21	08	10	0356	22	11.660000	11.65	11.66
0512	0128	1024	21	06	26	08	26	0169	08	7.420000	7.41	7.42
0512	0256	0032	11	07	20	28	21	0201	33	22.940000	22.90	22.94
0512	0256	0064	04	32	31	24	17	0163	34	12.560000	12.56	12.56
0512	0256	0064	10	20	27	08	34	0617	26	19.340000	19.30	19.34
0512	0256	0128	05	19	22	20	04	0157	27	8.850000	8.85	8.85
0512	0256	0128	09	09	24	04	17	0540	24	11.400000	11.37	11.40
0512	0256	0128	09	20	26	20	31	0570	29	29.090000	29.08	29.09
0512	0256	0128	10	09	33	32	30	0884	34	62.930000	62.90	62.93
0512	0256	0128	20	03	11	28	27	0090	28	34.970000	34.97	34.97
0512	0256	0256	02	17	15	04	22	0242	29	8.570000	8.54	8.57
0512	0256	0256	05	32	35	28	03	0353	29	36.750000	36.70	36.75
0512	0256	0256	07	13	31	16	06	0883	31	34.590000	34.56	34.59
0512	0256	0256	10	17	24	16	30	0139	13	13.370000	13.33	13.37
0512	0256	0256	25	09	33	28	33	0109	07	11.750000	11.75	11.75
0512	0256	0512	04	18	06	04	27	0499	35	10.390000	10.35	10.39
0512	0256	0512	22	04	30	16	27	0713	33	27.910000	27.87	27.91
0512	0256	1024	31	03	26	16	21	0288	16	16.680000	16.66	16.68
0512	0512	0032	17	08	33	12	31	0099	14	8.840000	8.80	8.84
0512	0512	0064	15	03	06	24	08	0126	35	81.940000	81.90	81.94
0512	0512	0064	18	23	33	32	18	0112	24	51.530000	51.51	51.53
0512	0512	0064	22	30	29	04	35	0115	28	17.310000	17.27	17.31
0512	0512	0128	21	28	22	16	28	0083	18	31.560000	31.55	31.56
0512	0512	0256	06	08	22	28	40	0328	22	76.870000	76.85	76.87
0512	0512	0256	18	02	04	20	10	0216	35	72.630000	72.55	72.63
0512	0512	0256	24	17	23	08	21	0065	17	23.230000	23.21	23.23
0512	0512	0512	14	04	22	24	35	0570	22	44.220000	44.19	44.22
0512	0512	0512	17	14	30	08	06	0536	29	19.990000	19.93	19.99
0512	0512	1024	05	09	27	32	30	0208	27	46.410000	46.36	46.41
0512	0512	1024	06	09	12	20	35	0370	29	32.600000	32.58	32.60
0512	1024	0064	23	13	30	12	33	0441	31	21.390000	21.37	21.39
0512	1024	0128	29	17	35	04	38	0139	22	17.390000	17.39	17.38
0512	1024	0256	02	22	31	32	14	0582	33	148.500000	148.45	148.50
0512	1024	0256	10	06	29	04	03	0119	21	7.660000	7.64	7.66
0512	1024	0512	11	21	14	08	28	0270	34	24.140000	24.14	22.17
0512	1024	0512	23	15	31	08	09	0041	07	12.020000	12.01	12.02
0512	1024	0512	28	03	15	16	33	0857	34	162.760000	162.70	162.76
0512	1024	1024	15	02	09	08	21	0634	32	188.510000	188.47	188.51
0512	2048	0064	04	25	34	32	24	0326	29	53.300000	53.29	53.30
0512	2048	0064	15	24	30	12	06	0454	34	22.070000	22.03	22.07
0512	2048	0128	13	20	27	32	16	0396	19	44.000000	43.97	44.00
0512	2048	0256	09	17	21	28	15	0107	23	45.680000	45.65	45.68
0512	2048	0256	23	15	35	28	06	0112	25	90.410000	90.40	90.41
0512	2048	0256	27	12	16	04	06	0098	33	29.120000	29.10	29.12
0512	2048	0512	26	21	34	28	30	0184	26	108.190000	108.17	108.19
0512	2048	1024	06	15	34	12	14	0740	29	104.200000	104.16	104.20
0512	2048	1024	19	02	35	16	25	0179	20	372.370000	372.33	372.37
0512	2048	1024	22	06	17	28	33	0490	35	108.440000	108.41	108.44
0512	2048	1024	30	14	31	32	35	0453	30	76.300000	76.25	76.30
1024	0064	0032	15	02	11	04	10	0764	31	13.150000	13.11	13.15
1024	0064	0032	24	09	22	32	08	0072	32	16.390000	16.39	16.38
1024	0064	0032	31	07	16	32	29	0488	28	30.890000	30.83	30.89
1024	0064	0064	07	15	25	12	26	0348	14	inf		
1024	0064	0064	09	05	33	04	38	0593	33	10.320000	10.32	10.32
1024	0064	0064	21	06	17	08	01	0458	29	15.640000	15.60	15.64
1024	0064	0128	24	26	32	28	27	0167	17	20.120000	20.11	20.12
1024	0064	0256	08	05	04	08	33	0076	08	5.740000	5.74	5.74
1024	0064	0256	20	02	31	32	17	0081	16	12.450000	12.45	12.45
1024	0064	0512	04	20	35	32	10	0665	32	45.760000	45.74	45.76
1024	0064	0512	09	06	15	12	31	0112	31	10.440000	10.42	10.44
1024	0064	0512	27	22	34	24	19	0085	25	13.170000	13.17	13.17
1024	0064	1024	28	27	34	24	24	0145	22	16.990000	16.94	16.99
1024	0128	0032	08	18	14	16	27	0185	34	22.520000	22.48	22.52
1024	0128	0064	02	07	02	12	34	0327	23	12.090000	12.06	12.09
1024	0128	0064	14	05	10	12	26	0278	16	17.310000	17.29	17.31
1024	0128	0064	15	08	12	16	17	0297	20	20.250000	20.22	20.25
1024	0128	0128	04	12	20	08	11	0732	35	19.450000	19.41	19.45
1024	0128	0128	11	05	20	12	19	0560	23	22.760000	22.74	22.76
1024	0128	0256	08	08	23	20	02	0038	22	15.110000	15.11	15.08
1024	0128	0256	12	19	18	04	26	0178	11	6.740000	6.70	6.74
1024	0128	0512	11	11	20	32	35	0070	17	20.830000	20.81	20.83
1024	0128	0512	15	05	34	16	31	0091	18	10.410000	10.40	10.41
1024	0128	0512	19	16	30	04	21	0478	23	11.090000	11.05	11.09
1024	0128	0512	23	08	31	12	04	0754	29	31.800000	31.78	31.80
1024	0128	0512	26	07	17	12	19	0156	13	14.570000	14.57	14.56
1024	0128	1024	17	14	28	08	01	0309	27	17.320000	17.29	17.32
1024	0128	1024	29	02	31	16	27	0462	35	23.480000	23.45	23.48
1024	0256	0032	03	26	06	24	07	0437	35	33.790000	33.74	33.79
1024	0256	0064	14	07	31	12	25	0230	30	13.950000	13.91	13.95
1024	0256	0064	19	06	32	16	39	0476	20	27.330000	27.31	27.33
1024	0256	0128	03	21	11	32	39	0171	09	23.560000	23.56	23.56
1024	0256	0128	28	02	34	28	05	0252	28	161.560000	161.52	161.56
1024	0256	0256	03	17	14	08	08	0282	24	11.870000	11.86	11.87
1024	0256	0256	06	09	20	12	27	0725	33	24.530000	24.51	24.53
1024	0256	0256	09	32	17	12	08	0046	13	15.960000	15.96	15.96
1024	0256	0512	20	03	33	16	25	0974	34	46.600000	46.58	46.60
1024	0256	0512	23	13	29	16	31	0456	23	27.000000	26.95	27.00
1024	0256	1024	07	04	20	24	10	0460	30	30.330000	30.32	30.33
1024	0256	1024	09	07	12	24	28	0286	32	25.490000	25.49	25.49
1024	0256	1024	09	15	35	12	02	0027	10	14.210000	14.21	14.19
1024	0256	1024	18	04	17	12	31	0451	18	21.250000	21.24	21.25
1024	0512	0032	02	24	30	04	10	0250	31	11.090000	11.07	11.09
1024	0512	0032	03	22	27	32	22	0103	30	16.630000	16.60	16.63
1024	0512	0032	07	04	07	04	33	0634	34	17.690000	17.64	17.69
1024	0512	0032	16	03	28	20	02	0411	32	298.370000	298.34	298.37
1024	0512	0064	05	31	15	28	15	0161	09	17.900000	17.90	17.89
1024	0512	0064	09	14	27	12	33	0297	20	24.040000	24.01	24.04
1024	0512	0064	13	02	11	28	15	0207	22	228.490000	228.47	228.49
1024	0512	0064	20	04	33	16	33	0605	32	29.480000	29.47	29.48
1024	0512	0064	21	04	30	16	05	0240	13	64.390000	64.39	64.39
1024	0512	0064	28	11	15	28	17	0037	28	159.210000	159.21	159.21
1024	0512	0128	03	30	32	12	02	0071	24	8.730000	8.73	8.69
1024	0512	0256	02	24	07	16	25	0065	25	9.550000	9.55	9.55
1024	0512	0256	10	06	21	04	06	0124	32	7.580000	7.56	7.58
1024	0512	0512	23	25	30	24	05	0117	26	83.740000	83.74	83.74
1024	0512	0512	31	03	10	08	16	0016	15	17.070000	17.05	17.07
1024	0512	1024	05	11	32	28	05	1044	35	60.820000	60.78	60.82
1024	0512	1024	27	06	14	32	29	0243	21	61.840000	61.77	61.84
1024	1024	0032	03	10	15	28	15	0810	34	439.080000	439.05	439.08
1024	1024	0032	03	28	27	32	25	0262	30	42.600000	42.60	42.60
1024	1024	0032	29	09	29	12	08	0267	23	20.550000	20.53	20.55
1024	1024	0032	31	02	27	12	33	0408	29	396.390000	396.36	396.39
1024	1024	0032	32	10	27	20	02	0286	18	43.280000	43.26	43.28
1024	1024	0128	26	26	30	08	40	0005	01	19.100000	19.10	19.06
1024	1024	0128	30	08	19	12	01	0064	04	16.220000	16.22	16.22
1024	1024	0256	09	15	24	20	24	0047	12	19.220000	19.22	19.19
1024	1024	0256	16	05	04	24	22	0042	19	49.670000	49.66	49.67
1024	1024	0256	28	08	15	24	02	0028	11	56.140000	56.14	54.12
1024	1024	0512	12	29	35	12	15	0204	24	19.950000	19.95	19.93
1024	1024	0512	14	04	29	04	05	0461	16	84.600000	84.58	84.60
1024	1024	0512	18	06	10	08	19	0472	25	32.400000	32.37	32.40
1024	1024	1024	03	25	12	24	08	0305	20	24.080000	24.07	24.08
1024	1024	1024	07	25	21	28	23	0169	21	20.740000	20.74	20.74
1024	1024	1024	25	02	33	28	16	0742	30	inf		
1024	2048	0064	13	32	20	24	11	0132	33	100.140000	100.12	100.14
1024	2048	0064	15	05	34	24	25	0247	27	327.130000	327.06	327.13
1024	2048	0064	31	06	30	20	40	0183	08	65.480000	65.45	65.48
1024	2048	0128	08	20	31	32	34	0248	16	56.520000	56.50	56.52
1024	2048	0256	02	19	15	28	20	0335	23	132.000000	131.96	132.00
1024	2048	0256	05	20	21	16	39	0560	29	79.970000	79.93	79.97
1024	2048	0512	03	24	35	08	16	0523	34	73.760000	73.72	73.76
1024	2048	0512	06	27	24	24	12	0275	13	37.810000	37.81	37.78
1024	2048	0512	10	04	35	16	39	0908	35	inf		
1024	2048	0512	28	12	26	32	16	0311	25	86.670000	86.66	86.67
1024	2048	1024	02	27	26	28	07	0422	29	163.310000	163.28	163.31
1024	2048	1024	02	27	29	24	35	0305	21	106.950000	106.90	106.95
1024	2048	1024	14	17	19	24	24	0166	30	66.750000	66.59	66.75
2048	0064	0032	02	30	24	24	19	0853	32	43.860000	43.83	43.86
2048	0064	0032	06	05	22	20	18	0474	29	23.040000	23.04	23.02
2048	0064	0032	19	02	03	28	09	0513	30	38.170000	38.13	38.17
2048	0064	0064	04	22	35	24	29	0103	13	22.980000	22.97	22.98
2048	0064	0064	10	14	30	24	40	0503	29	34.840000	34.79	34.84
2048	0064	0064	11	10	26	24	03	0244	21	26.640000	26.59	26.64
2048	0064	0256	11	03	29	32	20	0146	26	10.820000	10.82	10.81
2048	0064	1024	07	07	09	28	20	0216	33	22.800000	22.76	22.80
2048	0128	0032	05	04	14	16	09	0045	23	17.280000	17.27	17.28
2048	0128	0032	14	02	13	24	18	0448	27	29.210000	29.18	29.21
2048	0128	0032	18	02	27	20	16	0342	30	10.440000	10.44	10.44
2048	0128	0032	22	05	12	20	12	0290	30	16.850000	16.82	16.85
2048	0128	0064	02	32	23	24	26	0151	14	20.060000	20.06	20.05
2048	0128	0064	13	09	24	12	14	0397	20	22.600000	22.57	22.60
2048	0128	0128	09	29	22	28	39	0234	26	34.660000	34.57	34.66
2048	0128	0256	06	16	25	08	13	0334	28	13.100000	13.06	13.10
2048	0128	0256	06	24	11	24	14	0137	21	29.000000	29.00	27.60
2048	0128	0256	08	29	17	20	38	0366	34	26.410000	26.38	26.41
2048	0128	0256	15	05	32	28	21	0446	23	39.130000	39.12	39.13
2048	0128	0256	17	02	20	16	16	0055	07	23.620000	23.61	23.62
2048	0128	1024	03	30	34	16	28	0308	31	11.330000	11.32	11.33
2048	0128	1024	04	13	31	08	06	0283	25	8.610000	8.61	8.60
2048	0128	1024	08	30	33	32	27	0202	16	43.110000	43.07	43.11
2048	0256	0032	13	09	29	28	29	0190	28	35.180000	35.16	35.18
2048	0256	0032	22	07	17	20	06	0116	09	20.840000	20.83	20.84
2048	0256	0064	10	20	31	24	26	0318	27	30.250000	30.21	30.25
2048	0256	0064	13	09	33	24	27	0066	06	19.980000	19.98	19.98
2048	0256	0064	17	15	25	20	05	0118	35	66.440000	66.43	66.44
2048	0256	0064	28	19	34	12	20	0101	16	34.290000	34.29	34.26
2048	0256	0064	29	04	22	20	20	0461	22	33.440000	33.41	33.44
2048	0256	0128	03	08	10	24	13	0488	27	34.460000	34.41	34.46
2048	0256	0128	04	27	17	04	10	0093	22	8.950000	8.95	8.95
2048	0256	0128	17	17	31	28	40	0395	22	inf		
2048	0256	0256	09	26	25	32	23	0533	27	50.400000	50.37	50.40
2048	0256	0256	26	02	33	20	35	0874	33	45.640000	45.63	45.64
2048	0256	0256	28	13	22	08	13	0077	14	23.220000	23.22	23.22
2048	0256	0512	07	07	32	04	40	0327	24	10.610000	10.61	10.60
2048	0256	1024	19	03	20	08	06	0168	35	41.220000	41.17	41.22
2048	0256	1024	30	13	35	28	03	0061	11	60.490000	60.49	60.49
2048	0512	0032	05	15	06	24	33	0028	27	27.310000	27.31	27.31
2048	0512	0032	27	05	27	12	20	0550	30	32.200000	32.16	32.20
2048	0512	0064	07	02	12	12	20	0160	17	242.990000	242.94	242.99
2048	0512	0128	02	24	32	20	25	0701	28	39.010000	39.01	39.01
2048	0512	0128	12	14	08	28	16	0098	17	55.350000	55.35	55.35
2048	0512	0128	14	02	15	28	19	0419	15	inf		
2048	0512	0128	14	12	24	20	25	0196	13	29.750000	29.74	29.75
2048	0512	0128	16	10	28	28	04	0448	19	93.620000	93.59	93.62
2048	0512	0256	18	18	19	04	11	0049	30	19.540000	19.50	19.54
2048	0512	0256	26	06	28	08	20	0105	18	12.850000	12.84	12.85
2048	0512	0512	15	12	32	04	19	0538	32	20.390000	20.34	20.39
2048	0512	1024	02	27	24	08	13	0502	26	19.690000	19.66	19.69
2048	0512	1024	02	30	29	28	03	0032	19	20.690000	20.69	20.69
2048	0512	1024	07	30	25	04	37	0359	22	125.020000	124.99	125.02
2048	0512	1024	23	10	10	20	12	0241	27	90.840000	90.81	90.84
2048	0512	1024	32	03	33	28	19	0398	17	490.730000	490.73	490.71
2048	1024	0032	03	30	11	20	01	0088	34	25.000000	24.95	25.00
2048	1024	0032	08	19	26	08	21	0229	20	14.660000	14.65	14.66
2048	1024	0032	25	07	14	04	21	0184	21	19.860000	19.81	19.86
2048	1024	0064	08	19	30	32	30	0209	12	59.190000	59.18	59.19
2048	1024	0064	18	02	31	28	35	0318	29	inf		
2048	1024	0128	13	23	28	20	36	0511	34	62.940000	62.89	62.94
2048	1024	0256	16	29	33	16	18	0307	24	30.240000	30.21	30.24
2048	1024	1024	14	08	16	12	37	0327	31	56.820000	56.81	56.82
2048	2048	0064	06	15	29	12	12	0275	10	95.060000	95.05	95.06
2048	2048	0064	14	10	08	12	40	0170	17	35.880000	35.85	35.88
2048	2048	0064	25	02	15	28	33	0763	33	inf		
2048	2048	0128	07	09	10	08	11	0265	33	58.420000	58.41	58.42
2048	2048	0128	10	21	26	12	14	0477	33	56.390000	56.36	56.39
2048	2048	0128	18	21	31	12	26	0221	15	inf		
2048	2048	0128	24	03	07	08	13	0355	30	181.800000	181.78	181.80
2048	2048	0256	14	22	18	20	14	0193	26	65.300000	65.27	65.30
2048	2048	0512	03	14	29	20	11	0320	15	413.710000	413.48	413.71
2048	2048	0512	05	27	06	28	21	0076	16	38.000000	38.00	38.00
2048	2048	0512	07	26	34	08	34	0581	30	56.280000	56.25	56.28
2048	2048	0512	08	10	10	08	40	0343	27	60.210000	60.18	60.21
2048	2048	1024	13	05	18	04	05	0377	17	114.170000	114.15	114.17
