82	32	4
368	22	12
150	35	24
394	14	28
179	26	32
463	27	4
318	25	24
34	19	12
206	21	28
406	34	8
133	32	12
291	22	16
103	24	12
425	28	8
701	34	4
263	26	32
107	10	32
519	25	4
149	15	16
219	15	24
89	17	28
455	30	20
601	33	12
153	31	12
372	15	16
371	28	20
121	7	12
38	30	12
191	35	32
464	32	24
115	13	4
74	16	8
259	22	8
272	16	8
371	33	16
344	14	32
794	34	4
397	33	24
42	24	32
309	16	4
236	19	28
217	16	4
313	32	12
41	31	32
88	26	32
281	20	8
741	34	12
341	16	24
45	17	16
213	18	16
628	31	4
263	23	28
17	6	12
123	5	16
440	27	24
234	20	4
61	16	4
175	15	24
241	31	20
137	29	28
430	18	12
282	13	16
202	35	4
56	34	32
277	18	32
102	7	20
544	28	28
57	24	32
18	3	8
138	30	32
30	28	28
229	29	20
245	35	4
64	20	28
90	6	28
534	26	16
518	31	12
418	20	16
71	16	8
418	31	24
169	8	20
512	29	16
136	10	8
159	31	16
810	35	20
529	32	24
151	32	8
115	5	20
76	31	12
61	17	24
144	6	28
26	17	32
41	6	20
612	31	16
571	33	32
608	21	24
584	26	4
287	19	12
57	24	12
14	1	16
34	7	32
326	16	32
660	35	32
231	26	32
33	3	4
76	7	32
299	32	16
458	33	28
434	30	16
676	31	4
744	26	12
582	24	4
427	18	20
352	33	12
722	31	32
160	21	8
461	29	28
232	22	4
62	34	28
162	14	16
541	25	28
382	31	32
72	6	28
62	23	12
434	15	32
142	26	32
113	14	8
179	33	20
564	31	20
694	30	8
366	33	20
165	16	32
499	28	32
299	34	12
139	20	12
343	21	20
650	27	4
280	25	12
493	21	28
395	32	16
59	30	24
57	19	32
81	29	32
203	22	16
191	33	28
59	33	8
82	25	28
149	24	16
436	24	20
243	33	24
294	27	24
26	19	28
713	33	32
78	34	12
801	31	12
236	16	16
42	27	12
144	12	24
130	6	16
247	19	24
91	24	24
539	31	16
456	29	28
270	28	20
103	33	12
299	27	32
273	22	4
680	28	16
46	20	16
577	29	16
119	17	4
335	17	16
502	20	12
24	16	20
149	25	8
245	33	12
911	35	12
23	14	12
244	12	16
128	25	12
42	15	16
528	21	4
333	29	12
56	5	20
156	24	16
267	13	16
432	21	32
782	32	4
225	15	28
307	24	32
415	29	12
222	25	8
524	24	8
187	14	4
705	32	32
42	29	16
305	26	24
328	24	32
104	15	24
462	32	8
102	21	20
273	17	28
496	27	4
542	24	24
307	22	4
19	12	20
29	15	24
122	25	32
239	20	28
77	18	12
73	3	28
18	14	24
215	23	4
289	26	16
108	10	4
53	25	32
325	19	16
41	25	24
324	15	8
301	33	4
299	22	16
783	27	28
180	33	12
359	24	12
279	33	28
500	28	4
853	35	16
177	33	4
651	34	16
198	8	24
102	11	32
206	23	24
437	35	32
630	29	24
270	30	32
118	20	32
468	32	16
84	35	12
2	1	32
225	26	12
706	32	28
277	20	28
310	23	28
165	26	28
202	18	20
202	12	12
28	19	28
625	23	4
472	34	32
320	13	32
466	27	32
231	21	4
339	12	20
36	12	4
332	15	24
23	5	32
313	25	28
136	16	28
471	33	8
237	14	32
174	9	28
44	9	24
300	35	20
561	33	20
211	29	32
359	22	28
729	29	24
66	9	24
282	10	16
127	32	28
317	28	32
349	24	12
62	31	16
294	31	24
245	21	24
189	33	8
82	9	12
155	34	32
106	20	4
34	12	28
57	24	28
178	20	24
282	30	4
77	7	12
81	28	12
39	25	24
372	25	32
190	15	16
387	33	4
293	18	4
38	3	4
151	28	24
323	25	20
238	34	32
417	34	24
189	17	28
33	32	4
320	30	32
550	33	28
371	29	20
487	32	4
362	16	32
112	16	28
220	26	8
269	24	24
382	33	32
432	29	32
57	15	16
86	8	20
460	19	12
87	31	24
302	30	28
696	25	32
45	23	8
209	17	32
128	34	28
184	25	12
187	11	4
252	16	24
612	30	32
380	27	16
175	11	24
304	15	12
340	23	16
278	32	12
48	30	28
51	27	24
16	11	28
322	31	8
165	15	8
382	34	12
497	22	32
24	13	20
143	31	32
186	21	4
708	35	4
75	32	12
566	22	8
443	19	4
576	29	12
41	5	24
263	35	20
595	26	8
403	27	12
58	10	8
97	15	32
639	28	16
297	35	28
191	31	32
182	24	32
116	35	8
160	25	32
25	18	24
212	30	4
137	23	12
117	30	16
39	17	32
635	35	8
262	28	8
27	26	32
139	11	4
204	30	20
686	29	16
206	23	28
353	22	16
383	22	16
179	25	12
94	13	16
344	16	12
667	30	28
665	31	12
253	29	12
451	24	28
124	16	24
175	28	12
107	7	8
305	15	4
196	35	8
790	34	16
540	27	24
391	34	16
734	29	24
722	29	16
175	31	4
752	33	24
612	32	28
97	19	28
127	8	24
77	11	16
76	21	20
376	22	24
511	19	24
329	20	16
74	11	20
258	15	16
548	35	12
362	31	20
373	23	4
185	34	28
357	30	20
401	26	16
256	21	4
317	33	32
384	26	20
695	30	12
66	34	24
181	14	28
560	30	8
635	33	8
406	25	4
351	24	12
223	18	28
818	32	24
297	15	8
126	35	4
105	14	12
542	28	24
155	14	16
44	3	8
284	16	4
594	31	32
296	33	16
397	25	16
136	20	32
127	13	24
163	27	20
293	35	4
291	26	8
76	19	24
26	16	20
88	19	24
74	15	20
252	35	32
473	19	4
91	16	20
316	32	4
145	34	24
400	25	16
212	19	12
136	25	12
349	32	12
473	17	24
233	22	12
77	20	32
94	7	16
75	19	8
339	27	12
354	34	8
132	34	4
835	30	32
393	23	12
380	34	28
474	25	20
423	17	20
165	8	16
205	10	16
98	28	8
201	30	24
921	32	8
138	33	4
92	20	24
170	16	20
211	21	28
37	6	8
12	10	16
198	19	20
156	34	12
319	16	12
703	25	12
280	18	8
375	22	28
218	18	16
60	12	24
75	20	16
988	35	24
552	25	20
156	34	8
79	35	12
235	29	28
444	29	24
147	19	32
254	35	8
13	10	16
551	24	28
188	8	8
647	27	24
969	35	12
93	27	24
653	29	8
38	7	20
718	24	4
146	14	8
366	35	24
205	19	32
161	7	28
270	16	8
488	23	16
293	19	8
246	26	8
421	23	28
72	12	24
467	35	24
685	34	4
421	15	20
83	19	28
459	22	20
492	27	28
72	33	4
97	26	24
610	35	8
78	7	24
132	35	8
387	19	16
194	17	20
494	31	12
235	27	16
150	32	20
496	34	8
302	18	12
126	32	24
135	26	24
93	24	4
459	33	32
367	24	28
126	35	8
84	34	20
88	5	8
537	19	8
603	35	24
450	29	32
717	33	28
69	3	16
113	24	12
656	29	12
150	28	28
219	21	16
212	17	16
59	34	24
713	34	8
453	21	8
519	34	20
734	34	16
238	17	28
339	13	8
238	19	8
38	32	12
612	35	8
315	26	28
26	10	4
154	12	24
441	26	8
928	35	24
149	8	32
533	30	32
124	32	16
175	27	8
63	33	4
5	3	4
144	8	16
178	32	20
407	31	20
578	29	32
380	33	8
106	11	20
539	33	8
261	30	16
249	32	24
67	35	16
369	29	24
311	33	24
182	16	4
46	24	16
41	10	16
40	9	20
390	15	24
477	30	24
70	13	20
96	9	12
65	28	24
176	33	24
70	35	28
231	28	8
279	20	12
278	30	24
377	32	12
404	33	12
85	29	8
77	4	4
45	25	12
60	9	16
289	19	28
530	30	4
708	33	12
43	18	24
108	13	12
199	14	24
501	30	4
810	31	12
334	35	32
126	7	24
62	19	4
221	22	12
664	34	28
327	29	4
114	10	28
14	9	12
45	23	4
250	35	24
479	34	24
321	13	28
100	24	20
98	12	32
224	18	16
60	18	24
588	24	12
379	26	20
216	20	32
226	25	28
472	33	20
305	29	16
44	17	16
632	34	24
298	33	8
385	28	24
403	25	4
218	25	8
651	22	4
399	35	32
331	25	12
450	19	16
431	25	4
334	18	28
519	26	8
27	21	8
695	27	4
214	30	8
81	4	4
180	26	32
14	2	20
161	12	8
459	33	12
322	25	12
217	11	28
397	29	8
112	31	28
161	17	8
494	32	32
626	25	28
186	24	16
228	35	4
123	24	32
173	12	12
460	31	20
565	22	24
579	30	32
633	32	12
181	17	4
470	21	32
388	32	20
152	24	28
489	25	8
212	26	8
72	3	24
716	30	16
25	6	8
73	32	28
485	24	20
422	21	24
138	9	12
115	18	32
291	13	12
337	20	20
237	27	32
242	22	4
657	29	12
481	30	20
600	26	4
217	34	28
684	30	28
220	20	20
75	18	28
46	31	20
97	19	32
195	16	28
143	11	8
424	33	28
813	35	16
43	21	12
561	31	20
90	14	32
209	21	4
63	32	28
498	34	28
738	31	28
169	33	20
59	18	20
634	28	8
389	16	28
132	30	16
239	22	24
172	34	4
496	22	32
81	34	12
161	35	8
55	35	28
164	33	28
720	33	4
322	26	4
226	28	32
152	33	24
226	33	16
113	8	32
48	30	24
210	22	28
174	16	16
336	32	24
546	24	24
39	7	4
265	33	8
481	32	8
91	13	4
114	9	4
568	26	16
241	28	24
857	30	24
93	9	32
201	31	4
52	4	8
261	13	12
66	32	12
238	34	24
533	33	28
220	23	16
347	15	32
372	29	4
23	15	28
96	20	32
178	19	12
448	18	32
835	31	20
58	34	24
144	32	28
605	27	12
222	10	32
14	3	28
24	13	12
332	14	12
539	35	12
747	32	32
118	33	28
94	25	24
164	15	12
91	30	28
259	27	20
122	23	28
1034	35	16
330	32	20
71	23	12
253	28	4
150	7	16
283	29	12
321	15	28
93	11	4
429	33	4
92	12	28
421	27	16
78	24	24
59	28	28
146	16	16
717	35	28
341	21	16
232	12	28
243	27	32
247	14	8
68	29	16
166	32	4
292	14	8
231	11	4
367	31	20
440	32	16
735	34	24
20	13	20
147	28	20
147	25	20
276	34	4
540	26	4
73	28	20
136	26	20
464	23	24
747	35	32
292	25	32
763	27	20
209	30	16
423	28	12
524	22	8
135	30	12
151	14	12
45	24	12
67	31	8
435	18	8
620	33	32
595	34	8
453	31	20
525	27	12
310	28	16
436	21	8
147	32	24
35	32	12
66	23	20
108	14	4
585	24	24
348	21	8
445	25	12
36	13	16
385	28	12
58	5	20
569	34	24
146	22	20
110	34	4
455	32	28
93	11	16
697	32	16
100	23	20
427	17	20
506	30	32
78	7	32
327	27	4
132	20	12
427	32	16
194	21	32
929	33	8
33	23	32
244	34	16
120	10	28
132	24	12
416	29	12
30	27	32
839	30	16
808	33	4
222	29	16
216	10	28
573	33	16
869	31	20
9	1	24
539	20	32
116	31	8
949	33	20
473	35	24
22	9	16
615	33	16
454	25	24
498	32	20
172	20	12
109	12	8
17	1	28
665	33	20
298	31	4
273	23	12
115	10	24
631	27	24
490	24	24
134	19	16
109	29	12
32	28	8
167	25	4
162	15	12
300	30	32
151	24	8
71	25	32
605	29	32
156	13	16
151	16	20
51	19	4
626	27	12
43	33	16
31	23	8
26	26	12
139	31	8
148	32	20
570	26	24
84	12	12
282	18	12
24	23	4
500	24	4
310	27	32
122	30	32
194	32	32
123	27	28
605	22	32
55	35	20
313	21	28
697	33	16
269	29	12
94	19	28
636	29	28
37	18	16
266	26	16
36	25	24
170	20	12
449	28	28
96	21	20
69	12	8
347	35	4
206	29	24
33	8	16
304	16	8
228	31	16
709	34	16
70	12	12
131	33	28
154	12	16
456	27	20
379	25	8
319	20	28
41	12	16
161	28	20
503	18	8
386	23	24
66	33	20
838	35	4
314	27	20
88	10	20
109	18	16
236	34	24
626	35	20
149	17	8
223	14	4
103	9	4
26	4	20
51	20	4
215	23	16
282	20	4
886	35	8
151	13	32
219	33	4
337	16	8
120	18	16
413	24	20
111	11	28
224	16	4
273	25	4
264	35	12
433	34	4
261	25	32
285	27	16
161	11	20
122	27	16
185	11	12
17	6	20
125	24	24
654	25	12
250	15	32
709	31	8
107	13	28
470	24	24
79	18	32
53	32	8
38	32	16
309	26	24
451	34	20
315	33	12
229	27	20
240	17	24
399	18	4
719	28	28
92	20	16
229	9	12
238	10	32
550	27	28
19	3	4
676	30	24
100	11	28
331	31	4
410	34	20
310	19	4
422	29	24
253	32	12
301	28	8
741	30	8
304	31	32
122	14	12
120	8	28
548	22	4
108	22	8
426	24	32
123	13	32
291	30	16
563	33	28
912	34	24
98	29	16
626	32	8
386	29	12
711	24	4
208	12	8
604	27	32
200	20	28
159	17	12
223	24	4
48	6	20
432	23	24
292	22	32
98	19	12
113	24	20
299	24	28
591	27	12
677	29	28
334	19	20
809	31	24
421	24	32
317	18	28
776	35	16
66	3	32
410	33	8
155	23	4
127	15	16
833	30	4
325	15	20
494	35	4
520	25	24
396	29	20
41	13	16
286	33	24
90	21	32
455	33	4
87	27	8
643	29	20
168	15	12
51	18	8
454	27	32
411	27	20
406	30	32
251	31	4
722	26	20
160	27	32
63	11	28
254	30	16
333	28	28
449	33	4
330	23	20
218	16	4
644	29	28
300	15	20
260	29	12
108	26	24
47	33	4
413	18	32
497	23	8
59	11	8
35	14	4
136	30	20
415	29	8
514	23	20
509	22	28
149	13	16
66	9	16
264	30	8
244	23	32
574	26	4
185	15	24
201	21	12
542	26	16
678	26	24
345	19	32
273	19	16
229	32	20
57	33	16
675	25	12
641	32	8
645	34	8
478	35	8
212	27	24
234	23	12
137	12	4
433	20	12
160	27	28
740	34	4
137	33	8
46	6	28
655	27	4
159	32	24
728	31	20
355	21	24
95	16	24
569	20	24
262	33	28
369	25	8
71	31	28
212	30	24
136	33	8
367	19	12
182	25	28
696	33	20
187	15	24
865	35	24
266	30	20
768	30	20
281	26	16
219	34	4
405	25	8
634	27	32
526	24	20
312	32	16
274	18	28
502	34	32
330	28	8
381	23	28
570	29	4
684	33	28
356	33	20
213	25	20
84	19	12
539	32	24
313	18	28
311	14	32
137	18	24
329	26	28
90	33	4
244	30	24
219	17	4
201	27	24
240	22	12
454	16	16
61	18	20
577	31	16
86	34	12
15	12	28
105	16	8
382	27	32
342	26	32
298	26	24
143	10	16
554	31	32
192	31	28
139	10	8
115	7	12
120	13	16
161	25	20
87	17	8
151	33	32
93	8	20
126	23	32
61	5	4
236	18	12
564	29	28
227	33	20
479	27	20
31	7	8
430	27	24
527	34	16
356	32	24
415	25	12
390	33	24
40	6	16
615	29	28
72	35	24
973	33	20
562	34	24
125	22	32
57	3	8
461	24	12
456	26	20
360	27	16
583	22	24
390	33	16
724	25	28
161	18	16
203	25	24
431	31	24
187	16	4
237	16	12
338	26	12
21	10	24
75	34	20
114	26	8
328	19	12
26	19	12
765	28	28
656	34	24
111	35	24
221	20	32
435	19	12
199	35	32
194	33	4
97	23	32
212	16	20
186	34	8
603	29	8
94	33	20
535	25	28
131	16	16
53	25	16
432	28	12
296	23	32
94	8	32
413	20	12
827	30	16
312	22	4
372	32	28
68	18	28
76	4	20
388	14	16
458	16	20
138	33	24
26	2	20
278	22	20
518	35	32
29	10	8
74	35	8
661	30	8
315	20	28
830	34	32
181	18	8
120	20	32
411	20	28
453	30	8
246	12	32
320	24	32
189	11	28
53	31	4
58	5	4
524	24	28
96	27	32
179	13	8
466	33	4
442	18	12
506	35	8
28	13	28
59	32	16
399	34	28
531	33	12
91	16	24
465	26	4
88	33	24
378	16	12
142	29	12
296	18	32
95	24	28
49	28	24
826	28	24
619	33	28
229	30	16
95	35	8
585	32	4
763	30	20
121	27	32
18	11	4
336	30	8
242	18	28
771	34	8
193	15	4
316	24	4
241	33	28
173	23	20
633	28	28
218	9	28
674	33	24
216	27	20
500	33	4
25	14	16
356	30	28
322	25	16
137	34	32
27	2	16
248	34	24
399	27	24
393	31	20
150	9	12
206	13	4
436	29	28
215	31	32
398	35	24
194	24	32
109	32	8
67	12	4
712	35	4
380	31	8
124	32	4
182	24	16
402	24	20
656	24	8
67	3	8
91	21	24
67	22	24
179	11	16
18	15	16
187	8	24
214	10	24
426	18	4
50	4	16
147	32	8
567	33	4
82	28	12
384	28	16
164	17	28
460	26	24
474	27	24
908	33	20
548	31	4
503	35	32
182	15	4
82	14	16
100	19	28
749	33	24
201	29	20
48	16	12
247	31	20
699	35	8
267	30	16
208	25	24
84	23	12
191	19	12
148	35	16
12	4	12
484	31	32
487	21	32
165	12	4
307	32	24
25	19	12
162	23	24
696	28	28
183	17	24
20	14	28
379	34	12
14	13	32
65	4	32
662	35	12
803	30	4
54	8	12
5	4	8
51	6	20
590	35	24
67	16	16
26	17	4
171	20	12
302	27	12
681	31	4
89	9	32
113	11	12
99	14	28
900	33	20
334	22	4
24	7	20
369	24	32
778	32	28
496	33	20
277	29	28
53	27	20
225	30	12
438	19	8
751	32	4
252	13	16
266	28	24
553	27	24
372	21	8
62	31	12
680	31	24
116	7	16
175	25	16
78	34	24
291	33	28
311	34	12
25	17	24
590	34	20
270	33	4
26	22	4
92	27	16
513	32	4
352	26	28
653	28	16
632	30	32
46	10	4
586	30	16
54	27	16
715	33	8
450	35	24
656	24	12
229	9	8
464	30	32
483	26	32
610	35	24
351	19	16
365	24	8
848	33	28
144	29	4
442	29	8
176	23	20
73	32	12
125	32	20
130	26	16
438	17	28
236	25	20
129	10	20
531	26	16
77	24	24
262	29	16
133	15	8
89	22	12
525	27	16
208	24	12
34	5	16
72	17	12
43	35	32
504	27	28
265	27	12
165	12	24
78	5	8
467	28	32
595	34	20
37	31	12
130	19	28
154	17	32
47	7	28
694	33	24
97	10	32
325	35	12
116	20	12
94	20	12
64	12	8
613	26	12
120	23	32
335	30	8
169	27	28
323	26	8
295	16	16
261	30	28
81	9	12
22	12	24
117	32	4
388	31	8
378	30	28
908	33	32
290	18	16
166	19	4
772	31	20
152	23	12
40	12	16
779	28	12
764	33	24
418	32	16
79	4	16
292	35	4
169	9	12
192	27	24
278	18	4
360	28	28
210	26	24
57	4	24
255	28	32
185	28	20
928	32	12
666	34	20
585	26	28
45	8	28
207	16	8
568	34	4
133	32	28
367	34	8
143	11	12
406	33	16
370	23	8
54	29	8
123	12	8
660	29	28
472	32	12
108	33	12
222	11	12
20	15	20
171	24	4
310	31	28
154	34	24
89	31	16
125	30	20
587	32	8
164	29	32
56	34	12
34	21	4
408	28	32
242	29	16
373	31	24
549	27	20
226	26	24
700	34	28
345	25	32
299	22	32
86	30	16
304	17	16
645	28	32
66	20	8
183	16	32
689	28	16
54	32	4
91	17	32
84	10	4
438	32	20
354	25	16
404	15	12
260	13	28
336	14	20
58	8	20
774	30	16
272	29	12
317	21	4
151	28	32
373	19	4
410	21	24
390	23	32
197	28	8
705	34	4
587	31	4
180	11	32
866	34	8
123	29	16
420	33	12
411	20	20
450	29	16
742	32	24
90	13	12
333	35	28
87	30	28
262	33	12
74	13	4
235	28	24
281	31	28
451	35	28
488	32	4
513	29	32
174	33	12
326	33	12
513	27	8
714	29	20
505	32	12
365	35	16
133	20	4
123	11	8
259	33	32
190	31	4
287	34	24
500	29	20
501	34	20
217	17	20
194	28	32
22	21	12
46	29	4
430	32	8
301	21	8
574	34	4
113	15	8
126	6	24
308	15	24
487	27	24
692	25	28
326	20	4
279	23	24
243	16	4
6	6	28
429	31	24
258	33	4
395	29	24
293	31	8
70	6	20
443	35	8
359	23	20
138	18	8
574	30	12
56	27	24
304	29	8
701	32	4
305	26	28
979	34	4
117	31	24
303	33	12
68	30	4
289	28	4
842	35	28
213	18	20
795	33	12
264	21	28
80	20	4
357	32	20
540	25	16
284	23	16
33	19	32
220	27	12
598	23	12
26	17	20
28	11	24
154	35	4
245	25	4
250	34	20
353	22	20
483	32	12
484	25	8
286	33	4
126	13	12
35	34	24
380	26	32
50	6	24
294	16	16
45	10	4
302	26	28
334	19	28
126	23	20
36	14	20
224	32	8
106	9	28
246	35	20
141	19	32
422	24	8
823	28	32
150	13	24
77	11	8
152	31	12
160	7	4
242	23	4
208	13	12
255	22	32
423	32	32
547	30	20
245	21	12
216	19	16
292	31	28
28	21	16
308	31	28
96	25	16
25	6	16
43	23	24
294	20	20
520	21	32
319	28	16
351	16	8
494	22	32
199	30	32
280	23	24
78	24	4
107	18	20
349	33	20
48	31	28
224	22	20
339	29	32
250	24	28
792	35	32
356	29	8
946	34	16
239	29	20
19	11	20
673	33	12
253	21	20
295	31	24
260	17	28
53	14	24
139	18	12
617	24	12
93	8	8
594	33	4
329	27	20
133	22	8
189	34	28
15	11	28
696	28	32
164	25	8
103	26	24
94	26	4
162	16	24
55	4	12
302	33	16
27	24	20
885	33	4
596	33	12
434	31	20
210	32	24
23	10	8
121	19	20
563	29	4
82	9	24
90	29	32
479	25	24
101	8	20
42	32	28
215	14	8
156	11	12
160	22	4
80	19	20
504	31	16
796	28	24
291	33	32
119	16	4
54	10	32
246	19	12
192	33	16
54	18	24
221	13	12
484	18	32
105	26	8
666	30	24
171	28	32
141	15	24
100	25	8
67	24	8
638	23	24
64	27	12
773	32	20
153	21	12
706	26	16
41	21	32
464	30	8
499	33	28
56	29	32
137	34	8
344	35	12
613	32	24
240	23	28
847	32	4
193	27	20
137	29	24
230	29	20
703	35	4
523	26	16
145	31	20
443	32	28
282	16	12
185	22	12
886	32	20
564	21	28
183	19	4
28	2	32
81	9	8
494	26	8
177	24	20
431	33	12
450	23	24
523	34	16
849	32	12
483	27	8
690	35	4
208	19	16
126	29	20
80	10	32
415	22	8
501	25	32
475	32	32
552	24	24
319	25	16
694	31	12
315	25	32
179	24	32
123	18	4
181	27	12
373	25	24
432	31	32
115	15	24
526	26	16
382	28	8
234	14	20
521	34	12
867	34	4
136	14	28
90	29	20
135	16	20
83	26	20
107	23	28
202	13	12
437	20	28
117	11	28
256	18	16
154	30	20
354	23	28
110	29	4
726	28	28
5	1	24
109	15	8
175	30	4
139	21	32
344	33	8
566	33	28
381	16	4
477	34	8
383	18	24
99	5	20
598	21	4
408	30	28
13	12	8
151	22	20
290	14	28
106	11	8
727	33	4
38	5	12
125	26	28
212	21	20
127	20	12
34	9	28
206	19	24
461	31	12
694	30	20
174	25	4
295	35	4
357	32	24
963	33	32
471	35	24
623	29	20
142	25	24
96	32	24
157	32	20
549	32	20
282	35	24
99	22	24
608	30	12
229	19	32
346	15	28
616	28	28
462	25	16
26	22	24
560	31	16
296	19	20
305	18	8
539	24	24
800	32	4
338	24	4
738	35	28
321	30	16
81	16	8
55	29	8
30	17	24
49	16	28
167	23	12
267	28	28
152	34	4
171	33	12
253	27	24
202	25	12
256	29	28
197	15	16
564	26	28
696	29	32
485	26	8
467	30	24
28	21	32
27	13	4
95	5	12
385	20	32
629	34	24
247	12	8
472	26	16
158	31	28
164	30	20
52	13	4
370	34	16
78	10	20
223	34	28
165	12	8
201	17	32
363	28	4
479	19	32
9	8	24
222	20	20
87	11	16
526	34	8
344	18	16
235	24	16
333	29	24
531	35	20
208	32	20
474	34	24
149	16	32
322	20	8
172	27	12
122	10	24
623	26	28
165	23	28
9	3	20
40	5	4
108	34	32
152	22	16
280	10	4
479	25	28
591	33	20
179	8	8
348	26	4
722	34	16
94	26	32
375	22	8
228	21	4
69	34	32
65	3	12
228	8	20
140	17	16
95	8	16
96	17	12
487	27	32
95	22	28
519	33	28
596	34	32
130	7	24
170	26	32
146	25	12
357	32	8
174	31	8
105	9	12
64	15	20
520	32	28
347	25	28
414	23	16
212	27	8
499	32	32
336	32	16
434	27	8
159	21	4
407	20	12
144	25	24
96	26	4
212	21	32
464	35	24
85	25	8
38	8	8
642	26	4
414	27	12
255	29	12
266	17	24
328	21	28
571	33	28
179	29	12
184	19	16
531	35	28
32	26	12
398	18	24
352	15	4
535	35	28
71	32	12
309	31	8
79	25	4
615	35	8
140	19	12
478	20	20
28	4	12
173	33	20
182	33	32
703	34	28
226	25	12
37	8	24
707	34	20
620	28	28
215	31	8
548	33	12
830	34	24
361	29	32
805	33	4
341	29	4
192	20	8
354	34	16
157	7	20
36	10	16
248	31	4
404	32	20
102	17	8
447	32	28
124	18	20
115	11	28
362	24	32
857	33	16
286	12	32
105	13	12
142	24	16
152	34	20
35	7	20
311	27	20
127	9	12
148	17	24
657	29	20
71	18	4
30	23	24
138	35	4
574	28	28
268	23	16
266	15	12
71	14	32
375	13	28
551	31	20
171	20	28
291	24	24
245	20	20
49	7	20
363	31	20
692	29	24
36	14	4
322	29	20
94	10	4
60	5	12
108	17	4
166	15	4
113	15	12
261	16	32
61	11	20
101	18	8
59	25	20
130	18	16
274	32	28
467	35	16
204	31	20
189	30	24
229	24	28
390	21	12
157	28	16
751	35	12
27	20	16
55	20	24
605	24	16
561	34	32
195	11	20
297	34	28
130	34	24
524	24	20
63	9	12
164	12	8
163	33	4
199	12	28
362	27	8
569	30	16
115	23	4
132	16	16
400	25	12
157	25	16
71	4	32
145	28	24
40	33	24
85	8	8
924	33	4
116	19	20
67	23	32
9	9	20
395	33	24
573	33	12
536	30	12
411	33	12
470	19	4
186	30	4
49	14	12
31	29	24
45	34	4
511	26	28
148	24	16
520	29	28
88	25	28
61	13	28
213	34	24
287	32	32
33	3	20
142	33	32
219	15	20
262	25	32
59	10	20
152	31	16
256	9	20
438	23	8
56	26	24
386	20	20
30	7	20
246	31	28
426	26	8
115	6	28
11	6	20
484	33	20
333	13	4
187	32	24
471	30	28
129	12	32
116	9	28
488	19	4
145	27	24
311	15	4
362	34	16
249	17	8
77	9	8
247	20	4
193	28	4
256	24	12
303	19	28
122	19	32
143	25	28
185	31	8
100	11	20
173	28	12
161	30	24
321	32	28
304	18	28
804	30	16
295	28	4
430	32	12
99	12	12
187	28	24
150	27	32
474	30	24
480	33	20
115	17	20
294	30	8
227	17	24
290	21	8
171	29	20
130	34	32
409	26	16
342	30	8
461	21	16
180	31	16
753	34	8
113	16	24
105	30	16
145	31	28
471	27	8
464	28	8
365	29	20
1009	33	16
79	25	28
250	14	16
334	12	24
258	26	4
94	9	24
17	17	16
122	27	8
219	25	8
189	31	28
46	28	16
31	7	28
69	29	32
394	22	4
52	18	28
317	29	4
343	20	4
77	14	20
326	17	16
354	28	20
73	14	12
260	31	12
71	6	16
339	28	24
173	9	32
570	29	16
231	35	4
169	32	24
319	34	12
18	16	4
80	8	4
383	32	28
32	24	24
401	35	28
42	9	12
322	20	24
6	6	24
93	15	24
276	24	12
287	33	16
23	11	20
596	34	12
197	28	28
491	34	4
743	35	8
887	33	12
36	33	20
222	12	16
353	33	24
150	22	32
246	35	24
139	17	16
186	19	32
30	22	28
558	20	28
381	28	12
48	14	16
45	11	32
742	35	32
37	30	24
232	14	4
13	6	4
682	32	28
420	28	20
47	31	20
202	12	8
205	35	12
363	30	4
457	25	20
70	22	12
497	28	12
192	20	24
333	24	20
398	15	28
129	27	32
599	30	24
498	27	24
247	20	28
667	22	16
293	23	16
10	7	12
450	20	24
425	31	12
198	18	4
89	9	8
62	25	20
624	30	24
749	30	8
759	33	8
58	19	12
325	34	20
262	25	24
402	28	4
60	29	4
304	25	20
517	27	20
618	33	20
78	22	28
248	28	4
85	21	20
379	27	12
190	28	28
360	29	8
71	29	24
24	18	12
16	4	12
406	28	20
325	22	28
199	12	24
14	1	12
620	35	28
270	34	12
720	26	32
474	32	20
251	14	4
243	26	28
310	26	8
133	24	4
750	34	8
66	21	4
276	15	4
251	26	4
206	18	16
766	32	12
857	33	8
563	31	20
418	22	16
596	33	4
94	20	32
80	10	4
314	12	32
34	34	32
11	5	20
426	30	32
162	23	12
74	35	24
175	8	32
187	23	12
364	31	8
146	7	16
497	29	4
90	31	4
607	24	8
169	11	20
321	15	4
100	6	24
413	23	24
491	31	32
252	12	8
196	12	32
233	21	12
81	16	12
249	16	16
243	22	32
228	31	4
40	35	4
25	9	28
92	24	16
282	20	28
502	27	16
618	24	8
285	30	16
938	33	32
268	34	4
101	10	32
359	34	24
348	27	16
347	27	4
670	28	4
579	33	20
276	23	24
89	35	8
213	28	24
286	19	4
110	15	4
291	31	4
93	14	12
65	17	28
80	17	24
679	24	20
107	18	24
73	3	32
48	6	4
121	20	28
245	29	4
414	25	16
132	29	16
390	22	12
107	30	28
223	33	28
266	20	12
218	23	32
559	28	28
308	18	12
231	25	24
389	34	16
124	13	28
553	29	28
99	34	20
455	35	8
233	33	24
467	28	4
12	1	32
410	34	16
472	32	32
198	19	24
540	27	12
771	32	4
169	29	20
521	34	16
283	10	12
633	30	20
367	22	20
70	17	20
168	32	12
29	22	32
306	27	12
209	12	24
514	31	20
477	27	16
323	19	4
287	34	28
485	27	32
485	34	32
39	22	20
124	23	12
408	28	20
42	29	12
238	33	24
232	29	28
43	30	16
91	30	20
35	23	20
27	22	16
50	8	4
423	34	16
176	13	24
40	14	4
365	23	20
266	35	24
90	29	12
372	29	12
40	18	28
12	7	24
416	34	4
99	14	12
659	27	20
683	25	4
244	30	8
301	16	28
346	22	16
162	23	28
396	32	12
457	25	8
188	15	28
52	5	32
606	32	32
217	13	24
595	32	20
816	33	12
523	26	4
469	24	20
140	20	8
227	15	16
301	16	12
266	31	8
83	27	20
86	30	24
616	22	12
59	15	20
477	21	24
345	25	28
42	4	12
131	21	28
251	21	4
218	31	20
156	7	20
343	21	16
288	18	16
109	7	8
142	15	8
205	34	4
65	17	4
133	10	20
494	23	8
473	31	28
73	19	4
340	18	28
442	21	16
139	30	12
261	19	8
276	30	32
263	20	12
162	19	4
77	31	20
232	26	16
538	31	12
237	21	12
109	23	28
709	31	16
595	34	16
322	14	8
355	21	8
278	20	24
411	18	4
32	18	20
300	14	20
519	32	8
588	22	24
354	25	4
369	25	32
172	14	16
41	20	12
633	33	12
13	11	8
560	32	8
326	29	4
609	27	12
374	16	4
352	32	28
442	23	8
497	24	8
311	26	16
172	32	8
692	34	4
33	17	4
472	30	16
152	10	20
112	19	32
319	27	12
175	32	12
71	14	4
178	22	32
106	20	24
208	21	20
452	20	4
101	8	8
49	32	24
35	12	4
108	4	12
249	34	32
308	21	8
285	30	8
475	31	32
98	30	24
335	21	4
593	34	8
66	27	4
291	20	12
280	28	24
40	15	12
159	30	20
21	16	24
142	13	32
382	15	24
161	9	8
464	34	20
276	17	28
553	34	8
843	33	32
161	24	12
208	33	20
839	32	28
213	27	16
46	26	28
158	34	4
505	35	20
66	7	12
565	22	20
94	10	16
121	20	4
669	34	4
431	30	20
230	30	24
167	27	4
236	23	24
481	28	8
587	26	8
82	19	32
426	27	24
125	27	24
307	30	28
17	4	20
172	35	24
185	13	20
401	19	32
364	15	4
253	16	24
385	32	16
405	28	32
304	16	24
331	15	28
189	15	8
39	5	24
35	24	16
30	25	8
151	32	24
251	29	8
646	31	16
511	25	32
37	14	16
88	34	4
233	11	20
810	33	32
305	24	16
218	17	20
247	24	12
434	19	28
95	31	24
59	19	8
860	34	32
125	28	28
368	16	24
386	34	24
160	31	12
256	26	4
579	28	20
341	27	24
701	31	32
364	34	4
814	31	8
21	5	32
41	10	32
210	9	12
64	24	16
82	8	12
232	24	28
557	20	4
147	9	4
394	23	20
840	34	24
669	27	24
154	32	12
70	17	4
4	1	8
25	6	28
218	17	28
235	35	16
302	14	8
167	17	4
440	28	20
113	27	4
20	11	28
275	18	16
400	21	8
395	34	32
83	32	24
30	9	28
412	25	4
322	23	28
38	26	12
42	12	28
699	29	12
330	31	32
37	22	20
435	22	20
186	25	24
331	34	24
274	30	20
327	26	8
448	33	4
137	16	8
27	22	24
357	34	12
86	20	16
194	15	8
654	30	24
252	21	16
306	16	28
385	19	8
226	13	12
400	14	8
315	31	20
774	33	12
98	30	4
101	18	28
512	29	8
149	30	20
90	13	4
116	21	12
826	33	12
323	34	12
277	24	32
185	22	16
110	11	32
535	34	20
228	10	24
171	22	8
187	19	32
164	11	24
233	11	12
197	15	8
175	32	4
2	1	24
141	8	8
69	28	16
115	8	4
280	31	24
85	14	8
345	19	24
22	7	32
250	22	8
359	29	20
314	34	16
48	12	24
115	35	32
126	24	4
41	28	8
345	17	4
509	32	16
154	20	28
322	26	24
435	18	32
150	20	20
681	25	28
20	13	4
135	13	24
63	15	32
457	26	28
475	29	12
198	20	16
488	34	24
215	26	12
14	10	24
198	26	8
356	19	24
32	11	20
206	27	4
46	35	24
96	6	16
125	16	8
129	31	32
447	19	8
76	25	24
151	31	32
117	34	32
426	33	4
73	30	12
53	32	24
237	26	4
313	28	32
321	35	20
241	23	4
588	34	32
86	19	24
76	25	32
124	34	8
590	34	4
122	25	16
242	26	20
645	23	8
14	2	32
112	8	20
500	24	32
430	28	16
152	20	28
595	29	16
394	26	8
194	32	20
232	27	28
172	7	16
535	31	12
245	21	20
269	29	20
363	33	32
426	35	16
184	20	16
657	30	4
168	25	20
458	34	8
413	35	20
136	17	8
681	35	32
370	29	8
399	22	4
253	12	24
449	27	16
263	35	24
108	35	20
88	16	4
40	19	8
350	27	24
287	14	12
117	35	8
438	32	24
135	13	28
250	22	20
564	28	32
134	28	4
185	15	12
142	31	4
440	28	8
320	22	8
116	27	16
103	18	12
253	10	4
248	35	12
99	13	20
252	17	16
414	24	4
96	34	24
416	25	16
240	12	32
824	32	20
456	31	8
467	28	28
905	33	24
361	29	12
236	15	8
178	34	24
221	29	8
41	25	28
41	14	16
374	23	20
530	19	4
134	34	32
252	16	4
162	34	16
537	22	12
228	22	4
537	28	32
117	11	12
314	19	12
482	28	20
329	29	12
88	24	32
404	30	20
130	7	8
294	18	4
329	25	24
196	27	4
188	28	20
507	23	16
222	18	12
116	30	24
558	23	24
56	30	32
11	1	32
329	19	4
320	22	28
324	30	24
417	30	4
19	14	12
170	21	32
912	33	12
466	34	4
241	13	8
222	20	24
131	34	12
185	13	32
725	34	4
492	34	4
125	31	20
318	35	16
383	32	32
189	9	4
478	32	28
101	11	20
43	23	12
139	30	16
445	23	16
402	28	32
57	33	8
50	3	20
1001	35	32
359	24	28
7	3	16
429	34	24
168	26	4
156	30	4
267	11	20
675	32	32
519	22	24
289	21	12
569	31	8
161	11	28
574	33	28
326	16	16
55	21	24
285	15	8
138	28	4
390	20	24
230	27	32
478	31	24
480	33	32
55	5	8
185	11	32
249	20	16
50	2	20
504	29	24
116	11	24
171	7	12
946	32	12
220	24	24
86	6	20
91	19	4
558	34	16
253	12	28
100	4	16
277	23	12
287	18	24
411	32	28
190	35	4
329	31	28
9	8	12
111	12	16
39	26	28
281	23	28
464	28	28
829	33	12
38	27	24
115	35	16
163	21	28
658	34	32
454	32	8
236	33	12
210	10	32
85	27	12
151	21	16
242	32	8
77	25	12
32	27	32
86	13	20
181	10	20
109	10	4
431	28	8
276	21	20
533	32	32
222	23	16
14	11	20
450	26	12
51	15	28
272	19	12
158	31	16
94	31	20
167	14	32
113	6	12
210	28	12
483	31	20
392	28	8
121	11	24
627	29	20
272	22	24
191	30	12
399	22	28
179	10	16
179	9	20
215	20	16
1039	35	28
138	9	28
164	29	4
105	34	28
51	18	24
87	31	20
76	30	32
675	32	8
682	30	12
33	25	8
168	18	8
36	28	20
394	26	16
342	30	28
547	19	4
460	20	28
41	25	8
930	35	24
132	27	12
397	27	12
423	16	4
980	34	32
118	6	24
136	25	16
331	20	32
88	31	32
778	35	16
613	23	12
707	34	24
357	28	28
568	26	32
79	10	32
551	28	8
113	14	16
487	25	16
498	25	12
486	29	24
276	32	16
245	26	16
84	29	24
37	25	8
89	24	24
256	22	16
31	30	32
146	31	8
627	22	8
792	33	8
77	4	8
305	32	24
324	21	24
548	24	28
585	26	24
389	26	16
376	32	28
608	26	28
129	29	12
409	20	8
475	21	12
166	25	16
28	19	8
294	19	32
567	34	8
408	29	4
90	5	24
216	19	4
31	13	4
238	34	20
684	23	32
631	34	12
91	8	24
353	35	20
173	18	16
172	30	24
357	34	24
558	35	28
505	28	32
207	11	32
214	15	8
187	35	20
49	33	16
265	16	4
508	21	32
115	24	8
220	26	4
253	22	28
633	25	24
196	30	32
511	25	4
53	20	20
561	34	28
167	16	32
322	28	4
202	32	28
132	33	28
71	11	28
421	34	20
731	32	4
310	18	24
567	23	28
177	16	16
111	13	24
75	6	12
131	31	32
174	10	8
710	34	12
615	30	28
72	18	20
137	8	28
152	35	32
279	18	32
232	9	12
129	30	20
236	24	16
217	16	20
715	30	12
210	14	24
352	24	20
31	20	4
173	34	8
706	33	8
37	35	4
192	32	8
511	28	16
216	21	12
19	17	8
512	28	12
575	30	32
227	16	4
67	8	20
180	15	32
87	5	28
34	9	16
202	9	4
93	19	28
671	30	32
102	26	24
98	34	32
358	26	20
265	30	8
603	28	8
460	22	32
73	5	28
487	25	4
400	18	28
700	29	32
742	31	12
564	32	32
51	33	20
263	16	4
378	28	24
772	33	24
67	25	28
535	27	28
266	24	8
317	23	16
172	24	16
49	24	12
419	30	8
274	20	28
54	19	4
164	30	12
262	33	8
142	33	16
167	22	8
295	28	16
173	26	12
381	16	8
610	27	12
35	15	8
725	34	12
162	29	20
545	29	32
69	7	28
260	22	24
640	28	8
23	8	16
270	24	20
127	24	24
129	19	12
104	22	28
323	12	16
32	16	28
169	34	12
424	26	8
36	21	32
48	5	8
58	26	16
178	26	16
25	8	16
401	23	20
430	20	28
164	7	8
31	14	24
51	21	12
73	8	32
555	20	4
371	17	24
257	20	20
33	25	4
546	25	8
48	13	4
192	29	16
652	23	4
144	10	8
370	20	12
304	26	16
516	24	24
218	21	16
246	29	16
387	18	28
103	15	16
186	33	20
405	16	20
261	30	20
704	32	8
33	25	28
643	30	20
189	26	24
467	24	4
216	18	24
216	20	24
433	23	16
57	35	12
210	33	4
437	17	4
760	35	16
32	27	8
726	35	28
46	20	12
402	18	28
91	14	16
368	30	12
95	22	8
502	32	24
53	25	24
805	27	16
37	11	8
210	21	28
555	26	16
287	17	24
22	22	8
323	24	24
589	32	20
530	23	4
240	32	32
334	30	32
102	18	16
286	18	32
292	27	32
527	26	12
75	22	8
28	24	4
35	2	8
264	24	8
479	24	28
876	31	4
107	25	16
192	10	24
734	34	24
37	17	24
431	22	20
271	34	16
75	13	24
637	31	32
119	6	12
527	27	16
87	10	4
19	5	20
89	23	8
464	24	28
611	32	20
457	23	8
99	26	8
598	28	16
49	14	24
154	24	8
39	28	32
118	28	8
148	25	32
299	15	12
133	28	12
210	15	32
91	28	16
192	19	28
37	34	20
75	20	32
200	12	20
316	34	24
190	13	20
504	26	20
45	10	16
191	22	28
661	34	16
541	31	24
419	23	12
322	30	4
49	3	12
611	30	24
230	14	24
414	35	20
445	18	8
642	28	24
657	26	32
412	25	24
563	34	4
127	12	20
83	32	4
507	34	20
379	26	28
111	24	16
881	35	16
514	24	4
282	35	28
22	16	24
57	19	24
109	32	20
160	26	20
86	5	28
244	10	4
295	24	32
404	33	4
196	14	24
69	18	28
806	35	32
189	19	8
478	34	16
58	15	24
91	9	12
66	30	32
545	32	20
195	14	32
323	29	4
254	18	32
657	28	16
77	33	12
540	31	12
45	15	12
299	13	8
141	19	24
315	29	32
217	17	24
238	24	24
751	35	28
268	11	4
762	30	4
157	20	32
49	10	32
52	21	28
720	35	4
478	30	32
733	35	12
68	22	16
99	5	12
316	32	8
301	26	12
14	8	28
614	30	20
128	7	4
21	13	16
119	20	24
306	20	20
693	35	20
603	29	16
119	22	24
159	33	20
33	20	16
32	5	16
462	28	28
509	22	12
38	18	16
65	10	16
329	21	24
544	32	4
376	23	28
40	21	28
152	23	28
64	20	16
196	18	28
157	19	24
359	30	20
115	22	4
696	33	8
204	19	4
423	23	24
812	35	8
374	34	20
493	24	4
315	32	8
557	23	24
557	35	8
424	24	4
177	33	24
335	30	32
551	20	24
561	34	12
96	24	4
202	29	20
139	14	12
137	17	32
59	30	4
386	24	16
28	5	20
449	24	20
324	35	12
163	8	20
78	15	32
590	35	32
102	33	28
130	9	16
782	34	24
422	33	28
332	22	28
500	34	8
518	34	24
295	21	8
458	26	24
252	20	16
713	32	12
297	35	8
116	9	24
51	16	12
375	15	4
823	34	28
143	33	8
384	24	28
358	35	12
654	31	28
278	17	32
263	20	16
40	3	24
230	17	8
215	25	32
77	4	28
146	13	28
423	20	32
253	24	4
97	28	32
496	25	20
117	16	12
313	30	24
39	13	28
23	23	16
701	35	20
654	29	8
605	34	8
504	27	8
863	33	12
29	27	20
80	12	20
90	10	16
48	10	12
159	9	16
34	29	24
29	9	28
256	27	28
39	20	16
433	27	20
797	28	4
316	16	20
300	17	16
230	17	12
166	28	12
210	34	28
469	32	32
260	17	20
307	21	24
411	15	28
48	35	12
96	6	20
500	33	32
207	35	4
229	31	28
531	22	4
279	25	16
154	9	32
90	8	4
189	27	32
805	30	20
261	28	28
149	21	12
45	33	16
26	8	4
151	11	16
197	32	32
389	28	20
37	23	32
82	21	20
469	32	4
162	25	28
231	32	8
161	29	32
318	23	12
471	28	4
363	32	8
22	13	32
18	5	8
321	17	4
386	26	16
83	22	20
253	33	12
49	33	24
40	25	8
515	19	32
167	26	24
172	28	16
41	2	8
185	26	24
441	35	12
296	27	32
302	23	8
100	11	16
394	20	20
27	11	28
73	31	24
26	19	32
410	23	4
453	24	20
110	12	8
84	23	16
363	30	8
266	15	24
384	31	12
662	32	20
507	32	8
342	29	12
427	17	28
254	13	32
61	31	8
76	27	4
4	3	8
123	6	4
129	23	12
178	25	8
449	22	20
30	15	4
431	28	20
647	32	28
203	34	32
454	29	4
138	27	8
105	7	16
378	27	12
83	27	16
24	17	8
18	3	12
90	6	12
525	30	8
96	26	16
878	34	24
672	30	8
65	28	12
588	28	16
33	11	32
123	30	24
289	31	24
357	35	32
97	32	20
45	14	16
398	31	32
105	20	24
48	34	20
87	15	8
329	35	28
229	33	16
166	34	32
207	12	28
327	35	4
554	33	20
370	19	28
83	19	24
543	28	16
357	30	8
331	27	12
447	22	28
118	25	20
278	30	12
664	33	12
51	31	12
299	16	4
451	27	16
88	3	4
314	29	4
66	18	8
49	22	20
316	11	28
193	34	12
74	12	8
380	24	32
114	8	12
137	32	24
49	11	12
52	21	4
92	18	12
129	24	20
373	26	8
66	11	4
191	28	12
333	33	28
39	32	28
125	30	4
248	13	4
358	15	24
929	31	16
43	21	32
52	11	32
355	35	4
415	29	4
113	28	8
57	4	8
894	33	28
539	27	20
684	26	24
62	12	24
786	35	32
126	18	16
364	22	16
937	33	4
182	31	32
143	9	28
480	28	12
34	15	16
309	28	12
269	32	24
54	30	20
394	18	28
170	14	32
107	13	16
639	31	24
481	33	16
540	24	4
208	22	32
193	9	8
515	28	32
26	23	32
824	35	28
34	7	24
66	23	16
771	32	8
133	7	16
326	33	28
97	21	24
55	17	20
396	25	16
212	23	4
88	26	24
5	1	20
388	23	8
862	34	4
771	31	12
313	22	16
324	29	24
213	28	8
522	28	4
289	31	16
39	4	4
404	22	28
59	25	32
95	35	24
40	31	4
303	18	8
344	33	4
524	33	16
176	18	32
278	35	24
716	28	8
57	13	24
151	7	28
238	33	20
225	33	4
131	17	16
226	14	8
87	19	8
209	12	28
354	30	8
1049	35	24
53	25	20
75	9	28
87	18	12
347	34	4
140	25	16
408	14	16
73	30	16
381	24	4
104	13	12
248	15	8
235	31	12
898	34	32
193	14	24
117	21	16
87	14	28
166	29	32
671	29	16
58	7	24
44	21	32
170	26	12
44	29	24
484	31	28
19	4	4
401	19	8
83	17	4
49	6	8
246	17	24
129	31	20
38	26	28
222	24	8
682	35	8
633	22	12
92	23	28
560	32	32
147	7	12
351	31	12
132	9	8
103	31	16
718	30	8
313	15	12
72	12	12
37	35	32
519	28	32
73	21	4
207	16	24
429	28	24
506	27	20
121	19	24
164	27	28
481	30	12
261	27	4
211	32	16
151	28	4
230	11	4
610	33	32
679	32	24
153	13	4
90	21	28
725	34	16
168	29	12
225	20	4
117	12	28
182	18	8
139	29	20
149	25	20
145	29	16
35	35	24
126	13	4
312	18	8
748	35	20
347	27	24
89	7	20
367	25	24
501	32	12
42	18	28
196	33	12
426	20	24
27	23	16
549	30	32
428	34	32
226	11	32
490	33	32
513	34	16
582	25	12
182	34	8
306	27	20
430	23	4
147	35	20
316	22	20
749	34	32
424	18	4
358	27	4
262	26	24
376	14	4
468	29	20
604	35	4
19	7	28
88	18	8
114	21	4
209	17	4
47	18	32
302	32	16
554	25	32
428	32	32
198	21	32
143	19	4
313	26	16
107	23	32
374	26	24
143	6	32
41	6	12
228	11	16
761	33	28
324	21	16
220	22	16
334	32	32
511	31	12
521	30	4
73	30	24
715	26	12
252	16	28
185	33	8
179	23	24
35	34	16
28	8	24
109	27	24
176	25	20
296	31	12
161	11	4
292	26	8
334	17	4
630	32	24
251	16	8
93	17	24
115	9	4
135	7	20
178	35	8
163	9	20
210	32	16
85	27	24
147	20	4
243	32	32
480	30	20
460	26	4
13	5	8
146	12	20
97	18	24
362	28	4
178	27	20
378	19	8
576	28	20
198	31	24
142	9	8
86	24	32
641	27	24
194	23	24
185	16	16
95	14	32
319	30	4
759	35	20
409	35	12
305	15	32
97	24	32
463	33	4
255	34	8
390	28	12
265	16	12
3	3	8
162	14	20
766	33	20
323	34	16
675	33	16
407	18	20
267	18	12
143	15	16
16	14	28
197	22	16
18	15	12
40	22	16
380	22	16
433	34	32
105	30	28
64	11	4
184	35	24
62	23	8
540	24	16
359	26	24
161	15	4
138	33	16
174	19	24
194	19	20
246	30	24
407	29	24
393	27	12
248	30	16
326	30	20
102	31	16
136	9	32
223	24	8
143	29	20
416	25	8
229	13	28
342	19	32
590	32	8
372	34	32
495	21	28
82	35	28
125	16	20
461	21	32
268	16	12
818	31	12
61	19	24
592	24	8
591	33	8
548	32	20
537	35	12
778	33	12
40	7	32
432	24	4
391	28	4
165	34	12
140	6	12
467	24	28
16	3	4
469	25	16
115	34	28
228	35	12
331	12	4
495	24	12
121	23	28
57	12	12
118	27	24
398	24	4
472	28	12
227	24	32
28	22	8
480	33	8
138	9	4
116	25	4
257	20	32
430	27	20
203	24	32
161	12	12
758	32	12
668	30	28
94	25	12
77	19	28
271	28	32
387	14	4
325	28	8
258	31	32
652	35	28
272	13	28
291	17	8
290	17	20
99	11	8
791	32	20
287	16	32
240	27	32
239	26	24
144	8	4
212	33	8
274	35	28
621	33	12
114	14	4
112	30	4
256	14	12
64	16	4
599	25	20
25	7	12
152	25	8
23	22	16
351	30	8
309	22	8
397	16	28
183	20	16
55	3	4
620	26	32
819	33	24
481	26	12
678	35	32
155	31	20
750	35	4
164	21	32
194	15	28
52	10	28
411	15	4
156	18	20
333	24	16
369	26	12
224	33	24
241	25	20
740	28	4
765	31	28
95	20	20
119	15	28
364	30	24
222	28	28
92	31	28
274	25	24
63	9	8
511	30	24
107	12	12
290	23	24
52	24	16
240	24	16
156	27	24
200	22	32
78	14	8
301	20	24
421	28	16
76	30	8
358	35	32
95	29	8
404	35	32
613	33	28
289	32	20
239	12	24
269	20	32
81	21	32
637	34	20
136	15	4
150	19	32
284	34	8
189	25	20
42	17	28
24	19	32
528	25	20
128	16	28
242	31	24
516	31	8
480	22	12
343	23	24
65	13	28
630	35	4
481	30	8
833	35	24
187	17	28
838	34	12
411	20	16
317	35	4
313	30	8
481	19	32
34	8	24
340	19	32
905	34	12
2	2	24
117	14	16
351	32	32
449	33	28
36	4	28
244	16	8
21	3	4
201	16	8
223	32	16
402	25	8
63	33	16
625	34	16
103	26	12
68	5	28
297	28	28
57	10	8
38	13	24
64	31	24
181	33	32
104	30	24
203	25	16
93	16	16
315	18	32
282	21	28
495	28	4
252	27	4
248	11	8
448	21	8
240	31	12
146	21	28
339	30	24
168	15	28
580	22	8
504	22	24
203	27	12
516	26	12
100	34	20
611	27	4
332	26	24
423	32	8
365	15	32
64	16	16
724	31	4
551	28	4
296	19	24
375	24	4
57	20	12
97	16	24
150	12	24
334	28	32
255	32	24
27	25	4
48	30	16
205	13	12
137	27	28
45	18	28
144	18	20
81	24	24
322	35	32
98	11	8
536	26	20
183	23	8
350	33	32
163	14	4
619	34	20
751	35	32
204	14	28
801	34	28
289	35	20
432	34	8
133	29	8
232	30	24
144	24	20
455	21	28
176	30	24
434	16	4
136	6	12
571	28	28
156	13	4
141	18	28
386	23	4
359	30	4
127	6	20
493	31	32
31	17	20
49	28	32
503	25	8
267	28	4
529	29	32
650	27	16
145	18	12
68	31	16
32	27	24
31	17	8
835	31	24
161	29	12
346	35	4
638	34	32
356	15	24
364	34	20
774	29	8
63	30	28
128	35	32
28	18	28
95	30	8
196	14	32
68	5	20
192	25	28
54	28	16
89	29	8
48	7	16
150	32	16
421	17	28
738	34	20
467	23	16
166	28	28
49	13	12
67	21	12
286	32	4
467	22	16
148	19	8
212	34	28
417	34	20
202	25	24
328	18	32
201	23	16
610	30	28
425	32	12
176	20	16
266	25	24
295	23	28
181	14	20
262	20	16
185	21	28
440	27	8
136	28	28
100	33	12
452	30	8
302	25	24
128	22	24
549	31	4
82	19	16
80	22	16
21	21	32
337	24	8
275	35	8
267	13	32
268	12	12
55	28	24
134	28	12
163	25	20
158	14	16
560	33	28
196	13	4
197	19	12
200	20	4
85	35	20
133	32	16
46	11	8
67	34	32
343	15	28
128	16	24
49	12	24
124	12	20
49	14	32
71	12	32
239	14	16
278	24	20
501	35	24
426	33	24
81	22	4
256	28	8
107	22	12
133	9	24
60	28	32
214	23	28
82	15	12
214	24	32
376	35	32
406	30	4
157	31	12
660	35	8
30	25	12
141	29	8
295	32	20
669	33	24
315	25	12
46	10	32
25	19	24
388	28	20
219	30	28
353	16	24
458	26	20
284	35	20
302	29	32
275	20	28
53	6	8
608	27	28
88	11	4
631	29	16
61	9	12
389	25	8
702	33	16
536	34	20
538	22	28
423	33	24
155	17	16
492	35	20
579	34	28
265	28	28
357	20	4
54	7	28
576	34	28
41	11	8
37	22	28
272	27	4
304	31	20
13	11	32
750	31	24
368	16	20
67	35	20
520	27	20
97	22	28
538	21	16
290	30	12
138	33	32
584	30	12
255	13	12
536	34	28
780	30	12
37	17	12
326	23	20
197	8	4
606	34	12
360	16	12
202	14	16
649	28	16
691	29	16
303	19	8
614	29	20
853	32	32
114	27	8
572	26	24
224	15	8
514	29	12
235	28	8
145	19	8
360	26	16
304	32	20
120	31	16
723	28	20
182	23	8
466	29	8
254	13	12
236	20	24
724	34	32
524	34	4
70	32	16
303	14	8
529	32	4
109	6	20
36	31	4
616	23	32
459	31	4
112	26	16
49	5	28
595	33	12
102	21	12
416	18	4
38	19	8
9	5	24
32	25	32
97	30	28
433	28	28
145	30	28
427	22	4
457	32	12
95	21	24
363	17	8
175	22	16
213	24	20
287	19	32
273	27	4
429	22	12
285	24	24
238	15	12
379	32	28
774	32	24
819	29	20
230	19	32
258	20	8
256	31	4
66	21	20
97	11	8
149	20	16
122	34	4
129	17	24
633	26	32
258	29	24
619	23	28
71	15	24
409	28	16
234	32	8
497	32	24
233	27	16
564	21	4
36	15	20
242	14	32
427	28	24
622	34	8
55	22	16
128	6	12
186	15	12
114	10	8
922	33	32
233	18	8
431	22	8
87	7	24
158	17	24
134	11	20
188	18	24
48	3	8
208	11	32
125	35	8
82	21	4
101	34	32
433	35	32
635	32	4
18	11	28
204	18	20
91	13	16
323	27	16
84	34	16
199	8	4
388	34	20
110	23	28
437	17	28
466	35	16
334	26	4
171	7	8
440	32	20
39	12	24
39	35	20
225	30	24
260	32	4
29	3	32
553	25	24
335	32	28
30	29	12
361	30	28
158	31	24
83	23	12
9	2	12
245	30	8
162	21	32
138	34	4
426	27	20
418	30	20
795	32	28
868	33	28
379	32	32
38	24	4
104	15	12
400	20	28
34	10	16
565	32	32
860	35	12
560	32	28
557	32	32
77	23	20
306	31	20
262	32	8
180	7	12
701	31	20
158	25	28
221	21	32
558	35	4
35	7	32
107	17	4
118	28	24
327	22	24
276	28	28
213	15	28
402	20	8
391	20	28
342	25	20
443	35	16
68	24	24
197	34	8
333	26	4
219	30	8
410	32	16
159	12	16
88	12	28
39	11	12
489	24	4
75	33	16
37	20	8
270	33	8
393	34	24
192	12	32
632	28	4
418	19	28
467	29	8
347	34	20
199	12	4
86	34	16
432	33	12
17	4	28
204	33	20
562	28	8
478	31	32
187	17	16
42	27	28
336	24	24
350	34	8
18	10	24
180	12	8
319	18	16
51	6	24
55	8	24
38	25	8
391	28	16
285	34	20
110	5	32
263	13	32
108	28	20
413	26	8
190	14	4
197	35	28
91	24	20
789	27	32
352	19	28
261	16	24
562	30	20
102	25	8
596	28	24
127	29	32
531	28	20
29	13	20
68	32	24
425	19	4
93	32	4
297	25	32
346	30	12
212	11	4
133	17	24
922	34	16
459	30	8
470	22	4
324	29	16
108	17	8
37	29	20
775	30	16
207	33	28
113	34	24
596	27	28
209	31	32
40	35	8
83	21	28
47	7	4
89	27	28
250	12	24
508	32	8
65	31	4
770	28	32
130	22	20
578	27	4
137	23	8
172	21	4
418	26	4
96	21	24
319	33	12
229	21	32
225	12	20
217	32	28
241	23	28
35	32	28
461	19	20
1002	34	16
200	18	24
320	29	12
91	20	28
111	13	28
175	24	24
676	27	16
255	20	4
68	17	28
288	22	4
308	27	4
407	25	24
158	19	28
239	21	20
127	24	16
361	31	28
529	25	28
106	12	4
337	26	28
80	18	12
60	6	16
108	13	8
64	18	12
207	32	4
553	31	24
128	33	20
107	30	8
302	26	8
33	31	24
29	9	24
39	8	4
52	9	28
109	17	20
571	35	32
460	24	16
536	20	12
252	32	24
75	32	4
170	10	4
413	31	20
22	2	16
7	7	28
641	23	8
188	27	24
124	33	12
652	34	32
67	35	32
116	13	12
163	13	4
54	34	32
33	8	4
4	4	12
453	19	28
289	24	24
170	31	12
160	16	32
45	26	20
685	27	20
97	7	20
61	33	16
52	4	28
328	27	16
77	26	24
250	19	24
605	35	28
248	29	24
732	29	16
388	34	28
893	34	24
165	7	24
35	22	12
98	28	16
267	32	8
330	35	8
355	32	12
370	29	16
571	21	28
156	19	8
551	30	12
345	21	16
740	27	28
220	31	4
390	20	12
22	21	28
179	14	8
32	30	32
20	11	32
267	26	28
769	33	12
149	34	20
535	29	28
344	24	24
163	18	24
214	15	12
693	34	24
78	20	12
485	31	12
491	28	4
198	30	16
337	21	8
58	17	24
227	19	12
108	26	16
540	20	32
531	24	28
473	32	28
253	27	20
49	28	28
689	32	16
351	24	8
91	33	16
745	35	24
153	22	20
418	34	4
192	22	16
242	32	20
609	24	28
624	35	24
87	32	28
167	30	32
534	30	24
281	14	24
174	35	12
445	29	20
279	24	32
163	6	4
130	34	8
28	11	20
28	7	24
208	27	32
585	30	24
124	30	12
558	26	12
385	34	28
47	14	24
798	28	20
81	15	20
112	7	32
346	22	4
327	33	32
213	23	20
427	27	32
44	13	16
217	11	32
424	25	12
67	17	12
565	27	28
335	28	12
42	10	20
146	14	12
189	18	4
161	21	24
388	34	24
342	30	20
18	9	28
58	30	4
248	23	32
99	30	32
235	33	16
134	26	24
137	13	16
630	31	24
824	33	20
86	22	8
596	31	12
541	20	8
57	27	28
212	12	20
220	13	12
62	33	8
454	34	16
431	30	24
96	5	32
101	21	24
193	24	28
379	29	28
85	29	32
532	35	32
66	27	28
107	27	4
259	16	4
430	18	32
238	23	4
221	16	20
591	26	24
110	22	4
29	19	28
471	23	4
483	32	28
181	29	4
39	24	8
176	25	28
102	23	32
221	31	20
467	25	8
808	33	20
295	18	32
340	28	32
46	32	24
634	32	8
450	32	24
150	28	8
36	22	20
253	22	12
57	12	32
130	17	24
176	21	16
378	30	4
103	26	20
320	33	28
906	31	32
218	29	8
232	22	28
90	30	24
207	24	32
464	20	12
813	32	28
38	15	32
99	22	20
166	26	8
602	27	28
300	23	4
217	18	4
269	21	28
171	27	32
237	15	8
68	26	32
45	25	8
520	27	8
311	32	32
175	25	24
288	16	4
312	30	12
506	27	4
64	8	28
251	25	28
126	23	28
405	34	32
483	25	4
148	31	28
35	6	16
419	26	28
172	26	20
138	26	8
51	13	24
347	30	16
100	8	12
133	25	24
227	10	8
37	13	8
267	17	16
28	15	4
33	15	28
816	32	28
80	20	8
309	13	24
183	21	12
86	14	12
120	9	20
373	33	12
68	13	12
118	11	12
324	22	4
181	35	8
628	29	12
303	35	4
45	18	20
390	32	12
237	24	16
482	30	16
122	14	4
327	35	24
160	30	4
174	23	20
91	30	4
144	7	32
177	12	32
177	28	24
225	32	12
467	19	24
67	12	20
417	25	28
43	8	8
492	26	8
71	29	12
128	30	8
240	28	32
795	32	8
382	29	16
490	29	28
211	19	24
656	28	20
67	4	12
520	31	32
383	33	28
766	34	4
70	29	16
313	30	20
563	27	24
524	30	32
325	19	32
292	20	12
47	22	8
109	13	16
460	34	20
891	30	20
108	19	32
73	34	4
107	22	4
481	35	12
477	31	12
698	34	24
339	26	28
491	23	12
173	10	16
95	7	8
376	16	12
525	35	16
580	24	28
182	22	4
153	12	20
125	13	4
63	28	12
524	21	12
479	30	8
406	31	12
87	15	20
797	28	20
386	23	16
51	30	28
357	28	8
493	19	32
505	34	28
29	29	24
68	22	4
85	15	4
90	15	24
199	22	4
438	19	16
126	28	24
646	25	4
69	15	16
834	31	24
100	31	24
591	30	4
387	24	20
165	14	28
238	23	8
357	28	32
107	14	24
271	15	32
399	18	24
379	26	12
702	31	16
664	25	4
265	14	16
27	10	16
138	20	32
145	14	4
579	33	28
520	34	24
477	23	16
189	30	8
184	24	16
299	34	4
230	31	20
241	14	16
351	24	16
455	26	12
165	16	4
87	15	32
179	18	28
314	14	12
292	20	16
47	7	8
122	20	16
670	31	28
255	18	24
50	25	20
211	21	20
743	29	12
121	31	20
791	34	8
775	35	4
143	26	28
716	34	28
309	30	28
226	33	12
331	28	4
603	29	12
39	31	32
371	21	16
640	26	4
86	21	12
49	23	8
18	9	20
373	29	20
161	7	8
144	35	16
198	18	28
27	27	16
88	11	12
298	14	24
515	28	24
38	10	20
619	31	28
78	30	24
115	24	12
332	28	20
643	31	20
513	20	24
138	15	4
483	21	28
336	32	32
448	18	20
214	34	12
66	4	24
26	3	16
496	23	28
147	14	4
133	12	8
484	25	24
581	22	12
638	33	28
273	30	24
322	27	16
32	25	16
503	28	8
578	27	8
214	28	24
553	29	24
81	18	4
293	25	32
254	35	12
264	20	16
115	24	20
375	35	4
174	10	12
24	20	4
562	34	28
292	33	8
209	18	24
265	11	4
304	22	24
70	14	16
804	29	28
326	19	24
128	15	20
349	14	32
366	20	12
264	21	12
82	22	4
588	34	28
10	8	8
378	30	32
405	32	4
151	14	24
77	11	12
161	13	28
129	22	8
441	24	4
129	14	24
76	11	32
276	31	8
22	22	20
252	35	8
132	15	32
784	34	4
478	32	20
116	28	28
283	20	32
468	29	28
289	20	20
205	16	4
61	23	32
479	29	24
310	22	12
27	8	32
52	4	4
35	15	32
654	32	8
271	20	12
793	33	4
409	29	20
98	24	4
179	12	24
167	20	4
371	32	28
48	17	4
458	16	24
109	33	12
109	35	32
301	22	24
379	33	32
781	30	12
58	31	32
632	33	20
26	17	28
65	18	24
130	5	32
255	31	16
447	27	4
500	30	4
41	35	4
281	14	28
77	30	16
253	23	16
424	27	20
543	35	12
55	17	28
54	11	4
144	28	20
169	34	16
86	20	12
276	25	8
82	25	32
619	31	24
276	21	8
133	34	16
345	32	8
693	26	8
536	35	8
695	35	12
283	16	8
275	20	12
513	20	12
718	35	16
199	30	20
144	31	28
123	34	20
232	32	20
330	22	28
200	20	16
110	18	16
355	14	32
18	14	28
13	8	4
257	28	20
414	22	20
336	21	4
355	31	4
75	8	4
173	22	4
89	12	20
429	27	32
106	24	16
300	21	28
417	27	16
108	34	4
393	23	32
432	29	28
8	5	12
638	35	12
35	3	20
101	17	12
54	26	32
528	27	8
123	24	12
69	25	12
499	24	28
170	28	24
188	33	24
122	31	28
498	27	20
726	29	20
53	26	28
285	30	24
187	33	8
589	31	8
121	27	20
55	27	24
99	18	28
657	34	20
160	10	24
72	35	32
497	32	28
261	30	24
368	24	8
440	30	16
87	35	4
303	29	20
175	32	16
83	28	24
188	31	12
508	25	20
514	35	16
46	23	28
107	32	12
298	16	8
132	29	32
79	21	20
255	33	20
414	22	8
246	12	8
445	32	20
178	25	12
310	22	20
488	29	20
163	7	24
196	34	28
492	33	20
209	30	4
93	23	16
567	35	4
383	33	32
272	28	4
246	17	4
325	30	20
580	27	32
183	22	20
737	35	24
98	20	8
637	32	20
54	35	16
593	25	28
102	9	32
616	25	12
180	25	32
81	32	28
379	14	24
626	28	12
118	34	12
704	31	24
640	25	24
379	29	24
179	6	32
387	21	20
896	35	32
274	13	8
93	31	20
176	16	16
34	34	24
344	12	12
457	24	12
423	25	12
649	24	24
74	5	4
450	25	16
792	34	28
384	32	32
528	33	20
239	13	12
302	31	20
138	14	32
131	22	20
39	26	4
410	25	12
310	29	32
439	25	16
439	16	4
93	23	4
57	34	24
329	33	20
433	34	12
85	24	4
842	33	20
185	22	28
49	17	16
38	11	20
244	25	20
69	12	4
71	32	8
482	30	8
285	25	16
614	33	28
295	34	16
487	20	16
118	23	8
150	21	20
168	33	4
74	12	24
766	31	4
228	13	24
498	21	12
317	31	12
268	35	8
223	33	32
231	25	16
402	33	20
405	24	28
584	24	32
168	7	4
302	31	4
238	15	4
335	29	24
174	27	8
46	32	32
391	29	32
414	35	28
306	17	28
352	18	20
394	17	4
195	29	32
55	26	24
124	11	28
738	33	4
576	30	20
236	13	24
313	31	12
445	30	20
564	26	8
85	8	4
101	16	4
173	17	28
75	35	24
117	23	20
41	18	32
141	19	28
24	10	8
510	34	8
227	22	4
110	31	12
92	35	16
80	7	24
752	32	20
3	3	16
46	16	28
308	35	16
123	11	12
21	2	20
619	24	16
392	35	16
345	20	12
607	33	8
95	32	4
828	33	28
81	33	32
181	20	12
329	25	28
73	34	12
591	32	16
490	28	12
587	32	16
435	33	4
334	28	24
481	33	4
547	26	16
325	30	12
369	32	24
102	30	20
81	33	4
331	20	24
516	28	8
296	29	16
74	17	20
302	21	16
65	11	20
553	34	4
48	26	8
136	31	20
83	15	32
796	31	16
690	32	24
448	32	20
290	33	12
8	2	32
622	23	12
583	21	4
625	27	8
47	14	20
27	27	28
47	18	20
420	33	16
32	9	12
338	21	24
149	18	28
809	34	16
408	16	12
156	31	24
60	11	20
105	30	8
570	33	20
184	24	12
246	30	32
156	32	4
151	17	8
16	12	4
94	33	16
518	30	12
297	13	8
356	31	20
498	28	32
336	27	24
177	22	24
371	20	24
243	27	28
91	33	20
409	31	32
64	7	24
222	15	16
330	22	24
486	28	4
425	17	16
109	29	4
528	34	8
37	13	24
341	34	8
211	29	8
104	29	4
37	10	4
353	20	16
376	26	4
322	15	4
705	33	28
303	24	4
145	12	16
258	28	8
728	31	32
230	20	16
175	31	12
543	28	32
123	22	28
137	32	20
494	24	12
474	24	4
231	17	4
235	28	32
223	29	20
172	25	32
381	30	20
393	22	4
166	8	16
44	6	32
389	17	16
361	27	32
40	6	20
48	19	8
202	19	24
49	35	28
243	17	12
207	31	28
140	27	32
453	32	12
230	35	24
36	31	16
140	7	20
333	23	4
286	24	4
513	28	24
462	34	20
641	31	20
111	12	12
339	33	12
114	33	4
41	29	16
733	33	16
59	16	28
155	31	32
50	31	8
595	32	28
672	30	28
486	35	4
558	33	20
10	9	20
542	33	28
237	13	8
627	34	24
231	19	16
665	26	20
162	15	24
556	23	20
30	2	12
646	24	20
145	31	24
264	27	32
141	9	12
361	19	28
625	35	4
103	19	4
419	30	16
303	20	28
148	30	4
243	24	20
37	12	32
198	32	20
91	10	32
10	2	20
184	33	32
681	34	20
441	21	24
640	31	24
171	27	4
500	28	12
404	31	8
735	33	20
523	33	4
408	35	32
481	32	28
40	5	8
180	34	28
178	35	32
398	30	4
98	27	28
492	29	16
258	12	32
406	25	24
55	25	16
188	9	20
269	30	24
469	34	20
204	21	20
426	28	16
295	14	28
331	24	28
133	21	24
246	25	12
208	33	4
96	25	4
546	26	20
440	21	8
649	29	4
129	18	8
256	17	28
213	34	8
89	12	28
59	5	24
164	31	20
260	34	16
425	21	24
340	24	12
479	32	8
309	35	16
306	11	32
94	26	20
237	27	8
65	5	12
77	8	16
425	34	12
206	19	12
55	9	28
48	10	32
238	26	8
523	30	20
478	34	20
163	22	8
35	33	4
524	26	4
360	29	16
749	28	16
410	26	12
264	18	24
226	9	20
162	15	8
413	19	12
82	26	28
649	32	28
208	18	8
296	34	32
432	34	32
204	32	16
534	27	16
78	6	8
300	13	32
857	35	8
38	12	8
40	17	32
603	30	20
21	15	32
209	11	8
466	27	16
241	27	4
281	33	16
625	24	20
207	25	16
460	31	16
82	21	16
184	22	32
306	33	20
701	32	12
219	22	12
46	16	24
597	32	12
178	10	20
70	15	16
199	22	32
50	26	32
248	21	8
275	25	24
124	34	32
30	14	32
547	28	16
90	30	4
267	28	8
86	13	4
422	27	28
221	27	28
117	25	32
319	27	28
361	17	24
163	20	4
569	33	4
153	7	32
101	20	8
458	24	12
102	14	8
372	33	8
132	12	4
117	16	4
305	17	16
459	27	24
242	17	8
589	33	8
166	14	20
194	18	28
38	28	4
107	11	24
272	28	32
500	23	16
81	31	24
186	29	12
333	26	24
403	19	8
75	16	12
188	31	24
394	33	28
122	14	16
462	19	32
472	33	16
254	21	20
122	17	16
517	25	8
278	33	8
76	17	32
416	20	8
159	18	32
94	8	4
128	13	24
241	21	20
108	18	4
44	28	16
26	7	4
102	21	16
401	30	20
339	17	20
474	20	4
64	35	8
186	27	28
177	20	4
312	35	20
184	24	28
93	24	32
267	26	8
330	32	12
136	19	32
89	18	12
282	28	8
47	19	16
546	30	16
215	32	32
99	25	32
288	23	8
287	29	20
727	27	32
87	19	20
412	17	24
248	34	28
287	28	4
297	11	24
23	18	24
134	26	20
108	35	12
227	26	8
364	28	32
608	27	8
478	31	8
185	15	8
566	25	4
336	24	20
915	32	4
236	9	12
266	31	12
271	26	4
64	35	28
684	31	32
359	28	28
289	21	4
297	15	32
207	20	4
119	12	16
234	31	28
36	29	4
620	29	32
386	33	28
231	22	28
602	31	28
207	33	8
31	10	16
528	24	12
142	32	32
145	27	32
148	30	24
178	30	32
103	23	32
65	28	28
322	33	20
198	18	16
239	18	4
95	20	24
193	14	32
6	4	32
230	16	16
706	34	28
21	17	28
651	25	4
326	21	4
168	19	8
487	35	28
355	24	24
193	27	24
44	5	28
95	22	12
331	26	8
348	24	4
526	23	24
145	17	12
155	32	24
141	22	12
296	27	28
439	21	32
527	28	12
586	20	12
760	30	28
361	29	16
324	28	4
359	33	24
342	33	24
108	14	16
312	14	24
112	8	24
381	34	12
67	14	16
264	29	8
320	29	20
253	30	24
895	34	12
389	31	4
107	10	8
324	14	16
27	17	20
683	30	4
607	21	16
727	31	20
710	34	4
144	24	8
154	27	16
154	31	32
94	16	8
115	27	20
48	30	20
54	9	28
58	21	32
524	30	8
77	12	28
423	21	24
574	34	20
135	15	8
894	35	20
20	7	32
104	32	28
272	11	20
268	22	12
312	35	24
156	22	24
482	25	4
65	30	12
122	15	4
621	29	4
264	16	28
390	34	20
407	35	12
289	32	8
30	2	24
351	21	16
147	33	32
88	24	16
511	22	24
548	34	8
189	12	16
14	12	12
658	27	4
114	33	16
45	11	8
213	29	20
876	32	28
497	28	32
404	23	12
43	33	4
801	29	16
617	28	8
44	27	12
122	7	20
168	18	24
44	33	24
740	34	32
696	35	12
203	16	12
51	2	16
333	21	16
173	25	8
348	24	20
344	18	8
40	25	4
20	4	8
99	18	4
184	33	28
536	33	28
483	29	32
79	18	16
160	13	28
484	26	24
106	13	32
577	35	24
322	15	20
566	23	28
181	12	8
402	16	24
261	35	4
303	22	8
310	27	20
83	12	32
337	29	16
526	22	12
517	27	28
557	28	32
50	10	32
162	14	28
72	24	12
244	25	32
23	10	24
89	8	32
70	5	8
163	24	8
200	34	12
136	21	8
250	18	12
459	34	24
197	16	20
467	27	28
568	27	28
348	30	4
546	32	16
133	34	8
687	32	20
658	34	24
599	25	24
41	28	12
68	7	8
252	22	32
135	35	8
233	15	8
403	28	8
373	29	16
252	15	4
102	17	4
47	18	8
246	10	28
34	4	12
69	30	28
120	33	16
79	10	20
250	24	4
379	24	4
713	34	4
844	34	24
176	19	8
911	35	16
346	35	16
831	35	12
364	33	8
490	29	4
196	33	32
96	33	32
485	24	12
341	18	32
292	27	28
399	28	8
40	11	28
42	23	8
347	26	16
101	13	16
160	32	20
53	6	32
500	26	4
114	35	12
41	27	20
64	21	24
157	26	4
328	31	32
327	32	4
193	22	24
52	24	20
325	11	4
46	16	16
491	32	12
84	7	32
61	11	4
56	26	12
443	22	12
612	35	4
121	29	32
100	24	8
458	24	4
47	7	16
468	28	12
121	16	24
613	24	28
62	13	16
452	21	32
366	31	24
167	6	4
780	34	20
209	32	32
751	29	4
221	32	32
627	29	16
527	19	28
441	17	8
275	10	16
176	31	12
239	12	28
425	34	8
352	16	4
121	35	12
31	14	12
279	15	28
317	28	28
73	27	16
76	32	16
560	26	12
77	16	8
121	29	12
80	21	32
178	7	16
836	33	4
158	21	16
413	28	4
249	31	28
82	17	28
826	32	32
122	25	12
197	28	20
38	24	12
818	33	20
54	13	28
568	30	16
320	33	20
94	8	12
384	29	32
140	24	20
585	23	8
186	35	8
274	34	4
140	25	12
78	19	24
304	25	28
310	17	32
168	18	20
226	34	32
241	33	8
68	16	4
188	21	20
234	15	4
130	21	28
229	27	24
198	35	20
170	14	12
39	29	16
49	6	4
80	16	4
446	30	24
597	21	20
359	24	32
316	23	32
343	20	24
90	16	4
192	13	4
264	35	20
392	19	28
57	33	20
61	22	8
230	19	16
159	27	12
659	34	28
486	29	12
247	25	24
248	29	28
581	32	28
449	29	4
128	23	28
329	18	32
274	23	20
458	23	28
746	32	4
43	31	28
133	31	12
64	33	8
323	18	32
466	31	4
217	12	32
231	35	28
688	28	8
198	23	12
525	35	4
365	28	20
237	20	32
157	23	24
212	31	32
104	30	32
589	35	16
172	24	8
248	13	20
62	12	20
493	35	32
32	18	4
150	26	20
56	21	4
63	19	20
703	34	24
126	27	24
834	35	12
214	17	24
804	30	4
151	11	12
670	28	8
655	26	32
192	23	32
21	3	28
249	31	16
661	29	8
85	13	16
398	17	16
899	34	20
32	19	8
293	33	8
100	20	28
636	27	32
554	23	16
52	13	32
290	25	8
185	30	16
90	5	20
239	33	4
95	6	20
179	12	12
748	28	20
372	24	8
867	34	12
95	33	32
477	28	12
387	22	16
346	31	4
380	15	12
938	33	20
83	3	32
77	31	24
39	31	8
339	18	32
164	18	4
242	32	4
219	11	24
201	19	28
577	26	8
364	30	8
144	12	28
337	21	4
512	27	4
97	19	24
592	31	28
600	26	24
49	19	12
184	35	8
122	10	20
111	20	12
404	26	16
258	14	8
562	33	24
89	7	16
52	30	32
352	31	16
205	28	20
332	32	32
104	27	20
295	21	32
212	29	16
322	21	32
94	15	28
257	12	12
110	12	12
104	33	32
252	28	20
511	29	12
875	31	24
410	31	32
119	19	28
150	17	20
71	35	24
141	16	20
109	28	28
362	34	4
618	28	12
510	27	8
660	27	12
108	7	8
452	27	28
224	19	12
585	35	16
822	32	24
149	29	4
181	20	8
127	26	20
703	32	24
81	13	20
603	34	24
110	26	24
299	21	24
487	23	32
442	23	24
476	17	8
335	33	12
517	29	12
480	31	8
718	29	32
77	20	24
616	35	16
122	35	8
188	32	24
246	33	8
320	30	24
145	20	20
82	20	24
86	28	16
623	34	28
179	33	28
154	28	16
383	28	20
231	30	12
50	32	16
664	30	28
329	28	20
141	14	12
344	27	4
167	13	16
393	31	8
448	20	28
79	11	24
303	34	8
120	12	20
514	31	16
714	33	4
378	31	12
142	32	4
422	20	20
158	14	24
149	18	16
710	31	4
125	21	8
153	27	20
502	32	16
407	28	4
453	20	32
49	13	20
191	32	16
44	19	8
23	7	24
376	24	16
125	34	28
105	15	32
501	29	24
208	26	20
713	26	24
120	15	24
306	29	4
388	13	24
313	23	16
83	10	24
420	34	28
795	34	20
656	34	16
345	23	20
721	32	24
302	15	24
248	16	32
306	16	20
280	12	12
153	19	28
190	27	12
252	17	28
62	20	32
229	18	28
53	21	32
193	23	8
460	29	16
472	33	32
421	19	24
44	15	8
451	35	8
441	19	8
8	5	16
592	32	12
214	15	16
149	13	32
100	27	4
325	26	4
231	35	20
178	20	32
87	19	24
497	26	16
75	14	24
543	34	24
115	26	28
327	27	20
277	18	16
443	17	4
26	25	16
51	12	28
489	27	32
659	26	4
333	32	28
553	32	12
94	26	24
75	32	20
609	23	32
280	34	12
141	21	8
183	11	28
243	27	12
171	9	4
291	34	8
20	6	28
163	35	32
416	22	8
294	32	16
33	22	12
288	27	12
401	20	20
374	23	32
199	22	24
525	21	16
118	34	4
46	8	20
119	11	4
412	34	32
12	11	32
178	22	12
889	31	28
108	15	28
504	30	16
45	17	32
384	17	16
330	35	20
393	19	16
296	13	32
259	35	12
339	21	24
44	34	8
54	12	20
261	33	32
26	22	20
70	33	32
644	29	12
488	31	24
943	33	20
102	22	12
157	28	32
141	25	4
553	23	24
301	35	20
94	21	24
28	17	20
99	28	16
372	33	24
512	35	8
538	32	20
628	32	12
198	11	8
341	23	20
16	15	32
364	34	32
339	28	20
522	24	8
126	15	24
141	6	16
247	22	20
169	14	32
109	13	28
42	23	16
253	21	28
162	15	20
215	25	12
30	11	12
623	31	8
310	21	32
291	32	8
447	24	24
257	29	32
554	26	8
556	23	24
164	32	24
122	19	8
184	19	20
40	30	24
140	30	16
372	24	16
438	27	8
725	28	32
123	14	4
227	11	28
190	34	32
277	16	8
619	24	28
633	28	16
186	16	28
137	32	4
19	16	24
517	28	12
105	14	28
351	34	32
676	35	8
136	34	8
335	19	4
260	18	16
56	17	20
189	25	4
286	32	32
180	28	20
183	28	20
458	25	4
244	15	28
215	35	12
347	15	16
245	11	32
115	15	28
59	22	28
97	26	20
664	34	8
115	32	4
330	19	20
653	33	24
88	21	24
558	34	20
207	35	24
515	28	12
407	30	8
46	32	4
112	25	16
132	21	28
295	33	16
741	30	16
110	29	12
30	20	24
191	29	12
192	16	20
146	19	20
516	34	28
420	21	32
327	26	4
321	32	16
220	34	8
231	23	4
93	28	32
73	15	4
91	31	20
365	16	8
488	34	8
134	18	12
175	26	4
87	27	28
150	21	16
670	29	16
463	19	4
497	21	32
592	27	12
303	22	24
174	24	12
574	27	12
421	25	8
41	28	32
521	25	12
420	14	4
373	34	8
568	30	4
146	15	4
290	31	24
269	33	16
39	33	28
56	7	20
119	22	28
747	35	28
103	7	12
313	27	28
38	9	32
215	10	32
23	16	8
216	27	12
112	9	16
113	31	24
160	24	4
504	24	32
392	29	12
276	19	28
157	22	24
504	23	24
227	27	16
735	33	32
268	24	16
193	29	32
193	26	8
737	29	4
375	33	32
502	31	20
187	7	20
96	17	28
345	34	12
197	10	32
87	23	28
71	15	28
143	35	20
496	29	16
660	30	28
217	27	16
284	11	12
163	18	20
43	18	20
413	30	4
144	23	4
58	25	20
26	24	16
637	35	8
688	34	4
145	10	20
265	33	24
302	24	20
371	20	28
42	29	4
74	21	24
475	35	24
345	16	12
158	24	8
94	28	12
245	25	16
147	18	4
387	16	24
563	25	32
226	33	20
148	32	8
57	29	24
360	27	20
429	30	20
88	10	24
118	23	4
101	29	4
24	10	4
112	12	4
425	29	8
101	34	8
401	22	32
116	12	20
308	20	8
337	13	16
136	19	28
216	13	8
561	23	32
205	19	24
194	13	8
196	27	16
304	34	4
119	11	24
383	26	32
177	25	32
300	32	28
115	32	32
648	32	28
639	35	4
459	28	32
500	32	16
112	33	24
142	27	16
242	35	28
371	19	20
11	1	20
348	25	24
382	25	8
202	7	28
34	26	24
78	28	28
226	14	4
354	35	12
225	34	28
218	28	4
395	24	12
554	32	20
83	35	32
401	31	28
508	20	12
30	12	12
435	24	12
250	34	24
518	19	16
160	7	32
92	7	28
162	32	4
88	8	4
50	25	32
259	25	32
299	30	16
174	26	28
422	31	28
197	31	4
40	29	32
9	5	8
67	34	12
424	24	28
390	17	16
469	35	32
377	31	32
18	18	12
525	31	4
58	20	24
360	25	20
437	22	12
103	27	8
164	33	8
710	35	12
364	29	4
481	22	24
604	27	12
128	29	28
270	32	28
121	17	8
469	29	8
220	17	8
243	18	32
394	24	20
14	11	4
123	9	12
518	30	20
70	31	20
62	8	20
990	35	8
608	27	32
745	35	20
639	30	24
138	28	12
97	28	20
262	29	12
442	21	12
32	17	4
257	29	28
368	28	8
116	10	32
193	16	16
461	26	4
60	31	4
273	32	16
35	29	32
327	15	24
350	26	12
135	15	28
117	16	8
842	30	28
592	23	8
438	31	24
217	31	20
213	22	20
301	29	16
189	33	4
198	24	12
668	34	24
258	25	16
347	17	24
472	17	20
15	9	8
565	31	20
84	21	4
184	25	28
17	12	28
801	34	16
143	30	32
292	30	28
37	12	8
66	25	8
82	34	8
330	20	28
823	34	24
453	20	4
261	10	4
530	21	16
30	24	4
211	15	24
241	31	32
295	14	4
474	32	16
359	29	24
319	31	8
266	19	20
408	32	16
171	23	4
85	23	28
25	13	8
106	10	20
241	14	4
775	29	16
383	19	8
837	30	16
339	22	12
198	7	28
251	34	32
99	4	4
310	25	16
241	33	32
483	27	20
676	35	16
162	21	24
132	35	20
147	34	28
124	13	20
383	35	24
704	35	20
89	15	4
292	19	16
103	23	24
87	11	32
48	25	32
289	35	8
257	13	12
289	11	16
221	32	8
51	24	12
402	34	24
229	34	4
62	27	16
314	16	20
475	27	4
723	33	4
134	12	28
76	15	20
31	31	12
783	33	4
487	33	4
408	33	12
736	27	28
183	28	12
118	14	28
24	19	16
597	31	20
160	16	16
199	35	20
150	30	24
498	26	28
467	22	28
514	33	8
698	32	4
519	34	8
360	15	32
358	16	16
219	16	20
303	35	28
227	27	12
259	33	8
84	25	20
109	21	20
591	35	4
109	8	8
70	30	32
577	28	4
141	27	28
122	20	32
178	16	4
470	35	8
125	19	4
337	19	24
223	22	24
103	28	16
117	29	20
241	24	16
121	10	20
119	18	16
960	35	24
413	29	32
213	32	8
76	10	8
179	34	24
366	17	4
233	18	32
224	35	16
115	18	16
30	29	24
32	30	4
179	22	28
786	35	20
248	26	24
15	9	24
361	31	20
251	30	12
614	35	20
433	28	32
624	22	32
430	25	24
40	33	16
114	27	32
776	29	4
522	21	20
340	13	28
21	7	8
31	6	8
45	14	12
153	30	24
48	2	8
166	35	28
281	18	28
598	35	4
287	18	8
21	2	8
344	21	8
605	35	32
234	35	24
433	27	8
647	31	28
514	29	20
479	19	4
24	21	16
220	24	16
448	24	32
87	32	16
198	26	20
193	28	32
141	25	12
961	34	20
360	28	8
8	3	20
57	14	8
299	34	28
62	17	24
220	25	28
227	31	8
433	32	12
118	10	20
21	9	20
270	32	4
649	35	16
112	32	12
65	24	32
29	12	20
369	19	28
71	25	16
674	31	24
592	33	4
656	25	24
72	30	16
212	10	8
420	17	8
557	19	20
195	31	8
230	35	8
35	30	32
256	22	4
964	35	24
22	9	28
626	34	8
130	14	32
45	21	8
312	24	4
30	19	4
420	30	32
206	27	24
43	11	4
456	28	12
246	13	24
260	19	32
73	32	4
258	30	8
202	32	12
107	32	4
121	9	4
393	16	24
13	3	28
149	20	8
299	27	20
54	20	16
649	35	28
619	31	16
76	34	12
186	26	16
395	35	24
166	25	32
517	33	12
33	4	32
304	22	16
520	28	20
461	35	8
782	34	12
26	1	12
34	23	4
252	12	16
18	9	8
79	20	12
325	35	32
34	14	28
145	35	16
410	25	20
396	34	8
518	18	12
84	14	4
304	34	32
516	26	24
89	10	20
47	25	20
43	16	12
124	7	32
394	32	12
128	30	28
39	3	24
510	26	24
90	28	4
1017	35	28
61	17	20
153	22	12
322	22	4
402	20	20
593	32	20
432	30	24
84	35	20
143	19	12
88	29	16
329	35	20
497	27	20
59	15	16
632	35	16
416	24	20
148	21	24
951	35	8
321	27	8
18	4	32
575	26	8
287	20	12
84	29	20
264	28	20
249	26	16
38	29	28
484	27	24
42	13	16
302	29	12
417	21	32
18	15	20
568	33	8
75	20	4
115	23	16
234	31	20
61	30	12
110	11	12
120	13	20
509	31	12
415	22	4
436	29	4
135	13	8
168	14	12
124	32	8
682	32	8
64	25	8
491	24	24
91	34	24
239	29	32
524	32	32
686	27	4
87	29	32
329	28	4
55	20	32
296	19	4
481	23	28
135	35	28
238	32	32
326	25	28
332	15	8
111	28	24
331	35	12
593	34	4
53	3	24
150	35	32
28	6	12
223	27	28
161	19	12
469	29	16
66	14	28
34	9	8
402	15	28
221	23	16
25	15	32
60	27	28
237	17	24
373	31	8
116	24	20
177	25	24
148	11	24
177	19	20
789	34	24
316	22	12
413	25	32
146	24	20
278	18	20
299	18	12
227	33	24
23	18	12
282	35	16
289	28	8
42	31	4
109	19	20
349	13	8
56	33	8
651	26	16
40	16	8
139	35	28
418	27	16
93	14	24
25	15	12
13	6	32
723	34	20
116	33	8
297	34	8
346	15	32
199	8	24
142	12	20
195	27	24
263	26	28
808	30	28
420	23	4
941	35	12
471	18	24
267	15	28
61	11	28
295	19	24
104	25	12
457	26	24
394	29	24
301	34	16
346	19	24
108	22	32
207	17	28
110	21	28
81	33	12
167	25	28
125	32	28
449	18	24
572	31	4
718	30	12
341	35	16
52	25	20
178	23	28
35	28	28
128	11	24
376	33	16
83	20	12
613	33	8
135	14	16
166	26	4
286	22	16
78	28	20
253	31	8
477	35	16
164	20	8
115	14	24
107	31	24
471	28	20
546	28	20
153	33	4
742	35	24
654	33	4
33	31	32
282	30	16
120	12	8
157	35	20
403	18	32
680	23	32
237	34	20
51	22	32
768	32	28
214	12	32
368	33	4
122	23	16
375	17	24
31	19	8
368	27	28
137	19	4
116	27	24
221	32	20
53	20	12
158	22	28
380	26	24
95	24	16
62	6	24
863	33	16
212	32	8
265	32	12
98	11	28
75	32	8
218	11	20
395	29	20
66	25	32
833	35	16
319	18	32
324	25	12
194	20	12
224	33	8
471	34	12
621	22	16
416	17	28
490	33	16
44	2	16
174	23	16
302	24	32
436	19	32
874	30	4
155	34	8
142	34	8
235	13	8
660	29	4
391	19	12
90	27	16
248	10	8
53	11	28
598	32	8
33	27	20
42	14	4
257	35	4
731	28	16
226	34	4
252	30	20
246	17	16
320	27	20
505	22	20
349	34	16
358	17	16
182	15	16
17	13	20
206	19	28
345	18	12
450	30	24
178	26	12
297	27	12
73	18	24
105	5	24
546	35	28
477	30	4
546	26	24
16	14	24
317	18	24
196	35	24
256	17	8
335	23	32
908	34	20
65	26	24
91	13	12
129	31	4
547	35	8
187	15	16
286	32	8
372	27	16
12	4	24
562	22	8
8	6	8
105	35	12
164	28	4
641	35	24
61	33	8
282	32	4
320	23	4
243	12	28
242	12	16
65	11	24
368	20	20
768	34	4
193	29	8
310	20	8
242	27	24
152	26	24
87	27	20
413	34	32
72	32	24
552	30	4
116	27	28
126	30	32
147	9	20
320	32	24
285	23	4
16	9	24
399	20	32
274	12	12
402	27	4
226	23	8
197	27	8
707	30	28
393	24	16
279	27	24
67	15	28
723	33	28
787	34	8
45	20	20
99	26	16
425	25	32
141	31	28
39	27	12
609	34	4
40	35	12
238	11	16
489	24	16
165	22	4
60	5	32
278	23	32
363	31	12
230	13	32
160	15	16
893	34	28
585	24	16
616	32	4
372	32	4
171	13	12
295	16	4
154	24	12
203	17	12
117	15	4
65	16	16
447	27	24
217	26	20
63	30	4
218	28	20
286	26	16
70	13	12
544	32	16
225	23	20
346	34	28
216	30	16
68	12	16
190	17	32
222	17	12
335	21	28
471	27	12
123	15	12
264	23	16
223	24	12
147	12	4
226	15	24
188	33	32
45	4	32
194	30	8
139	26	24
112	22	12
470	34	12
596	24	32
82	13	8
511	21	32
296	30	20
97	10	12
455	35	4
294	35	16
393	24	32
541	35	16
62	27	24
113	27	12
639	24	12
52	10	8
340	28	8
319	25	8
517	26	24
36	28	4
46	9	4
477	24	20
425	22	4
317	20	24
216	19	24
30	19	24
194	26	4
235	24	20
283	14	4
109	31	20
590	31	32
140	9	4
649	33	12
756	30	16
55	30	12
195	23	16
119	9	8
614	32	32
366	31	16
33	5	32
547	30	8
207	21	32
510	30	24
39	24	20
652	29	16
320	15	16
133	18	12
451	24	24
316	22	28
142	27	28
82	27	8
23	5	8
42	32	16
202	15	28
614	34	20
38	33	16
486	21	4
135	33	8
148	15	8
327	24	32
113	11	28
334	31	28
95	24	20
241	14	8
435	32	4
553	32	32
33	31	4
246	31	4
478	23	8
105	8	20
345	29	12
739	26	12
130	21	24
215	33	24
247	29	32
247	21	16
109	18	28
95	6	16
519	28	4
278	32	16
323	29	24
162	13	4
272	31	12
148	31	24
69	13	24
64	24	20
520	25	12
881	35	20
50	25	24
78	31	4
785	28	4
320	28	28
34	15	8
34	13	4
147	13	12
33	12	12
122	8	8
633	25	8
480	24	20
45	15	4
112	34	4
293	27	20
383	28	4
95	29	32
113	27	32
431	30	16
422	19	12
164	24	4
41	29	12
156	30	8
401	23	28
198	24	28
59	32	8
417	26	28
779	34	32
393	15	32
23	8	24
439	21	16
125	20	28
734	32	16
124	31	24
370	27	12
144	32	32
119	8	12
409	15	4
72	28	24
189	23	4
216	20	28
251	23	28
101	21	16
104	11	8
274	32	32
486	27	4
199	35	28
743	27	28
794	33	8
879	35	28
552	32	28
396	22	32
295	21	16
305	26	12
123	10	32
145	22	16
301	35	12
639	25	20
578	33	4
299	35	8
524	25	20
389	29	12
104	19	8
233	27	20
236	21	4
542	30	20
182	26	12
255	29	8
200	18	12
64	20	20
271	20	16
346	27	16
160	12	28
146	27	16
140	34	16
480	27	32
464	34	8
506	23	4
175	12	8
192	21	28
36	34	24
143	14	24
223	25	24
223	19	20
960	35	20
425	27	4
222	33	16
79	31	12
100	14	8
160	28	32
168	9	8
27	18	4
266	14	12
597	33	24
366	35	32
643	24	32
631	27	20
34	8	8
122	23	24
120	32	16
273	22	8
36	2	32
558	27	24
253	19	12
213	34	16
661	33	20
197	23	4
29	22	24
917	32	32
659	26	20
133	31	20
61	21	32
80	31	32
99	30	20
464	27	20
156	31	32
256	27	16
131	16	12
850	35	24
69	29	16
738	30	4
119	6	16
54	19	16
440	28	32
277	32	4
34	22	24
794	33	16
309	35	8
103	5	16
188	22	28
435	35	12
420	22	16
728	34	24
166	8	32
33	30	4
432	18	4
371	27	28
126	30	24
484	23	4
175	30	32
603	30	4
232	29	20
240	28	24
77	5	4
150	29	32
394	29	4
103	12	32
45	6	20
119	25	8
179	22	4
602	31	12
33	33	24
382	16	32
641	31	32
533	35	28
121	29	8
539	20	8
482	34	4
451	19	28
86	5	4
295	29	28
514	30	24
434	27	20
615	28	32
96	27	24
35	20	8
263	34	12
283	15	12
473	29	24
799	32	32
552	25	16
101	20	32
570	34	24
37	35	24
565	32	16
471	34	24
98	32	8
90	22	32
433	19	32
637	28	32
361	19	32
721	34	28
486	29	8
701	35	28
208	17	4
284	29	12
98	27	16
631	31	8
194	15	20
287	24	16
253	25	28
174	22	20
296	14	16
190	19	12
393	32	28
500	32	28
327	18	4
148	29	16
564	34	12
81	10	20
317	29	28
18	10	32
388	25	8
389	21	28
148	6	4
738	31	12
208	9	4
258	25	24
81	14	28
479	26	4
553	33	20
37	19	12
518	33	24
329	20	12
92	16	20
67	20	12
220	28	24
136	27	8
282	13	8
223	22	28
71	9	4
35	18	12
476	33	16
132	25	12
415	30	16
156	10	28
136	11	28
148	9	20
707	32	28
367	22	16
775	33	16
56	10	8
79	31	4
265	17	20
272	33	12
604	32	12
117	26	28
455	26	32
371	26	28
333	27	24
553	19	20
238	10	24
186	33	12
35	25	4
411	22	12
225	30	20
247	12	4
285	32	28
464	21	12
141	33	16
182	28	24
267	34	8
143	11	4
777	33	4
468	33	12
381	30	24
324	12	32
286	27	20
104	11	12
83	29	28
141	19	8
450	28	20
111	27	16
88	29	24
450	28	24
451	29	12
356	19	16
246	25	28
649	34	24
112	7	24
167	16	24
212	12	24
207	32	32
292	20	28
359	26	12
532	33	32
181	31	8
142	26	20
320	29	16
288	13	8
654	32	16
134	29	12
313	30	16
324	23	24
227	21	16
234	35	12
28	12	20
14	4	12
40	17	20
166	26	12
333	23	12
69	26	4
689	26	28
316	31	4
689	31	12
526	26	28
384	17	8
141	26	32
13	3	4
117	21	12
234	33	4
236	18	8
234	28	8
336	18	24
626	32	4
404	26	20
176	21	4
298	17	20
410	29	32
343	33	16
62	28	8
196	11	28
316	18	8
482	35	8
158	29	16
13	7	4
446	29	16
310	26	4
441	21	12
206	13	32
231	10	24
138	16	16
115	9	8
276	23	8
385	28	16
245	15	32
296	21	12
369	30	24
66	33	12
131	21	32
126	17	16
549	25	28
23	19	8
309	35	4
210	33	20
559	21	28
78	9	16
244	35	24
578	35	24
285	12	24
540	32	20
112	28	32
387	34	20
155	28	32
170	22	4
532	30	20
658	24	32
465	32	20
550	29	28
532	30	4
58	14	28
472	27	32
771	27	28
532	29	24
19	7	16
62	34	8
310	21	16
737	29	24
806	33	16
265	27	20
137	19	12
515	32	24
919	31	4
682	29	28
352	24	4
290	35	12
168	31	4
714	25	16
26	21	8
35	13	4
141	25	16
127	23	12
287	34	32
134	29	4
277	33	8
767	32	4
187	22	24
195	18	4
161	14	8
459	16	16
831	31	16
205	31	28
456	30	32
61	35	20
160	20	28
86	12	20
55	21	20
84	6	20
167	8	8
59	20	24
720	29	8
42	3	20
71	21	16
241	11	24
87	7	4
52	16	28
213	21	24
337	30	12
375	32	24
196	33	8
547	21	8
349	27	28
81	20	4
102	5	24
283	17	24
262	22	8
100	35	12
110	8	8
3	3	20
487	31	12
324	29	32
40	10	28
30	2	28
967	34	16
167	33	32
513	22	20
344	34	8
76	31	16
217	21	16
66	14	24
128	24	16
104	30	8
41	6	24
47	27	8
69	21	4
532	25	8
245	11	16
284	12	8
72	7	12
353	21	24
409	32	32
255	25	20
889	30	28
95	15	4
47	13	4
166	20	4
89	10	24
737	34	28
127	8	12
156	13	28
87	6	12
204	30	16
146	19	8
159	28	32
332	29	28
572	20	16
173	20	24
153	22	16
317	30	28
156	8	20
161	34	4
38	13	16
110	34	24
394	35	12
180	14	12
183	25	20
503	24	24
289	15	8
343	26	4
55	3	8
341	17	24
3	1	24
702	27	28
269	17	32
98	35	32
156	6	20
225	24	16
165	22	28
286	21	24
370	26	8
184	34	32
592	32	20
173	19	32
534	24	20
394	15	16
535	26	28
40	29	4
41	20	8
396	34	4
706	27	24
660	34	32
174	18	12
115	30	32
600	27	32
24	23	32
461	20	4
366	22	4
246	20	20
58	5	24
118	11	32
162	18	12
284	13	32
42	7	8
394	32	16
536	31	28
106	20	32
323	23	20
85	11	20
545	22	12
85	30	16
160	17	16
199	11	8
657	34	8
395	23	28
176	28	24
32	28	24
881	32	24
430	35	8
167	32	24
646	33	4
745	27	16
85	27	16
521	28	28
183	31	20
226	23	16
238	35	32
295	29	32
500	24	20
705	32	24
98	17	8
98	23	24
520	23	4
48	31	8
106	5	28
153	32	24
558	34	28
411	35	24
193	33	20
631	34	28
117	34	16
98	19	32
116	26	16
313	18	8
215	27	8
90	27	20
56	34	20
434	22	24
238	22	32
54	5	8
100	26	20
473	27	4
232	30	20
686	35	16
70	25	16
425	30	32
32	5	20
203	20	32
247	22	28
122	18	20
64	14	20
102	7	16
48	24	24
242	27	4
55	34	20
92	14	12
296	26	24
203	31	28
465	31	16
852	32	28
262	16	20
715	35	16
184	26	8
509	24	20
163	30	28
185	20	12
563	30	8
160	28	8
204	22	8
122	13	28
357	27	16
15	11	12
464	29	12
942	35	4
247	19	32
318	14	8
216	17	24
77	14	28
177	18	16
586	32	32
336	19	28
275	16	12
126	17	20
577	22	20
303	30	32
814	33	16
21	7	12
86	19	28
119	27	32
846	32	24
540	24	28
506	33	12
738	33	28
276	24	28
873	32	12
172	12	4
887	32	20
511	30	8
261	29	24
114	28	4
44	20	16
154	29	4
118	18	8
725	30	32
604	35	8
148	29	8
517	22	8
540	33	20
141	10	20
12	9	4
173	13	32
748	28	16
381	15	4
826	32	20
56	7	32
78	19	8
174	30	4
689	29	4
393	15	16
318	16	8
479	32	24
422	34	8
169	34	4
38	6	32
393	26	24
417	25	32
8	7	24
108	14	20
43	15	8
516	26	4
183	19	12
80	14	20
245	30	12
230	35	4
346	32	32
178	33	24
432	28	4
436	18	4
208	19	24
79	11	12
458	26	28
105	33	24
806	34	24
20	17	8
398	17	20
115	18	20
210	9	4
26	16	28
278	19	8
93	22	16
594	30	32
464	17	32
638	26	4
247	17	24
50	4	32
281	19	16
198	22	32
37	7	24
85	25	32
701	29	12
168	22	24
306	23	32
117	12	4
477	25	16
564	29	8
109	20	12
26	3	12
397	28	16
376	24	8
302	20	8
489	32	32
296	24	4
79	16	12
115	28	8
288	16	32
4	2	20
368	33	28
74	20	4
147	30	12
522	29	16
771	34	16
651	29	12
241	21	28
405	26	12
22	15	32
94	11	16
133	24	28
13	4	28
49	12	8
55	19	16
366	26	20
689	35	12
321	23	24
71	23	32
56	24	8
274	16	32
234	19	20
206	27	8
267	34	32
816	32	24
80	21	4
66	23	28
400	33	16
296	26	20
594	20	32
86	35	20
143	25	16
21	5	8
781	33	12
72	34	16
173	22	16
194	22	20
596	28	28
399	20	12
138	18	12
421	18	12
503	25	4
382	17	24
235	16	12
437	33	12
396	21	8
474	31	28
85	4	28
849	33	12
502	25	12
382	32	8
575	27	28
352	26	32
104	16	8
343	15	8
35	9	32
700	29	24
182	14	20
80	32	16
134	31	24
603	34	4
55	28	28
195	33	16
640	23	32
137	16	12
239	28	32
330	21	28
135	21	4
202	14	12
170	21	28
75	34	8
87	28	16
712	33	16
138	22	12
373	21	28
511	32	32
396	28	28
115	32	8
264	30	32
401	33	28
660	24	24
96	22	32
379	32	12
299	32	12
111	15	16
54	26	12
86	20	8
122	27	32
169	16	8
102	23	28
137	21	16
215	14	20
602	24	24
373	23	28
183	28	24
111	32	28
218	33	8
112	35	28
610	24	28
145	21	12
668	31	32
487	35	12
285	26	20
157	14	16
285	24	28
209	15	20
54	35	32
120	14	8
122	16	20
640	33	12
694	25	32
529	34	12
235	31	20
149	14	28
649	34	16
31	23	32
221	16	24
410	18	8
457	30	8
584	29	28
487	32	12
911	34	16
209	21	16
232	28	4
272	15	28
165	28	12
661	25	4
857	35	24
480	26	16
743	34	20
171	20	8
273	30	16
575	23	16
403	33	32
336	29	24
296	33	12
333	14	20
370	25	4
633	33	20
187	9	4
377	31	20
346	29	8
264	32	20
327	15	12
305	19	16
352	33	4
379	27	8
388	35	4
746	35	28
289	35	32
338	18	32
319	29	4
293	21	20
38	32	20
149	15	12
36	19	4
298	17	28
259	24	4
177	14	20
91	30	32
249	24	32
124	15	12
159	29	8
552	28	12
116	26	12
400	27	16
144	28	12
393	27	24
336	33	8
349	19	8
31	12	20
195	16	20
127	27	8
38	5	16
303	18	24
165	32	28
308	31	20
236	22	24
952	33	20
508	26	12
627	33	4
6	5	4
331	18	24
110	15	12
24	1	32
685	26	4
158	15	24
563	28	8
433	16	8
125	30	8
201	28	24
47	3	24
166	22	8
150	25	28
241	11	20
18	7	8
245	19	4
222	25	24
349	27	32
8	7	28
260	25	8
164	18	32
119	8	16
57	21	8
180	19	28
680	32	32
188	32	16
229	9	32
64	8	4
308	33	4
647	33	16
509	34	20
186	13	32
35	2	16
484	19	32
53	23	24
264	29	20
414	29	20
22	9	32
75	27	20
176	13	32
516	24	32
87	29	12
143	33	4
57	34	16
80	9	20
402	32	28
303	17	28
477	33	4
403	23	16
52	32	28
45	3	4
121	14	4
410	20	16
123	28	12
107	23	12
295	21	20
169	21	28
114	29	8
200	16	4
136	18	4
190	32	32
485	33	4
258	24	12
42	25	28
877	34	20
93	12	24
451	23	32
91	35	20
38	10	24
219	17	24
70	15	4
440	32	32
231	13	16
42	30	24
230	13	28
140	23	20
74	9	32
357	27	24
373	28	24
22	22	12
50	14	4
228	24	32
61	11	16
79	29	16
63	24	32
236	26	28
54	24	4
15	13	28
333	34	12
334	33	12
756	26	12
133	27	28
168	34	12
692	35	12
164	29	8
654	28	28
31	20	32
451	23	24
144	10	4
135	31	20
317	31	28
41	10	28
419	33	8
648	29	16
688	29	8
108	28	16
495	35	20
231	20	28
572	32	12
911	33	8
192	35	28
239	16	16
448	23	32
152	21	16
374	24	4
54	20	20
102	9	12
474	32	32
263	35	28
76	21	12
72	8	16
200	32	16
30	4	24
806	30	16
218	30	32
202	33	20
195	30	4
794	27	8
27	17	28
54	30	4
286	28	12
55	29	20
602	30	16
523	29	16
222	34	28
208	29	16
641	34	32
647	34	20
263	27	20
67	16	32
589	35	8
79	23	12
93	34	12
75	21	32
125	16	4
194	15	4
380	28	4
166	27	16
155	11	20
637	23	24
219	30	4
93	12	16
567	28	12
219	32	4
109	18	20
360	29	28
184	26	4
270	10	28
126	15	4
798	35	24
210	14	8
93	28	24
287	16	12
71	6	20
753	32	24
216	17	4
79	34	16
164	11	28
284	35	24
190	24	32
341	35	32
326	32	4
267	15	8
257	19	24
405	29	8
685	34	16
600	24	12
295	33	24
323	27	8
618	23	12
37	11	24
669	33	16
90	19	24
432	32	28
15	12	4
528	19	24
41	23	32
626	32	32
262	14	8
54	10	16
723	35	28
415	31	12
332	25	16
37	15	20
398	28	4
720	28	28
222	35	16
130	14	20
166	35	32
82	25	12
295	23	24
461	34	28
246	23	20
65	13	16
346	25	32
310	31	32
75	8	8
414	19	32
887	34	8
185	31	16
684	34	8
460	31	12
113	13	8
33	12	16
668	32	28
119	9	12
27	27	4
399	17	8
138	35	20
41	18	8
152	29	20
473	29	16
261	20	28
615	35	16
584	28	4
296	31	20
26	4	24
447	21	32
29	24	32
478	19	16
230	35	20
955	35	4
293	24	12
46	34	4
448	34	32
223	22	8
101	14	24
47	5	4
41	4	8
69	3	12
330	24	8
346	35	20
121	10	8
136	11	16
69	4	32
360	31	28
138	34	28
256	34	4
167	15	12
265	15	4
107	14	4
48	25	12
539	23	12
184	13	8
21	5	4
870	30	24
142	9	20
104	29	24
442	24	28
36	16	28
587	34	24
121	11	32
112	6	8
335	14	16
621	35	24
20	12	12
45	32	20
216	35	4
716	35	8
624	33	32
51	13	16
290	17	8
290	29	8
72	28	16
23	18	28
110	21	32
882	32	8
158	17	4
20	13	32
160	29	12
57	27	16
261	21	32
120	35	20
155	31	16
763	34	32
145	13	28
613	35	28
244	25	28
300	25	12
85	4	16
213	28	16
523	29	20
222	11	16
115	5	28
182	31	8
255	11	16
182	31	4
262	18	4
130	34	4
33	30	20
445	16	28
479	34	8
19	6	8
278	28	16
261	28	12
456	23	20
20	5	32
371	31	20
68	18	32
191	34	32
214	31	8
167	21	8
581	26	12
293	28	20
114	33	32
545	33	16
255	14	32
96	11	20
71	5	24
192	18	4
271	27	16
206	25	16
226	28	8
82	29	28
170	35	4
58	27	8
298	25	20
155	21	20
314	12	28
57	31	24
124	34	16
324	27	24
53	21	4
498	21	24
208	12	28
639	27	8
142	11	28
194	16	20
67	26	8
80	18	16
76	26	24
556	34	32
62	28	32
104	11	16
470	19	32
193	32	28
408	23	20
150	26	16
272	12	12
386	26	20
178	11	16
36	29	16
359	28	4
93	30	28
459	21	32
413	33	28
231	24	8
476	33	4
29	25	28
221	12	8
68	25	12
182	14	24
804	27	4
279	16	8
433	32	20
638	30	32
496	35	28
757	35	12
188	18	4
49	18	4
26	12	12
470	19	28
275	35	20
496	19	8
181	17	32
116	29	12
74	14	8
132	7	4
211	34	24
832	32	28
585	25	28
34	14	32
327	30	20
204	35	8
356	19	32
209	29	8
174	31	12
349	19	32
378	32	28
275	10	28
596	24	28
566	24	8
328	21	12
428	23	16
224	35	8
282	26	32
452	21	20
376	33	4
197	18	4
265	19	28
38	26	4
46	28	24
82	18	32
527	26	24
413	15	4
153	35	16
821	34	32
92	30	28
650	32	16
125	30	16
275	28	4
367	31	32
387	34	8
299	26	8
320	16	4
67	25	4
93	9	20
116	28	12
385	30	8
164	23	20
575	35	4
180	18	16
315	23	8
127	26	28
101	19	28
649	35	4
756	30	24
600	24	16
300	31	24
187	33	16
384	30	24
83	12	12
275	26	8
5	4	12
148	23	16
424	19	8
39	17	4
614	21	20
206	10	28
38	31	28
266	23	16
104	29	8
331	21	4
631	35	20
77	9	16
421	19	4
152	28	32
367	32	28
216	18	12
633	35	20
37	3	24
490	31	8
341	20	16
272	29	4
502	34	4
110	10	4
147	17	16
268	22	4
136	18	28
359	34	32
118	14	12
64	24	4
49	18	24
217	14	8
554	22	24
660	27	32
417	22	20
424	25	32
736	30	4
350	31	28
123	23	32
34	20	24
272	27	24
184	10	12
711	28	20
151	34	20
524	32	4
102	17	24
679	33	32
38	25	32
324	18	4
276	23	16
591	28	12
74	5	24
226	22	4
494	32	20
82	6	20
738	33	8
503	32	32
61	5	32
231	29	32
227	10	20
848	35	12
29	16	20
878	35	4
74	22	20
239	27	24
84	27	20
605	25	12
497	23	32
862	35	32
356	27	12
573	30	16
97	11	28
274	33	28
155	20	8
346	15	16
179	20	8
579	29	8
539	28	32
100	15	20
165	33	32
99	32	24
633	29	12
810	35	8
36	23	24
218	30	12
276	29	32
288	14	24
371	25	28
107	31	4
977	34	4
169	33	24
535	32	16
182	30	28
575	28	16
212	18	4
489	35	20
211	26	12
340	15	8
523	27	28
224	35	20
825	29	4
141	8	32
204	16	16
302	31	8
55	22	4
68	14	8
98	8	12
300	35	24
186	15	32
459	29	32
566	30	28
43	18	12
311	17	20
47	20	20
88	34	16
338	27	8
299	19	8
264	35	8
129	12	20
112	15	4
72	26	28
84	28	16
475	32	8
55	4	16
476	28	16
205	19	20
149	12	28
154	30	4
612	34	28
71	5	20
53	24	4
126	35	16
42	31	28
476	26	28
282	18	16
247	33	16
459	21	28
519	27	28
39	20	20
168	34	24
138	14	4
688	34	28
228	13	8
90	28	24
269	19	28
230	32	12
62	26	32
388	22	8
29	28	28
196	23	4
271	31	28
345	15	28
126	20	32
165	14	20
145	7	32
186	25	8
565	22	8
87	27	16
56	16	4
402	32	16
34	3	32
379	28	4
174	17	24
114	5	20
557	29	32
534	35	16
126	26	28
535	28	12
48	3	20
495	27	28
336	28	20
403	28	16
253	24	32
230	28	12
46	13	12
602	26	24
41	11	4
279	22	12
82	14	12
250	34	16
35	3	12
46	29	8
36	8	12
659	28	28
374	32	16
57	21	24
350	34	4
613	30	16
417	25	20
737	33	32
30	17	20
54	21	24
845	31	24
60	27	4
166	24	12
408	28	16
92	31	24
50	23	16
959	34	32
600	34	8
261	15	20
345	35	4
112	25	32
122	32	4
124	30	28
55	33	16
449	28	16
60	20	32
50	9	32
198	10	28
131	27	20
149	34	16
680	34	8
128	13	4
499	33	24
52	31	4
166	17	12
558	25	12
293	11	8
180	32	28
208	20	28
774	32	4
31	20	24
559	27	24
264	29	4
67	32	4
385	25	28
467	21	16
658	34	20
462	29	4
204	15	4
399	24	20
151	9	32
461	28	4
145	22	28
152	35	20
314	28	4
185	34	32
91	22	28
66	34	20
98	11	12
577	28	8
110	17	4
472	23	32
457	21	4
99	19	20
258	15	20
13	11	28
16	15	8
617	33	32
165	10	32
488	25	20
178	23	8
264	34	20
543	35	28
159	20	20
371	15	24
14	4	32
574	31	8
454	35	16
134	26	8
480	27	20
374	22	12
240	34	32
38	12	4
43	5	32
427	23	20
619	28	8
283	12	4
60	11	24
74	27	4
686	28	20
364	31	20
267	31	12
372	34	28
109	26	4
374	15	12
675	26	12
498	35	12
554	34	4
169	32	28
325	26	28
230	24	12
183	33	28
638	32	28
288	19	32
348	24	24
575	30	8
116	35	4
328	19	28
114	5	12
430	26	16
493	28	28
469	25	8
7	6	16
327	25	24
440	30	12
357	28	12
97	32	4
50	3	8
99	8	12
177	26	32
93	7	12
125	22	4
104	8	8
541	27	8
80	27	16
586	31	24
649	34	20
163	21	20
381	24	28
467	23	8
145	34	4
375	31	12
144	21	32
781	32	16
195	13	24
537	27	4
176	32	28
358	31	12
44	14	16
139	10	32
116	23	12
158	33	8
199	32	12
690	32	4
284	28	28
425	26	16
254	33	16
162	29	28
88	20	28
539	29	28
72	25	16
81	4	20
24	19	4
513	25	28
454	33	24
268	21	8
572	22	20
275	34	24
400	31	20
361	25	4
374	24	32
670	30	24
219	31	24
471	28	12
155	27	24
26	5	4
49	6	32
101	6	4
151	29	12
397	30	12
48	30	12
238	20	12
570	24	24
417	27	4
327	35	32
316	33	4
174	28	4
537	31	32
605	31	16
261	22	12
445	30	32
652	30	12
15	1	32
62	31	8
377	24	20
81	5	8
251	33	16
137	11	32
328	35	12
456	35	4
198	10	16
248	9	32
355	16	20
515	18	16
157	19	16
22	2	8
169	8	24
354	20	4
574	33	32
684	33	32
295	21	4
491	35	24
579	25	24
311	13	28
139	16	12
518	29	32
36	20	24
59	31	24
576	20	16
54	16	32
263	28	28
468	33	16
391	17	32
91	25	4
14	5	4
449	21	28
106	10	16
101	18	32
123	9	20
589	30	28
54	32	32
343	31	12
183	26	16
56	32	16
30	9	20
171	13	32
244	22	4
665	28	8
131	13	12
538	34	20
534	26	24
852	32	20
196	18	8
138	11	28
487	19	8
120	26	32
105	23	4
366	33	32
346	13	32
356	30	24
276	33	24
246	29	4
545	24	4
564	35	4
669	34	24
157	19	28
287	22	28
44	23	28
148	17	16
155	31	28
56	27	4
197	34	20
307	16	20
327	31	24
412	21	32
242	19	20
238	18	24
652	33	12
387	23	32
62	9	8
273	18	24
165	24	32
42	25	12
338	19	4
708	28	28
395	30	20
386	30	8
248	32	8
613	32	4
477	34	20
250	20	20
136	9	16
618	27	24
44	19	32
163	25	12
579	21	24
501	32	32
355	33	12
185	32	24
239	16	28
562	24	32
395	19	28
93	33	24
421	31	16
105	21	32
806	32	20
449	27	24
507	24	24
183	13	8
269	22	12
230	20	28
98	9	8
297	19	28
254	26	16
34	8	4
218	16	16
437	32	20
142	17	12
160	30	32
450	32	12
324	28	20
122	17	32
305	25	12
31	23	4
38	32	4
138	33	12
30	14	12
403	26	4
424	26	24
125	12	32
898	32	24
190	25	28
311	24	4
245	15	16
776	31	8
188	34	12
27	18	8
529	30	20
329	31	20
30	24	16
143	23	12
500	32	20
208	30	24
68	19	8
280	21	32
228	24	28
128	16	20
860	34	12
242	21	20
94	19	32
367	26	4
159	29	4
78	22	12
392	31	16
29	4	32
70	29	28
40	33	20
428	34	8
412	16	4
356	17	28
155	14	12
431	28	32
170	29	28
75	5	4
115	25	20
152	13	8
622	31	20
53	16	16
413	28	32
54	15	20
338	24	16
588	31	24
36	9	4
198	21	4
177	26	4
457	32	8
705	35	16
84	24	16
68	7	12
20	2	20
172	25	8
363	33	20
81	20	32
204	35	4
203	14	12
307	26	32
627	33	8
218	31	28
425	25	16
90	29	4
47	16	8
123	20	20
132	14	32
181	12	28
246	30	20
784	33	28
382	28	32
138	31	20
841	32	8
555	34	24
257	27	24
161	27	8
71	34	12
69	17	4
409	32	8
323	25	32
92	13	12
203	17	16
67	15	12
34	2	8
513	32	8
201	26	28
796	34	20
504	26	12
77	17	28
279	28	4
139	24	12
123	30	4
314	20	20
44	23	4
33	16	12
708	34	12
282	32	12
70	23	28
529	24	28
254	32	28
190	23	24
11	10	8
213	20	8
182	22	28
934	35	12
87	8	4
91	18	28
82	27	32
131	10	12
61	33	32
479	33	4
532	25	12
946	32	8
377	30	4
9	8	16
897	31	16
74	9	24
84	22	12
144	35	28
209	16	28
260	10	32
251	11	28
356	28	8
423	32	4
56	27	12
311	26	32
379	15	28
38	35	4
436	35	20
49	8	24
327	30	4
323	35	4
341	35	20
518	18	32
549	35	8
355	27	16
917	33	20
110	24	20
124	11	12
520	33	12
180	14	32
204	29	32
314	25	28
446	31	20
684	29	16
251	32	16
332	17	4
96	9	28
511	26	4
431	19	8
181	31	28
194	10	4
102	29	8
317	21	20
64	33	16
311	31	4
209	27	4
47	25	16
277	16	20
328	15	20
230	35	16
209	10	24
273	28	24
323	35	24
142	15	20
119	20	28
51	17	8
54	33	32
295	31	32
363	28	8
150	16	32
57	5	4
468	34	24
117	28	12
32	4	28
313	24	24
549	24	4
663	26	8
221	28	20
542	29	32
185	27	12
58	19	4
130	10	16
415	23	8
286	32	12
540	27	8
386	33	32
342	21	28
335	18	20
500	27	16
151	13	8
349	25	24
31	11	4
250	31	16
837	35	20
92	30	8
395	20	4
130	8	28
176	32	8
389	19	12
69	6	16
339	16	16
211	34	20
131	26	24
98	17	32
246	31	8
452	29	4
313	13	20
154	15	4
612	26	8
41	7	28
444	17	16
297	23	12
57	11	4
163	30	32
506	28	16
73	17	32
288	15	20
216	26	24
345	35	8
315	17	4
97	16	4
426	25	32
109	33	20
343	24	32
419	20	28
909	34	12
62	8	16
157	29	20
882	32	12
109	17	24
333	18	20
163	10	12
15	12	20
295	25	24
533	33	32
794	32	16
80	26	4
98	10	16
154	18	24
164	11	16
233	16	8
510	19	32
264	31	28
7	2	4
381	29	32
612	32	8
3	2	28
589	32	4
156	32	28
129	29	24
155	17	24
458	24	24
33	16	32
283	17	28
230	10	8
103	10	28
479	17	4
317	35	8
581	33	24
246	19	20
56	35	20
26	12	32
216	34	12
129	33	12
373	25	20
111	5	12
226	27	16
474	31	24
348	33	32
50	5	20
53	34	20
216	24	16
39	27	20
797	32	28
177	13	12
45	11	24
246	14	28
192	31	24
374	34	16
404	22	20
200	17	16
171	6	16
282	23	4
258	26	24
87	8	16
73	11	8
321	34	8
355	17	24
283	34	4
676	34	16
67	28	12
515	25	24
23	4	12
61	14	20
366	25	16
211	11	4
858	34	4
36	13	24
86	16	28
526	25	12
35	26	20
160	17	28
190	27	20
104	27	12
548	27	8
108	20	4
350	26	24
309	25	24
70	22	4
720	30	28
160	19	24
320	25	24
205	16	12
171	23	16
214	28	16
164	33	20
161	12	20
642	35	4
298	35	4
46	27	20
76	7	8
487	22	8
328	31	8
596	29	8
405	20	8
152	27	32
576	28	24
775	29	28
170	12	20
388	33	16
469	33	4
518	30	24
201	13	16
39	26	16
94	7	20
644	25	32
335	25	8
311	20	8
889	33	8
184	23	16
574	33	4
181	13	12
103	24	20
59	23	16
55	11	16
168	22	4
59	6	32
64	29	20
106	15	32
188	11	4
356	31	12
244	19	12
668	34	12
84	21	32
149	33	32
266	23	32
118	26	16
92	23	12
257	34	20
241	21	4
177	7	32
213	34	4
112	26	24
150	9	8
506	18	32
151	32	28
88	7	8
386	26	4
379	28	8
526	31	24
74	34	16
71	23	24
448	31	28
381	20	16
261	17	28
345	13	24
487	31	16
20	17	16
284	13	4
505	27	32
535	31	32
248	10	12
111	34	24
418	15	24
287	22	12
542	29	28
264	21	24
413	32	32
491	35	32
290	21	24
149	33	16
74	25	8
196	24	24
703	30	28
745	34	32
369	14	32
120	29	32
60	35	24
260	24	20
660	27	16
353	16	28
54	7	20
207	13	8
35	5	32
19	3	16
63	11	16
482	30	32
165	22	8
191	19	24
491	25	16
503	31	4
546	25	32
339	27	20
229	22	32
66	12	16
145	7	20
370	31	20
53	15	8
639	27	20
88	28	20
178	29	16
153	34	12
110	30	20
24	17	32
475	25	20
125	6	8
187	9	28
97	35	32
459	21	24
88	11	8
189	14	24
302	35	28
271	29	28
329	29	28
125	29	24
247	18	4
250	27	12
130	20	16
238	16	24
621	34	8
297	23	8
68	28	12
432	22	16
390	28	16
324	34	4
117	24	16
19	18	8
38	23	12
307	21	32
124	14	24
254	23	8
204	14	32
53	4	8
675	33	32
30	2	8
736	35	4
190	16	4
344	25	8
220	34	12
362	29	8
252	10	32
159	15	32
331	35	32
459	32	20
40	9	8
14	4	16
126	24	32
722	33	4
178	18	24
176	27	12
346	20	12
286	16	32
280	19	16
378	25	32
190	18	32
53	3	20
78	15	16
158	12	28
50	4	28
238	15	20
436	29	12
300	25	20
129	24	12
255	32	8
84	14	28
499	25	12
890	33	28
59	19	28
212	31	28
47	26	20
9	2	24
127	13	20
180	9	4
573	25	4
164	11	8
30	16	20
379	23	16
311	34	8
162	24	28
144	29	32
70	14	12
25	20	32
72	18	24
172	34	24
198	13	28
94	6	32
177	34	24
78	17	28
450	34	24
633	29	32
12	9	20
397	30	20
6	5	16
262	17	16
146	29	4
309	27	8
181	32	20
136	22	32
553	29	20
122	27	24
411	29	4
207	17	4
293	27	32
444	24	20
129	31	28
106	34	32
410	15	28
19	18	16
383	29	16
255	24	4
362	21	32
196	17	16
436	32	24
141	23	4
663	25	20
29	26	28
489	27	24
11	4	32
674	30	24
306	29	24
95	25	4
125	29	20
153	27	16
186	26	20
145	32	16
267	34	24
24	24	32
660	27	20
230	11	8
153	18	8
389	24	8
127	19	4
23	19	12
536	25	12
149	28	16
101	14	8
116	26	32
178	33	32
225	30	8
67	19	24
58	29	8
408	28	4
261	31	20
43	34	24
541	29	24
176	22	20
154	15	28
269	18	28
289	27	16
155	21	32
113	17	28
246	12	16
230	33	12
151	31	12
660	33	12
96	12	32
464	29	32
459	31	16
100	27	28
491	30	32
222	22	4
167	28	32
369	30	28
199	18	12
253	18	28
271	18	32
255	28	8
318	15	12
604	27	4
819	34	20
922	35	8
723	30	24
505	32	28
322	27	8
567	27	12
351	29	24
48	18	12
271	24	32
775	31	8
200	30	12
234	20	8
70	24	12
416	26	4
130	30	12
35	30	8
9	2	32
225	25	12
142	22	24
446	35	12
35	24	24
200	29	24
86	27	16
300	18	32
746	26	4
323	22	4
15	7	24
44	11	28
407	32	24
618	28	20
560	27	24
198	13	20
211	27	24
441	17	28
236	35	16
2	2	4
481	24	4
74	26	20
71	23	16
33	30	32
436	22	4
46	33	12
426	25	8
176	21	20
193	15	28
79	21	4
538	31	8
698	27	12
15	13	32
140	34	20
38	26	20
191	34	12
617	29	16
14	6	4
808	35	24
687	27	24
83	32	12
484	32	12
425	33	4
310	22	8
23	6	16
173	23	12
637	25	8
536	26	32
483	26	28
494	27	32
122	10	28
254	32	8
343	27	32
58	20	12
439	29	20
576	22	32
8	8	24
278	35	20
186	23	20
147	16	28
457	35	12
242	23	8
222	17	24
558	30	12
150	7	24
26	23	24
557	30	28
224	12	24
375	34	32
130	23	20
629	34	12
522	34	4
38	8	32
113	19	4
411	34	24
591	32	32
603	35	32
95	25	16
45	20	16
319	28	24
260	31	4
194	25	12
352	25	24
421	33	24
484	27	12
99	5	16
655	27	12
207	35	8
170	34	32
567	31	12
134	21	24
225	28	12
39	29	32
268	28	8
168	15	16
216	17	16
365	20	28
374	31	32
84	9	28
451	32	20
182	15	20
48	31	20
355	35	12
536	21	12
683	32	8
197	19	20
461	19	32
319	13	4
602	34	8
261	22	24
150	17	24
378	31	8
216	11	8
488	35	4
907	35	32
109	30	16
451	27	32
169	23	28
769	33	4
192	13	20
748	35	4
119	26	20
336	30	12
210	20	8
784	35	28
236	23	8
236	16	4
628	30	20
772	32	28
206	21	24
82	18	12
249	20	4
202	28	4
513	34	8
717	24	4
143	13	12
120	17	8
318	17	24
111	30	20
114	12	8
200	12	4
294	35	32
277	17	32
287	33	4
33	14	4
134	32	24
318	25	8
370	33	16
592	25	32
11	2	16
108	4	28
138	15	28
388	28	32
116	5	16
272	31	20
441	29	12
124	5	12
111	16	4
51	33	28
301	23	20
157	20	12
397	33	12
517	28	32
232	24	4
239	13	4
58	28	24
491	24	16
132	28	4
487	32	32
84	25	4
230	16	24
28	25	28
64	4	16
570	25	24
265	24	12
155	28	28
144	23	8
265	20	12
160	8	32
379	23	32
340	16	12
209	11	16
235	27	4
628	29	4
284	21	24
338	16	16
368	29	8
386	18	24
511	25	28
69	33	4
108	35	8
228	23	4
92	22	20
659	35	8
83	12	28
103	22	12
112	32	16
78	33	32
73	33	12
357	28	16
255	26	24
21	4	4
66	34	16
213	31	32
155	30	8
216	12	16
930	34	32
373	19	12
359	27	4
476	22	24
277	21	20
294	34	28
245	27	24
354	23	12
632	25	24
362	13	20
269	27	12
