883	30	12
120	14	4
316	35	8
819	31	32
80	18	20
376	25	8
510	34	8
335	16	24
949	31	28
152	16	20
119	34	32
226	22	24
315	12	16
564	29	8
701	27	20
308	12	4
145	28	28
683	29	28
596	20	20
245	18	20
182	30	32
554	33	16
245	34	32
447	32	24
278	29	12
101	6	24
594	26	24
942	35	32
52	7	12
492	34	24
452	18	24
163	12	8
866	29	24
327	15	4
563	30	4
161	22	24
562	33	12
269	17	4
312	11	4
748	32	8
704	31	28
818	27	28
249	27	28
357	30	24
851	32	12
219	34	8
640	34	12
245	15	20
898	29	4
70	23	20
110	26	4
47	32	20
63	5	8
302	21	8
139	15	32
93	33	28
45	31	32
92	34	4
22	18	32
274	15	12
375	18	20
868	32	16
649	33	8
454	34	28
661	30	16
774	29	8
263	25	16
497	28	12
785	26	24
262	30	8
181	10	28
438	18	8
467	27	24
948	31	8
431	30	20
409	29	24
375	20	24
679	23	8
531	32	20
371	13	32
603	25	8
661	24	4
91	4	8
458	15	24
426	32	16
370	30	12
135	32	8
211	27	20
801	28	20
356	34	28
234	8	8
368	24	28
64	8	4
453	30	8
577	23	12
464	27	8
149	14	16
121	30	12
591	25	28
216	7	24
372	34	16
35	30	20
177	28	20
744	30	4
404	16	4
84	18	16
66	8	24
539	32	28
736	25	32
300	20	32
87	14	28
477	19	24
445	32	16
115	12	4
367	30	12
64	14	8
453	24	28
786	32	20
464	17	20
309	16	28
423	24	28
479	28	28
406	16	32
176	33	20
811	33	20
573	29	32
545	19	8
28	20	12
289	12	20
335	32	24
657	29	24
294	11	32
558	26	16
934	32	12
793	34	12
115	18	8
64	4	20
201	20	16
848	29	4
79	9	28
53	33	32
319	30	32
358	25	4
179	17	12
201	28	32
71	30	12
579	21	16
690	25	32
446	23	16
157	19	16
897	32	8
47	30	4
451	19	20
103	34	4
218	27	20
52	28	8
49	4	8
155	21	32
699	31	28
39	35	24
253	34	16
532	21	8
72	16	16
455	17	32
534	32	16
169	16	28
50	18	20
225	14	12
560	23	28
270	30	8
93	25	20
70	19	16
305	12	8
579	29	8
388	19	28
806	35	16
416	25	20
595	25	32
409	23	32
262	9	24
686	32	32
678	26	24
151	31	4
213	20	8
231	18	32
523	35	16
211	18	24
131	19	28
183	21	16
124	31	4
734	35	20
203	19	8
267	15	8
41	17	16
378	24	16
492	16	16
486	21	28
40	18	8
911	33	20
485	24	4
796	26	20
461	29	24
203	25	28
177	13	4
578	22	8
260	18	8
347	33	28
36	35	4
265	16	12
108	33	16
843	32	32
646	30	32
711	30	28
172	26	20
612	20	32
258	17	16
708	23	4
794	26	24
771	30	20
283	16	16
503	31	20
169	12	20
451	26	8
133	15	16
590	28	12
194	23	28
595	26	8
137	6	20
105	19	16
850	31	16
558	22	20
389	32	8
106	15	16
223	21	32
786	30	4
593	20	28
86	29	4
281	28	20
502	18	24
476	27	12
961	31	20
335	22	12
450	31	28
107	31	20
547	34	32
295	14	24
621	28	32
47	18	8
644	26	24
751	28	20
668	35	24
967	35	20
104	15	20
56	17	8
220	10	28
563	33	8
596	35	24
127	32	24
104	35	8
161	9	4
76	30	32
125	6	4
290	14	28
868	34	24
256	13	32
286	14	32
233	25	32
375	26	28
891	30	16
811	31	28
197	24	24
172	17	24
266	26	8
487	24	12
134	16	4
128	25	20
457	32	32
516	32	4
382	19	28
93	23	4
208	14	20
393	33	12
751	32	20
440	32	24
604	35	16
541	33	28
606	26	24
118	24	28
494	22	8
540	34	4
658	27	4
264	28	4
867	31	4
60	2	12
311	17	28
465	21	28
296	32	16
402	19	8
24	19	32
321	29	28
813	34	28
149	19	4
173	10	12
235	15	8
490	30	12
503	34	12
608	22	4
97	16	4
203	33	20
544	21	24
55	26	4
883	29	20
677	35	32
547	27	20
30	24	16
121	22	4
295	17	28
86	4	24
388	20	28
35	22	28
1024	34	4
887	30	32
610	20	32
27	3	8
60	13	20
527	34	4
564	22	16
345	21	24
115	35	20
24	10	32
282	19	20
372	20	24
191	13	4
159	32	12
233	35	32
479	20	20
728	32	24
293	24	20
250	31	24
706	34	28
358	16	12
16	5	12
468	33	28
190	23	8
634	34	28
390	22	28
387	34	28
103	24	28
81	19	8
451	28	24
899	30	12
562	31	16
132	14	8
334	13	24
637	33	32
464	20	20
193	16	20
781	26	8
786	28	12
413	16	12
429	21	32
22	12	32
250	10	24
75	8	8
330	21	4
502	19	24
1006	34	20
363	35	32
222	9	32
488	20	8
582	30	24
305	32	20
385	29	24
157	21	4
151	16	8
299	11	4
399	23	32
330	35	28
157	33	32
154	28	28
270	13	20
62	15	12
350	20	20
204	9	28
615	24	32
408	32	4
63	35	28
436	27	16
631	28	8
674	34	24
435	30	24
225	21	32
428	33	8
92	24	24
280	34	28
528	27	24
40	29	4
255	28	12
296	27	16
175	24	4
374	19	12
466	20	16
120	4	12
696	26	12
833	30	24
947	34	24
128	27	4
378	16	24
626	27	4
956	35	24
297	22	28
201	8	24
601	30	20
646	23	12
397	33	24
760	33	28
54	25	24
32	30	20
856	35	4
53	20	16
167	28	16
145	31	4
552	19	28
97	15	28
509	21	20
155	26	32
840	35	16
109	20	4
33	8	8
510	33	20
652	32	16
147	23	12
278	30	20
454	25	24
488	26	4
259	21	20
256	35	4
220	18	24
26	25	20
247	21	24
684	27	32
47	25	16
266	12	32
706	26	20
77	5	12
144	18	24
79	22	4
171	29	24
440	19	16
112	34	24
253	13	24
25	15	8
609	29	12
58	5	20
49	22	8
288	28	8
270	31	28
290	35	16
81	31	12
190	8	4
873	32	8
533	31	8
411	32	8
237	35	12
542	20	32
553	19	16
11	6	28
718	24	32
179	15	4
38	3	20
133	20	24
339	32	8
52	8	20
426	31	16
70	10	24
631	23	28
609	22	32
406	20	28
63	6	20
302	24	4
335	20	32
307	22	8
121	22	12
561	24	24
38	28	8
414	26	28
231	24	4
520	31	32
397	34	32
270	18	28
267	14	28
275	12	24
260	14	32
754	34	24
729	25	12
218	17	12
304	19	28
155	31	24
779	30	8
720	32	4
38	34	24
57	23	4
1044	35	24
151	11	16
185	14	4
181	35	28
123	19	20
4	1	16
255	23	4
947	31	20
258	10	28
155	10	12
452	18	32
575	28	20
737	32	4
541	29	16
518	31	28
603	26	20
186	33	16
219	23	16
69	20	32
487	29	24
700	26	32
343	19	12
584	19	20
61	9	12
123	14	8
266	32	16
262	23	16
839	31	32
900	33	32
90	34	8
803	34	16
266	28	28
367	29	20
150	6	20
829	34	8
60	19	12
191	8	28
65	23	8
479	19	4
336	33	32
148	8	4
92	26	8
86	19	12
58	25	28
23	21	16
205	27	32
360	23	16
251	28	12
84	29	28
61	3	16
117	23	24
72	22	32
459	34	16
70	32	24
408	20	28
208	25	20
477	16	28
954	33	24
914	30	4
59	19	28
258	17	28
757	34	4
508	26	16
341	22	4
433	25	24
205	13	32
432	26	16
367	14	28
71	29	4
372	32	12
514	31	12
315	13	16
739	34	24
570	19	12
196	25	24
712	29	28
246	30	20
758	33	16
888	33	4
148	33	20
424	14	20
590	24	32
795	31	8
153	22	32
589	25	28
101	7	8
788	29	20
504	30	28
594	29	24
277	17	4
391	25	28
71	27	8
403	34	16
444	19	12
357	12	20
126	24	8
368	13	12
299	14	20
161	23	24
705	29	4
971	32	16
398	17	32
66	8	32
901	35	32
1011	34	8
137	28	24
8	5	4
306	31	20
47	14	20
289	29	32
384	31	8
448	22	16
413	24	4
337	35	32
188	15	12
631	27	16
269	32	20
406	16	24
514	33	20
326	13	8
606	27	4
315	32	32
335	32	32
419	16	28
356	26	20
810	27	28
283	22	32
112	14	32
831	31	24
85	14	32
786	30	32
51	7	16
808	29	12
592	23	32
262	25	8
672	35	8
192	14	28
186	15	24
171	15	32
1043	34	20
196	30	4
430	24	28
401	32	16
248	35	4
229	16	4
517	22	16
579	19	20
676	29	32
491	22	28
61	13	8
375	28	12
496	20	24
347	30	28
175	16	12
141	33	32
346	17	20
777	26	24
373	22	28
246	14	32
459	28	12
123	21	4
91	28	8
30	3	8
583	33	8
711	27	24
229	26	24
99	7	24
680	35	16
434	35	12
166	22	12
522	18	32
352	19	4
804	33	8
32	6	12
53	12	8
311	27	12
121	10	24
769	25	24
1015	33	28
563	35	4
463	24	32
658	28	24
451	31	12
176	17	24
150	27	20
483	20	8
152	11	16
353	20	32
90	30	8
622	26	12
197	30	20
678	24	28
738	33	12
379	19	32
218	16	32
52	21	28
127	12	16
82	17	24
674	32	32
807	29	4
421	33	28
806	26	12
257	30	12
903	30	32
107	16	24
200	8	16
47	4	12
44	20	4
388	24	28
295	11	28
105	26	8
309	14	20
157	20	16
1074	35	8
189	29	4
568	23	12
875	29	24
21	10	16
273	29	4
169	17	28
163	20	16
886	33	8
73	11	16
471	26	8
605	23	20
265	26	32
457	35	16
24	10	4
191	13	32
335	20	28
418	30	28
406	28	20
456	28	8
451	22	32
183	22	4
564	33	16
357	33	4
274	18	16
698	29	8
375	23	16
606	25	28
668	29	8
640	31	16
727	35	16
350	31	28
16	2	12
613	35	12
382	22	24
214	33	24
709	33	28
241	11	28
708	34	20
405	27	16
399	26	28
528	18	16
124	30	4
118	31	24
494	21	12
521	30	4
437	20	4
43	24	32
622	27	4
65	5	12
81	34	32
435	18	20
104	18	28
379	20	8
542	24	8
486	20	28
208	7	12
232	16	12
562	21	32
12	12	32
511	29	12
346	21	16
629	25	4
129	12	24
367	21	12
184	11	24
146	21	4
470	17	28
327	13	32
687	23	28
178	28	24
131	33	8
429	15	16
494	21	8
238	26	32
89	13	8
347	16	4
32	2	8
113	20	8
56	13	12
305	27	24
494	33	28
827	27	4
391	20	4
232	15	8
442	26	32
31	6	32
149	13	32
264	24	16
134	13	24
142	15	20
252	16	20
683	23	16
762	25	28
14	2	24
732	25	28
81	5	16
198	31	32
369	28	8
518	32	24
374	19	32
226	35	12
887	29	24
392	15	32
758	28	4
122	34	24
253	31	16
330	22	12
607	27	12
257	26	8
388	27	8
200	11	4
13	13	16
364	12	16
215	22	12
49	26	4
242	30	8
701	30	8
133	29	16
161	31	16
220	35	32
985	34	8
694	34	16
336	27	12
58	23	12
125	20	16
212	7	20
351	22	4
618	24	16
444	21	12
157	11	8
104	34	8
500	25	12
494	34	24
639	30	20
443	16	20
130	9	24
622	34	32
470	25	4
70	30	20
42	28	12
167	22	32
241	29	4
324	34	8
745	31	32
68	16	4
474	34	28
642	29	4
238	25	8
591	34	4
330	26	28
295	24	24
581	35	32
180	19	16
17	13	8
156	6	28
23	13	28
212	10	28
161	12	16
407	21	12
392	20	28
412	25	8
238	10	20
187	8	24
836	34	32
604	34	16
567	30	16
41	22	16
331	11	32
664	33	8
783	32	32
353	20	12
417	32	4
214	30	32
272	22	16
98	15	20
278	32	20
787	34	24
464	21	4
774	30	28
149	20	4
377	26	28
257	31	32
102	17	32
419	32	32
248	8	32
118	29	8
176	9	24
627	27	16
764	25	20
122	18	4
146	25	8
113	5	24
401	34	4
173	30	24
572	35	8
92	6	20
527	23	32
78	18	20
853	28	12
204	13	8
246	35	12
342	18	12
428	16	28
363	25	12
811	27	32
427	21	4
845	33	32
800	28	24
477	28	16
100	33	12
560	21	32
265	23	28
767	33	8
32	23	12
286	19	32
175	16	8
202	7	12
327	15	16
252	20	24
46	29	28
114	35	12
57	26	20
595	23	4
398	22	12
695	30	20
358	19	12
43	35	16
705	32	4
32	4	24
169	20	12
545	35	8
538	32	24
476	21	20
264	11	20
344	27	12
263	35	16
642	28	20
225	23	4
1021	35	24
607	31	8
273	35	24
456	25	28
412	32	12
131	8	16
358	21	24
783	33	24
725	29	16
719	32	8
306	22	20
297	33	16
47	23	12
327	24	16
872	31	12
622	33	24
46	16	4
480	20	12
461	31	12
58	35	28
307	27	4
438	18	28
73	3	8
450	21	4
425	22	32
105	20	20
444	34	8
63	22	4
723	33	20
778	32	32
149	27	24
104	30	8
216	26	16
353	30	20
12	9	8
700	32	24
569	29	28
436	26	16
719	34	20
428	32	8
86	28	20
517	31	8
234	26	32
453	33	24
804	34	28
629	35	20
293	16	24
31	13	8
65	20	12
215	12	32
173	15	24
597	24	16
152	5	8
484	18	4
296	20	12
380	14	28
199	23	16
622	27	16
123	25	16
135	20	12
542	26	28
679	30	16
872	32	16
145	24	4
351	21	4
392	18	12
94	13	32
350	13	32
309	26	20
377	24	12
847	31	20
863	29	4
597	34	4
164	20	8
824	29	32
137	26	28
203	32	12
651	34	24
544	22	8
599	31	32
378	14	24
220	17	24
54	18	12
446	23	4
890	34	16
945	33	4
222	24	28
508	19	8
108	12	24
447	34	28
44	19	12
264	34	8
246	14	4
73	14	8
525	23	4
259	24	32
266	26	32
70	19	12
452	28	28
110	32	8
213	33	32
168	12	8
383	13	24
727	27	12
393	23	4
51	31	8
627	34	28
75	6	8
760	29	24
169	26	20
736	24	28
727	34	4
294	16	8
327	28	20
192	34	28
394	32	4
481	19	8
262	26	8
474	29	20
80	17	16
550	18	8
898	30	4
393	25	16
817	34	8
639	22	28
913	32	32
268	10	4
554	19	12
43	27	12
719	26	12
323	11	28
317	18	32
508	30	24
104	19	8
689	27	16
655	27	32
356	31	16
498	23	24
780	26	16
728	25	20
810	28	24
674	32	28
297	15	16
462	32	12
241	12	4
243	17	28
199	14	20
310	11	16
416	21	8
643	33	8
919	30	12
122	31	28
532	23	28
192	34	32
62	30	20
757	30	32
305	11	32
404	20	12
521	18	8
262	22	16
353	28	4
154	7	16
834	30	28
372	16	16
171	6	24
833	27	4
367	18	20
432	24	24
10	1	8
689	35	20
541	24	4
178	23	16
426	15	12
97	25	12
847	33	8
199	27	28
177	18	24
213	14	4
232	29	8
520	23	20
194	35	12
433	15	4
315	34	28
389	32	28
1023	33	32
391	13	4
316	26	12
366	31	16
315	31	4
120	13	20
308	29	24
133	9	24
506	19	32
219	9	20
518	17	8
215	17	24
652	23	16
571	29	12
627	25	12
194	9	4
306	19	12
131	35	20
644	26	12
572	33	20
569	23	28
120	18	8
893	30	32
57	18	28
51	21	16
398	14	20
300	33	4
352	24	32
506	29	28
493	35	16
446	33	16
277	18	4
271	29	16
447	18	28
257	14	28
411	25	32
671	27	16
739	29	32
13	5	8
532	23	4
69	9	16
663	28	20
18	9	4
1028	35	16
726	33	8
31	10	4
237	15	8
581	25	28
99	4	28
51	6	16
967	35	16
518	23	8
241	22	12
187	11	4
139	13	32
722	24	4
556	29	24
495	17	28
68	31	12
618	20	28
192	25	4
437	23	12
131	6	12
380	22	16
808	35	28
463	15	12
877	33	28
356	25	20
302	10	4
1062	35	12
218	20	8
646	34	32
48	12	12
736	35	28
244	8	16
98	21	8
235	15	28
119	21	4
240	11	24
214	8	32
528	21	20
186	14	8
17	17	20
578	26	24
734	33	16
318	13	8
1009	33	20
408	28	32
65	26	16
36	19	8
440	19	20
492	18	20
124	14	20
410	15	4
830	29	20
665	25	8
304	32	8
601	33	4
40	13	4
272	26	28
209	20	20
99	31	32
173	23	16
92	29	12
232	32	28
172	20	8
114	32	32
234	31	28
766	27	24
400	32	32
255	19	16
90	23	28
544	24	12
641	21	16
520	19	16
158	9	12
327	29	16
64	12	8
1016	35	32
776	30	20
453	26	28
259	31	24
390	22	8
380	32	20
881	34	24
201	11	4
189	17	28
596	25	4
920	32	28
194	21	24
311	15	24
19	1	24
339	13	8
431	23	32
708	31	28
220	25	16
54	26	20
26	16	28
699	33	24
850	29	12
614	32	24
46	17	16
571	32	24
28	15	24
159	20	8
185	15	16
909	31	8
936	32	20
466	32	28
278	27	8
50	26	8
439	32	28
414	30	12
309	15	28
157	21	16
308	12	20
103	32	4
722	34	20
551	34	24
625	33	4
183	25	24
323	34	16
256	9	16
888	34	20
131	28	4
389	15	8
430	31	4
886	32	8
560	21	28
52	7	28
49	17	28
270	24	8
275	22	4
347	15	32
393	17	24
709	31	32
678	32	24
238	28	12
669	31	16
662	25	28
356	29	16
29	15	20
815	31	32
72	13	12
519	18	16
319	23	12
468	24	12
467	29	20
743	24	16
494	20	12
61	31	8
851	31	28
499	18	8
616	20	28
296	14	16
831	34	4
44	5	32
804	26	32
801	26	16
596	34	32
5	5	12
566	22	16
16	12	20
565	27	24
344	18	32
490	20	8
173	27	20
148	7	12
497	34	4
185	32	8
882	29	4
376	34	28
79	22	16
171	29	4
84	20	12
789	26	28
162	9	32
373	21	12
222	29	4
166	35	16
146	14	16
247	19	16
351	35	20
166	23	20
458	34	16
350	32	12
337	20	12
706	32	24
652	31	24
232	27	28
459	33	12
506	32	32
19	14	24
38	3	32
64	14	24
77	18	24
692	24	28
344	30	8
78	4	8
310	10	20
308	19	4
108	24	20
811	33	4
307	22	28
631	35	12
509	35	4
483	23	24
194	19	8
312	20	24
137	10	8
131	13	28
301	17	28
390	16	12
357	31	24
649	26	28
699	25	8
76	15	12
791	27	32
502	22	4
336	26	12
772	30	32
80	8	24
553	32	28
450	27	8
444	20	4
732	24	16
925	30	4
181	35	8
505	26	8
532	32	4
464	24	28
127	18	28
594	21	4
406	18	28
524	30	12
281	19	20
406	27	16
305	10	12
125	8	12
287	15	24
427	32	32
68	23	4
307	11	20
269	21	16
211	33	24
160	17	20
627	35	32
193	27	16
209	32	12
386	19	4
700	35	28
87	13	8
753	33	28
726	35	28
66	18	28
183	14	28
161	13	16
149	11	8
504	31	4
211	12	4
67	33	16
154	15	12
428	35	12
1052	35	4
82	15	12
472	21	4
709	35	20
1078	35	4
262	9	8
91	35	24
688	34	12
954	33	12
499	35	28
138	21	32
206	20	12
155	6	16
167	11	24
673	35	28
546	21	8
324	21	32
29	20	20
528	19	32
539	23	28
28	23	28
129	9	28
594	35	8
765	27	20
403	28	16
122	21	4
557	35	20
131	34	32
53	18	20
121	16	28
1025	35	20
402	15	4
825	35	28
42	13	32
477	29	16
914	31	24
181	32	32
176	14	12
326	34	16
226	19	16
247	23	20
656	23	28
757	26	28
677	27	24
52	31	16
166	19	16
82	7	12
57	27	28
595	20	4
159	25	12
56	24	20
154	29	32
117	14	32
133	18	12
163	24	8
110	14	28
794	26	8
525	20	8
774	26	24
614	28	20
502	24	28
75	16	12
102	4	8
242	17	32
340	14	20
331	13	24
895	34	20
902	32	32
78	25	4
669	26	24
164	27	20
852	34	20
363	18	28
143	19	16
297	34	16
47	20	12
644	28	20
96	35	32
643	25	12
475	23	8
154	20	32
78	10	24
466	34	8
414	24	16
505	22	4
519	28	12
127	22	24
105	21	20
138	34	8
247	30	32
546	20	32
498	18	4
206	29	24
463	32	16
254	28	32
58	34	4
331	30	24
616	21	32
886	30	16
526	18	16
302	32	12
158	23	32
199	11	16
185	12	8
386	24	12
212	13	24
616	31	16
291	17	4
608	26	20
96	7	12
219	30	28
250	10	12
262	21	20
18	9	32
202	22	8
294	28	32
167	35	32
184	21	4
31	2	8
146	11	24
297	16	20
540	22	16
178	18	28
596	26	24
119	15	24
134	18	16
622	26	16
565	19	16
542	21	28
296	12	4
249	34	24
570	23	20
489	33	4
117	33	32
563	21	32
485	32	28
866	30	32
378	28	4
116	17	8
318	32	8
250	11	32
320	30	4
445	24	32
139	7	16
427	30	8
578	27	8
671	28	28
334	20	20
373	13	20
837	32	20
43	17	32
714	25	16
132	33	24
81	11	20
247	27	24
327	23	28
133	25	8
338	25	12
590	22	28
153	9	4
314	25	4
347	26	28
817	27	4
110	10	16
283	28	12
802	32	16
205	19	24
446	24	24
389	17	8
262	35	28
613	21	8
827	33	16
700	23	20
820	34	32
313	15	24
743	29	16
693	25	32
159	27	20
13	2	12
244	24	28
56	26	12
164	31	16
18	4	8
306	29	16
266	25	32
665	26	4
152	29	32
640	35	8
132	21	16
48	9	28
42	2	16
201	11	32
438	25	24
58	19	20
204	33	8
235	25	8
501	25	4
150	29	28
809	28	8
643	27	20
161	26	4
211	11	4
79	23	16
763	33	24
461	30	4
243	14	28
234	15	24
594	28	32
634	29	28
250	35	16
186	34	20
82	33	32
401	15	24
41	20	8
700	24	32
965	35	28
127	11	32
262	17	16
686	24	8
641	27	16
368	25	32
180	16	4
14	13	32
327	32	32
248	30	20
287	16	16
87	26	12
160	12	28
173	20	28
940	34	24
229	24	28
683	23	4
97	26	12
177	19	8
171	18	12
104	28	16
109	7	28
75	30	8
7	2	32
403	20	24
385	29	20
293	35	12
140	29	4
283	23	24
954	35	24
338	35	4
150	26	32
475	30	28
245	11	32
321	25	8
626	27	20
140	6	12
131	21	32
177	33	8
631	34	32
14	4	32
7	6	12
25	3	16
521	31	32
615	34	20
252	20	16
593	32	4
89	25	12
66	3	32
107	7	16
669	33	4
644	25	12
2	2	28
654	27	28
246	24	20
64	5	16
201	27	20
114	22	24
80	9	20
335	29	12
278	30	4
88	7	8
340	17	8
283	24	8
453	20	32
449	33	24
228	32	12
202	24	32
333	19	16
722	33	16
904	33	28
528	24	12
727	28	8
699	30	16
555	35	4
137	30	28
244	28	16
364	31	28
818	28	20
581	35	12
20	11	28
443	22	20
582	23	20
470	19	12
332	34	8
320	25	4
631	25	16
586	28	24
269	34	20
80	28	20
857	35	24
314	33	24
809	33	4
181	26	16
697	30	20
360	32	16
948	34	8
300	20	28
1001	34	16
313	33	24
564	35	32
186	19	4
118	4	12
104	7	12
193	15	28
41	5	24
175	8	8
192	12	20
39	27	32
96	18	24
549	30	16
204	23	12
465	33	4
748	25	16
487	33	28
805	34	32
1009	34	20
504	19	8
752	26	12
1025	34	8
490	34	4
41	16	12
97	12	12
382	30	32
377	28	28
497	17	16
205	34	12
135	17	24
142	30	24
496	18	24
490	27	4
162	34	20
433	18	12
634	27	4
165	21	32
110	34	28
208	22	28
681	34	24
92	28	20
64	30	28
120	26	28
405	22	12
234	30	20
217	15	24
971	33	28
246	30	32
198	27	16
431	14	20
422	15	24
857	29	16
990	34	20
346	29	8
482	24	20
447	26	8
871	35	32
336	33	16
310	34	24
45	31	8
590	29	16
197	12	20
770	26	32
560	24	20
658	29	32
170	27	28
519	33	28
403	22	8
232	28	16
673	24	32
25	22	20
563	19	20
77	15	28
831	30	32
288	21	4
360	28	32
70	9	16
421	35	20
109	24	24
274	32	8
221	14	12
262	30	32
139	5	4
507	31	24
501	30	28
157	15	8
312	23	28
271	22	20
446	16	16
398	30	32
368	23	24
227	33	24
52	17	8
27	9	28
48	4	16
159	19	28
274	26	4
142	25	32
438	20	20
886	35	8
533	32	8
356	22	4
560	20	4
386	25	16
71	27	24
492	33	8
519	21	12
593	24	32
57	35	16
153	14	8
309	10	32
518	18	4
441	24	32
148	13	32
369	18	16
181	7	4
585	21	12
473	17	20
868	35	28
124	6	8
687	26	24
761	25	4
658	30	20
698	31	8
262	10	8
193	24	12
531	21	12
207	22	28
268	12	28
91	9	16
183	11	24
242	16	20
385	22	12
87	17	28
518	20	24
398	28	28
931	33	16
380	14	8
635	26	28
516	26	8
14	3	28
637	35	4
297	14	8
742	30	8
731	34	16
436	21	28
179	31	12
93	9	20
466	17	24
167	29	4
379	18	8
733	32	12
58	9	32
150	31	8
783	35	28
349	30	8
682	22	16
301	18	28
859	29	24
932	31	32
488	32	8
495	31	24
347	24	24
439	26	32
909	30	4
548	35	4
118	19	4
133	33	20
77	31	16
279	33	32
542	28	20
346	35	20
514	26	20
249	32	28
921	30	8
592	24	28
619	35	20
517	22	32
649	28	32
265	10	4
82	8	20
258	18	16
389	13	32
257	23	24
204	35	4
154	23	8
256	20	32
443	35	32
482	28	16
141	13	12
169	15	28
163	14	32
377	13	24
535	26	12
145	20	24
49	26	8
201	12	28
618	22	8
590	25	20
606	20	32
647	24	28
44	32	20
706	35	24
81	7	16
56	27	24
111	10	16
520	20	32
415	15	20
65	14	32
53	12	24
430	21	4
912	35	32
367	12	4
222	14	24
57	11	12
792	31	28
143	20	32
570	34	4
980	33	16
262	26	28
302	27	16
422	30	28
214	10	4
45	29	8
420	16	12
274	13	20
737	29	12
425	18	16
298	34	20
695	31	28
835	32	20
529	35	12
162	28	24
156	25	20
694	24	20
138	19	28
63	13	20
239	22	20
339	21	32
137	22	20
75	11	4
468	32	32
302	29	4
158	16	16
417	22	20
80	23	24
693	33	8
20	3	20
421	29	32
416	21	28
737	33	16
312	25	4
153	16	4
287	21	16
386	29	20
744	33	32
463	33	4
730	25	4
162	22	12
765	32	32
239	16	24
343	16	32
199	29	12
217	31	20
642	31	4
867	34	16
181	18	24
380	29	24
352	31	32
1017	34	4
17	15	8
350	21	8
38	11	12
726	34	20
123	22	20
212	8	4
24	10	20
504	30	4
463	31	12
145	9	32
384	17	16
529	31	28
296	16	4
97	25	24
399	28	24
522	17	8
973	32	8
41	14	28
431	21	4
54	33	16
190	35	32
448	15	24
461	17	24
179	22	24
459	23	8
402	20	8
787	32	24
321	24	20
394	35	32
509	17	16
833	33	16
202	10	28
291	24	4
110	4	4
223	12	16
258	35	20
374	13	20
239	18	4
222	11	24
152	14	8
55	25	28
135	22	8
520	29	28
627	25	16
436	23	12
65	5	28
678	31	12
432	16	12
320	13	12
58	23	16
317	12	8
258	22	28
508	23	24
802	28	8
314	26	28
376	29	16
108	16	8
302	14	16
908	31	12
260	17	24
326	34	20
276	17	32
458	23	16
300	10	32
734	29	24
540	28	20
147	5	20
251	31	16
750	30	8
515	18	32
257	21	8
702	23	8
645	22	8
788	26	20
271	27	24
52	3	12
263	33	16
452	30	16
139	13	12
102	24	12
556	29	4
762	25	12
749	31	8
527	25	8
188	23	16
41	32	4
137	7	28
221	29	12
532	29	12
185	13	32
18	3	12
559	22	12
649	35	12
50	10	8
649	23	16
48	12	24
736	35	8
258	31	32
75	23	24
417	18	16
124	25	20
4	4	32
49	26	20
269	11	28
323	28	8
104	21	12
219	17	8
669	33	32
490	35	16
694	30	4
298	25	4
865	29	20
1077	35	4
181	22	28
178	6	20
417	20	4
251	33	28
255	12	24
213	15	16
156	8	16
431	26	20
224	10	32
349	12	4
442	31	12
604	24	24
620	35	28
716	30	8
399	16	20
473	19	24
62	21	8
199	31	4
584	20	16
73	18	24
350	34	32
443	15	24
153	30	16
850	35	20
382	18	20
454	23	8
255	10	12
304	12	12
655	22	28
408	35	8
135	7	24
264	27	8
751	33	28
296	18	12
631	31	4
212	35	20
461	35	12
634	23	8
176	19	12
742	24	28
425	19	20
546	33	12
209	25	24
414	18	8
122	8	24
202	19	12
50	9	32
86	13	20
482	19	28
167	10	8
979	35	20
422	19	4
540	19	4
421	30	12
651	32	24
416	16	32
929	30	20
379	15	32
189	21	16
864	32	8
714	24	16
689	35	4
576	27	12
873	32	28
133	26	8
157	33	8
85	10	16
662	24	8
51	23	20
675	22	4
852	31	4
340	28	12
25	10	8
426	26	28
112	19	4
650	23	12
339	25	4
622	33	8
306	11	4
569	31	4
257	12	16
716	25	32
456	19	16
669	28	16
161	22	28
826	33	8
533	18	8
726	30	28
535	35	16
307	35	24
83	18	12
191	17	32
91	9	4
268	33	4
856	35	8
195	16	28
245	15	8
51	8	28
155	5	28
413	35	20
501	20	4
950	35	20
128	8	16
249	29	4
105	18	16
96	28	20
531	26	4
293	25	4
502	30	28
24	21	8
785	26	20
173	8	20
244	10	20
262	30	4
237	33	12
914	33	12
549	27	28
185	9	12
1010	34	8
123	30	28
577	29	20
394	31	24
458	22	20
122	17	20
42	16	16
30	30	8
119	30	12
761	35	24
119	10	20
234	19	4
264	10	24
835	31	20
526	19	32
657	33	12
208	32	8
460	26	8
345	27	32
232	14	28
570	35	20
575	25	32
159	34	20
211	11	16
235	18	16
708	26	8
237	31	8
456	15	32
642	35	32
65	13	20
454	21	24
478	34	24
344	30	28
321	26	8
458	26	4
875	32	12
137	19	20
103	26	4
485	17	28
269	32	32
114	31	12
400	16	4
201	9	8
176	33	16
153	15	20
582	26	12
339	15	12
49	27	16
643	34	20
141	25	24
397	34	8
657	29	28
436	21	32
615	33	28
570	20	4
793	34	8
246	27	20
57	33	4
57	12	4
508	21	12
590	33	28
510	32	4
334	21	4
25	6	4
159	9	12
271	19	16
488	25	20
158	14	20
295	10	16
430	24	32
281	19	8
722	32	16
125	25	16
183	27	28
70	6	8
532	21	4
643	27	4
12	4	16
102	9	12
680	22	16
822	33	32
42	25	12
233	27	32
394	18	28
151	20	16
665	35	4
254	33	32
584	25	8
33	31	20
642	22	4
117	23	32
669	29	12
809	34	4
673	29	24
130	27	4
180	24	24
129	30	28
362	30	24
305	31	24
21	1	24
47	34	24
666	32	16
35	9	20
133	12	32
419	33	20
584	31	28
96	17	24
73	31	28
38	31	24
29	17	4
760	35	4
753	26	20
380	18	4
300	17	32
443	35	4
440	17	20
717	32	12
402	15	16
423	19	12
364	35	24
164	23	32
51	29	20
329	23	28
578	22	12
471	29	16
628	27	16
633	31	20
155	11	28
939	34	4
229	29	24
427	33	12
286	11	4
220	35	8
400	15	20
520	17	16
153	24	4
849	32	8
339	28	28
455	25	28
378	23	12
402	26	16
848	35	16
169	12	24
253	18	8
379	35	28
309	32	16
284	10	8
847	33	24
682	25	28
57	29	20
194	23	24
681	28	4
148	32	12
588	34	32
369	19	12
191	28	24
294	23	32
202	21	24
75	25	20
115	14	24
106	15	28
288	20	12
138	20	4
200	19	8
395	20	24
819	29	16
308	29	8
83	4	8
961	31	16
26	7	8
107	31	8
10	6	32
414	24	12
330	12	24
136	11	28
369	21	16
537	30	8
303	12	24
232	9	12
763	26	8
675	32	20
625	35	12
436	31	24
138	30	16
102	33	20
200	25	20
785	29	4
126	14	20
274	29	4
358	27	20
62	9	16
323	27	8
450	25	12
1004	35	8
483	31	32
38	20	4
237	21	12
71	24	24
448	31	28
40	34	16
419	28	20
270	26	24
357	13	4
424	26	16
987	33	32
266	9	32
672	22	16
164	32	8
584	21	4
761	26	4
324	35	32
249	21	12
146	34	28
357	16	24
68	10	8
622	26	20
95	13	8
67	15	16
328	29	8
16	15	4
361	23	20
206	16	20
159	10	24
99	4	12
387	33	32
71	16	24
405	22	16
173	16	12
412	26	12
384	20	28
69	28	20
97	30	28
251	21	32
409	21	20
94	23	28
72	24	8
113	22	28
452	18	8
134	18	32
180	26	8
861	28	8
373	26	20
493	23	24
204	24	8
723	25	12
128	31	4
1000	34	24
209	7	12
202	9	24
160	6	16
335	19	32
29	18	16
186	14	24
320	34	4
454	27	4
549	29	32
227	8	24
391	29	8
691	35	32
514	29	20
547	27	16
202	26	12
752	27	28
577	22	24
552	23	28
945	34	16
265	11	12
82	11	20
416	14	32
410	15	20
279	21	28
295	30	32
328	34	8
778	30	32
228	11	4
489	29	28
174	22	12
44	18	32
347	35	32
164	10	24
206	9	32
169	8	28
283	32	28
134	14	24
535	27	12
480	25	32
69	31	32
677	25	28
478	19	8
904	33	8
415	21	4
481	33	32
171	17	16
211	32	28
30	1	20
111	11	16
363	30	4
122	14	32
284	23	4
88	17	28
558	18	12
753	32	32
973	35	16
470	23	28
480	31	20
362	34	8
617	22	4
332	13	28
158	6	28
249	28	24
341	34	16
349	16	4
564	23	12
200	33	28
190	25	16
644	30	24
133	16	16
340	13	32
218	19	16
161	26	16
670	22	16
126	10	24
434	25	32
636	23	24
445	25	12
541	23	32
12	12	8
45	24	28
415	25	20
393	28	24
552	33	20
160	34	32
605	30	16
386	28	20
445	32	4
126	23	20
112	9	4
468	20	12
305	20	20
729	29	12
68	21	4
161	28	4
695	32	28
217	24	20
244	17	12
806	31	16
525	19	12
482	35	8
333	32	32
272	29	12
19	13	16
339	25	32
936	31	32
209	9	20
242	23	16
354	13	4
724	35	4
14	2	8
471	34	16
385	14	16
629	22	20
61	5	12
409	17	16
315	33	20
641	29	8
761	28	20
110	19	32
450	17	32
727	32	32
333	31	28
731	32	32
906	33	32
338	35	24
1062	35	28
478	25	12
24	15	32
875	35	24
318	16	20
150	35	4
166	14	16
40	3	4
317	13	12
578	30	20
204	20	16
913	34	4
636	33	20
679	25	12
358	18	24
317	20	4
64	5	4
316	23	12
559	35	28
309	25	24
258	25	28
653	35	20
646	32	4
285	30	4
114	22	12
664	22	12
341	18	4
113	19	4
426	31	12
221	17	20
353	35	20
366	13	4
343	15	32
530	30	16
431	20	28
535	31	8
759	34	16
512	29	28
602	22	16
234	19	32
70	7	28
165	16	8
253	33	8
84	20	28
358	28	4
170	18	12
21	8	8
117	13	24
862	30	32
450	18	28
190	19	8
327	33	4
470	19	24
288	28	4
396	25	24
203	13	32
303	17	28
386	33	12
457	21	28
394	19	8
313	13	28
522	31	32
399	18	32
188	22	16
869	35	28
853	35	20
501	35	16
190	33	24
21	18	12
243	31	32
88	19	12
129	29	32
362	31	4
327	31	16
555	28	12
239	11	8
200	17	28
530	18	24
36	13	32
94	35	4
121	32	32
316	33	32
528	20	8
101	16	16
312	20	8
203	18	32
438	35	16
192	21	8
104	20	4
490	34	16
310	22	16
361	28	24
206	31	24
786	26	24
87	29	32
136	34	24
42	17	20
784	28	8
178	9	20
1044	35	28
272	25	8
237	23	16
553	27	16
349	13	4
616	29	16
578	35	20
498	34	20
583	28	32
535	24	32
150	21	4
427	32	16
22	20	24
584	19	16
404	21	16
222	34	24
863	30	32
181	17	8
433	20	12
990	34	8
186	21	12
42	32	32
373	18	28
328	27	28
1016	34	12
316	29	20
203	14	24
286	21	12
597	27	16
89	31	16
750	33	20
601	26	28
255	30	24
668	32	20
176	18	12
565	21	16
161	25	28
289	22	16
117	35	32
383	28	32
626	21	24
82	19	12
797	31	24
423	21	20
855	32	24
490	16	28
612	25	32
157	15	28
371	30	16
544	19	8
961	34	8
310	13	8
587	25	12
369	20	4
143	7	28
196	25	28
718	29	32
591	23	4
670	27	8
149	31	32
959	34	28
279	27	8
700	32	32
527	32	20
80	32	32
165	11	4
426	29	28
112	18	4
391	25	24
476	30	24
46	7	4
234	12	32
357	12	16
270	17	4
987	32	28
110	6	4
223	24	32
771	35	16
132	6	28
239	24	24
337	16	24
642	27	20
356	32	32
830	29	8
93	15	20
811	30	4
28	19	4
368	26	20
272	15	24
271	26	8
218	11	8
730	34	20
475	17	4
580	27	8
585	31	12
556	30	20
74	31	4
307	18	8
539	30	32
810	34	8
237	24	20
100	23	12
38	35	20
173	34	12
218	21	4
344	18	20
774	28	12
304	22	20
297	25	8
117	7	16
424	34	28
178	13	16
495	30	4
256	17	28
40	8	20
210	20	4
258	10	12
37	31	20
598	24	16
690	29	4
939	33	28
272	14	12
161	23	4
41	22	8
579	19	16
278	10	32
666	29	12
155	17	12
143	27	20
354	26	4
176	24	12
490	25	8
181	21	12
797	34	24
10	5	24
511	25	12
210	14	16
347	34	28
159	35	20
690	23	16
632	31	24
779	34	4
396	29	20
153	6	8
155	13	8
623	23	28
601	22	16
70	8	24
703	28	8
427	20	16
346	27	12
254	29	16
744	24	28
16	15	32
357	35	20
344	29	28
380	33	16
952	35	8
731	27	24
64	22	4
484	17	20
214	10	24
166	8	4
269	11	12
899	33	4
289	13	8
544	31	4
33	31	4
148	35	8
141	26	24
226	29	24
214	19	32
758	25	20
396	32	16
50	6	16
91	12	32
415	33	8
303	26	16
480	22	28
33	10	24
370	35	8
245	35	8
366	17	8
101	27	8
652	26	16
312	25	16
345	19	20
71	31	8
470	27	16
256	33	20
110	8	16
163	9	24
799	28	24
202	26	32
257	9	20
138	29	28
182	31	20
280	35	12
78	19	12
534	35	28
506	24	8
84	35	16
457	35	20
604	20	32
407	27	16
530	26	16
904	34	16
558	33	4
362	12	4
417	27	8
172	22	8
612	22	16
494	19	20
312	12	16
535	34	32
94	16	4
390	16	32
380	27	16
799	26	12
185	27	20
218	9	24
43	13	8
304	27	16
146	6	32
87	19	24
603	23	28
238	14	4
666	35	16
411	16	8
495	18	8
629	31	20
623	30	32
768	33	32
817	35	8
92	35	24
38	30	24
564	26	16
99	20	28
98	28	12
435	18	16
104	18	24
207	30	4
296	35	8
246	13	8
149	16	4
143	31	16
434	25	12
496	16	8
664	23	16
735	35	12
165	12	32
207	13	24
698	33	20
66	26	4
184	11	4
604	29	12
110	28	28
85	31	20
516	23	20
342	22	12
566	23	4
406	34	20
257	21	28
341	27	20
116	12	12
511	27	20
943	32	20
538	34	4
796	35	16
989	33	28
776	27	28
447	24	8
290	32	8
268	13	16
58	27	12
217	35	24
120	30	8
14	2	28
545	24	8
171	18	28
254	24	12
703	30	24
621	24	4
215	24	20
630	30	12
288	10	4
565	23	28
649	35	32
146	32	32
421	14	12
88	20	24
466	27	4
202	20	24
607	32	24
456	24	28
606	32	4
390	21	28
530	19	12
769	31	4
380	35	32
258	31	12
825	27	4
480	18	24
113	25	20
483	22	28
420	18	8
242	30	12
463	21	32
36	19	32
695	25	24
305	23	12
139	30	24
700	29	28
649	25	24
43	4	20
127	14	12
102	32	20
401	20	32
104	14	24
908	34	32
113	19	32
47	6	24
420	24	20
414	29	24
127	29	16
592	25	24
326	24	12
448	34	16
608	25	32
54	26	8
218	24	8
217	29	16
325	24	28
216	30	24
868	29	16
122	35	4
811	28	16
51	13	28
312	33	12
64	12	32
829	33	32
66	19	24
442	25	12
242	18	28
412	25	12
238	10	8
73	32	20
187	8	20
635	24	28
454	32	8
118	27	24
521	26	12
123	7	4
409	22	20
468	27	24
186	28	4
546	20	4
506	32	28
406	15	20
350	29	16
178	35	24
247	32	32
281	30	32
715	35	24
376	25	32
324	22	28
240	10	8
261	22	16
635	30	8
741	35	16
472	28	4
920	30	16
123	29	8
668	27	4
60	31	28
116	19	28
59	26	20
124	33	24
764	34	32
398	29	8
204	33	4
65	34	4
455	27	24
433	18	28
228	10	4
266	18	32
480	19	4
894	31	20
288	25	20
232	11	8
114	27	8
247	22	16
202	7	8
58	31	8
739	31	24
463	24	24
82	4	8
177	31	28
433	32	12
526	26	32
432	35	20
253	10	16
190	22	4
121	4	24
277	26	16
339	31	12
587	20	8
275	28	32
619	29	12
335	11	20
371	31	12
338	31	24
50	5	24
617	26	20
77	35	8
157	28	20
707	27	20
59	5	32
106	12	12
270	35	12
349	29	32
132	18	8
221	14	28
1064	35	20
501	30	12
192	15	4
39	20	24
447	15	8
44	26	20
508	35	24
554	31	12
580	23	4
949	33	8
765	34	32
40	10	24
643	30	20
245	19	12
687	28	28
160	30	28
395	34	32
63	9	8
461	25	4
6	2	24
220	11	32
234	8	32
124	17	12
510	31	32
160	27	28
206	15	8
9	6	20
609	24	24
597	30	32
47	27	32
320	20	4
629	23	12
155	22	4
721	26	8
112	4	32
354	21	12
685	23	8
347	23	24
181	30	4
455	18	4
410	35	28
214	26	32
139	25	24
493	28	28
652	33	8
568	22	16
380	34	4
423	24	4
535	19	24
794	33	16
235	8	8
60	32	24
630	28	8
172	12	4
240	22	20
635	26	12
174	11	4
975	35	28
547	32	24
622	27	28
720	31	20
571	27	24
398	18	32
197	29	12
592	34	24
121	19	4
223	17	4
847	31	16
84	13	8
58	6	32
284	28	4
421	28	8
222	15	12
320	35	20
152	18	4
257	33	24
162	32	24
132	34	28
718	35	32
897	32	32
225	17	24
626	34	20
619	35	4
282	34	8
77	6	8
688	27	24
896	31	24
374	27	24
398	18	20
329	32	32
89	15	24
388	14	24
789	27	20
284	26	8
471	21	16
264	34	4
250	31	8
366	22	8
412	28	32
401	26	28
395	29	16
246	33	16
456	21	20
378	33	24
266	11	8
194	24	4
669	29	24
12	2	24
83	20	8
69	33	12
168	25	24
38	2	16
827	31	32
606	33	4
129	34	12
71	3	8
211	18	32
524	18	4
456	17	12
94	34	28
187	15	4
613	30	16
439	25	28
417	28	16
413	33	16
45	29	24
326	28	8
65	33	24
617	21	20
277	11	20
414	21	16
560	26	12
295	13	24
504	18	20
151	21	24
104	19	4
163	12	12
878	33	32
270	33	28
694	24	4
498	23	4
332	24	32
155	28	28
211	24	28
331	29	24
42	13	8
154	19	20
215	11	32
130	6	8
329	23	8
323	22	4
555	18	20
549	25	24
207	12	4
347	33	4
159	14	32
701	32	32
499	26	12
605	23	32
242	26	20
553	24	4
752	31	12
121	26	32
282	33	32
523	24	20
772	34	12
427	33	16
343	16	16
67	19	12
46	29	12
205	9	8
61	17	8
459	17	4
123	22	4
408	33	8
234	34	12
60	18	16
197	14	28
264	25	8
8	7	28
591	27	28
973	34	4
162	16	32
602	30	28
761	33	28
595	26	32
109	6	16
210	30	32
117	8	28
111	23	24
542	22	20
31	20	28
895	30	32
110	16	16
352	21	4
311	20	12
738	34	32
75	32	4
465	16	20
94	9	32
366	31	20
486	18	24
648	21	32
414	35	16
202	10	12
320	27	28
335	22	20
200	12	28
566	29	12
367	15	24
628	28	8
822	33	24
576	25	12
253	31	28
580	22	32
190	29	8
167	31	28
106	9	28
315	21	4
744	31	12
852	29	4
257	19	4
783	30	28
471	25	20
159	11	8
505	24	32
276	17	16
352	33	20
206	34	16
58	26	12
279	15	28
246	19	12
73	33	12
164	32	20
562	35	16
695	34	20
377	32	20
760	29	20
274	23	12
360	28	24
818	29	16
512	34	32
822	31	32
95	13	28
565	20	4
94	10	20
72	11	32
448	21	20
270	28	16
530	25	20
469	29	16
182	15	4
586	29	4
580	26	8
383	15	4
317	15	24
687	33	32
98	32	32
318	11	24
747	25	8
948	35	12
466	16	12
294	22	4
412	15	4
299	16	24
75	35	12
498	27	8
797	29	32
413	19	4
36	14	16
225	35	16
142	19	28
35	11	24
578	26	20
392	13	8
185	11	4
94	25	28
66	31	20
108	6	28
430	27	24
272	13	12
305	23	32
54	33	8
321	23	24
61	14	4
778	30	20
147	27	24
329	21	24
233	15	28
635	32	28
258	31	24
116	26	20
681	33	20
104	27	32
229	27	4
299	12	32
97	5	20
25	16	12
211	32	8
480	16	12
515	23	8
577	27	32
253	9	4
892	35	16
141	26	16
265	24	16
184	20	12
626	28	12
491	24	32
513	20	16
252	19	20
183	6	28
64	21	4
550	29	32
290	11	16
302	35	24
506	23	32
143	5	24
754	30	28
233	28	20
488	17	8
733	35	16
108	7	8
539	21	20
101	9	28
59	4	20
145	26	20
712	24	12
133	16	4
288	22	8
571	32	4
366	29	4
200	21	12
315	17	8
22	12	8
274	32	24
637	32	12
480	21	28
556	22	8
450	29	20
506	17	20
915	32	16
999	34	32
299	32	20
226	22	12
26	26	12
558	30	8
324	23	4
815	34	4
765	33	20
239	29	20
359	30	24
51	23	4
188	29	24
659	29	32
14	13	8
213	12	8
185	18	32
443	21	28
488	29	32
476	31	8
412	30	20
396	34	20
139	9	32
408	16	32
702	33	12
269	17	24
494	18	12
726	30	12
274	21	28
238	28	16
330	25	28
167	24	28
1035	34	28
499	32	20
810	30	12
305	25	24
386	16	8
448	23	4
105	7	12
236	14	28
48	8	20
518	21	28
98	25	24
529	18	20
102	22	8
467	29	16
584	29	28
999	33	28
976	34	12
100	16	28
72	26	4
616	20	24
37	9	4
79	8	28
150	28	12
230	28	4
774	29	28
198	34	12
291	31	4
199	12	4
177	15	24
152	19	16
572	21	8
566	22	28
204	18	24
141	18	4
542	29	24
679	23	4
657	22	8
328	18	4
270	17	32
547	29	28
689	31	12
112	5	12
599	30	24
234	19	20
1025	35	32
341	28	20
113	21	12
920	34	28
451	33	4
259	12	24
465	24	28
776	26	28
265	20	28
458	16	8
143	9	16
741	28	8
827	35	8
521	34	8
201	7	28
590	30	16
177	28	24
244	34	4
254	19	20
652	31	20
444	34	24
147	35	4
114	10	20
202	23	24
471	18	24
112	16	12
22	8	12
103	26	20
195	12	4
1020	35	8
272	35	24
337	14	4
117	27	28
289	12	24
532	26	12
401	30	24
677	31	28
733	33	32
725	26	24
369	23	16
214	16	16
300	18	8
76	35	20
224	28	24
786	26	4
61	15	32
297	29	32
59	33	28
583	27	24
501	31	32
282	22	16
83	35	12
504	25	28
441	20	4
356	12	4
229	28	32
487	29	28
385	35	12
653	31	24
325	25	28
863	30	28
216	29	24
526	22	8
330	29	24
381	26	4
208	35	16
640	26	16
19	15	20
85	7	28
575	26	24
254	34	32
241	16	4
235	23	8
767	27	12
40	31	12
472	21	24
61	3	8
160	23	4
411	33	24
546	32	32
175	26	12
93	12	12
547	19	4
20	16	32
317	24	28
746	33	32
471	19	32
677	23	20
116	32	4
178	34	24
794	30	12
342	27	20
603	22	12
549	35	4
540	18	24
296	23	12
573	26	12
323	16	20
489	34	20
28	23	24
858	35	20
90	26	28
457	20	32
571	28	28
86	30	24
54	31	16
912	35	8
55	16	32
30	26	20
598	34	4
423	19	28
329	35	16
434	22	28
428	23	24
301	33	20
508	25	8
795	31	16
169	19	12
278	28	20
398	35	24
857	30	28
633	29	32
426	29	8
345	23	20
183	13	28
111	26	4
427	22	32
321	12	16
1033	35	20
570	25	28
681	35	24
626	33	16
740	25	16
613	23	12
655	34	16
540	29	8
97	7	32
971	32	28
746	26	12
164	29	12
680	25	8
47	14	12
121	5	24
115	8	28
58	3	20
111	32	8
82	24	20
481	30	28
912	31	16
551	24	4
400	28	16
501	21	16
810	34	20
532	30	8
500	34	12
230	27	32
306	25	8
173	34	32
356	26	12
47	20	8
224	24	4
361	24	8
242	10	16
222	29	32
648	21	12
101	34	16
136	18	4
83	4	24
818	34	8
45	26	28
19	5	4
345	14	32
581	21	12
323	12	28
300	12	24
156	20	24
150	17	28
710	26	20
492	19	12
183	31	8
721	33	12
526	18	20
635	22	20
199	11	20
157	10	28
746	34	28
272	27	4
533	33	24
356	21	20
19	11	16
10	2	20
88	32	28
436	25	20
242	25	16
212	33	28
109	34	24
270	29	12
471	32	16
966	34	4
186	30	20
68	17	16
682	26	32
407	33	12
264	15	32
706	35	32
268	16	20
661	22	4
234	33	8
149	9	28
240	33	16
541	21	20
145	14	20
517	26	16
240	21	20
399	25	20
57	34	32
118	24	8
709	27	12
339	12	32
71	33	24
593	34	16
249	31	32
175	6	24
88	24	32
46	15	16
465	21	16
293	27	32
1000	34	8
194	35	8
382	28	24
348	28	16
481	18	32
936	33	20
139	7	20
108	21	8
341	20	28
153	15	28
200	15	24
176	10	4
403	30	4
259	19	16
226	23	16
514	29	4
976	33	16
110	25	8
389	23	8
121	22	8
168	18	32
429	18	32
109	16	20
480	31	8
55	9	28
232	19	16
32	15	8
45	17	8
405	34	24
886	33	32
594	27	16
277	31	28
288	26	4
298	22	28
226	17	4
110	35	4
389	17	12
276	13	20
252	21	4
91	11	24
52	25	4
475	33	8
13	2	16
242	12	4
163	26	4
218	9	12
643	21	4
587	23	24
239	9	8
197	12	32
334	13	32
48	9	24
502	30	8
480	31	4
556	24	16
132	14	4
555	29	8
325	14	8
322	14	24
420	23	28
364	17	32
192	19	8
379	20	32
835	33	28
38	7	4
632	29	20
733	33	16
298	26	12
321	17	32
814	35	12
241	13	24
784	26	8
735	35	16
37	33	20
494	31	8
919	31	8
250	35	20
745	35	8
323	14	12
603	24	16
574	21	8
150	23	4
149	26	12
258	26	4
964	32	16
89	13	32
66	15	4
18	13	32
261	28	4
186	23	12
460	27	12
837	35	20
585	32	8
233	32	4
724	35	20
142	15	12
64	18	28
767	25	24
434	33	20
334	14	32
152	7	4
286	12	4
566	26	8
113	14	20
389	33	16
887	29	28
821	28	28
615	22	8
676	23	8
366	30	28
803	26	20
504	35	24
109	26	12
27	9	4
62	2	32
194	16	32
488	20	4
141	24	28
1084	35	24
758	31	16
576	24	20
110	21	4
434	25	4
202	30	16
196	31	4
591	21	28
221	20	12
201	27	8
222	23	20
258	25	12
376	27	4
27	15	8
501	26	28
32	11	12
506	28	24
340	17	12
432	30	24
277	19	24
243	14	20
453	20	28
686	32	4
677	33	4
281	18	20
331	33	32
302	12	8
79	11	20
700	27	28
183	26	16
1047	35	16
57	21	12
165	16	24
726	27	28
704	28	16
646	26	32
531	19	24
182	33	4
300	30	4
404	35	32
252	14	28
386	21	24
127	27	24
1054	34	12
424	31	24
361	15	8
495	22	24
653	24	32
461	26	32
669	28	8
214	30	8
873	31	28
356	24	24
35	17	16
150	25	20
383	19	24
498	26	8
288	18	32
548	18	8
239	11	24
609	22	20
216	17	20
405	25	24
74	27	16
473	31	8
521	28	12
437	18	4
638	22	32
125	34	4
93	5	4
690	31	4
558	26	32
359	30	32
276	34	28
245	22	32
143	25	28
377	28	32
469	34	8
694	33	4
262	29	16
318	25	24
455	27	12
421	24	32
398	32	4
329	22	24
170	12	32
901	31	32
72	3	12
767	33	16
741	25	28
36	24	16
92	28	24
229	28	4
64	30	16
602	21	24
10	3	32
399	17	28
522	20	28
239	31	32
715	24	16
398	22	20
561	32	32
918	33	4
278	23	28
362	16	32
446	21	16
892	34	16
402	27	20
661	28	24
485	20	20
978	35	32
847	32	28
323	15	16
33	25	4
908	33	16
89	21	4
702	31	4
334	32	12
45	6	28
408	20	8
829	29	8
607	34	28
133	17	4
525	25	8
396	18	20
200	20	4
309	29	12
303	24	16
401	16	16
613	26	8
83	7	12
153	12	32
421	31	20
284	20	20
150	9	32
358	15	4
76	24	20
721	27	20
615	34	8
219	19	16
69	23	8
138	31	28
75	14	8
764	33	28
90	22	8
165	20	28
701	35	8
358	24	16
190	11	32
295	28	4
226	10	24
17	9	20
50	23	16
19	10	12
246	11	20
602	33	28
429	35	24
54	17	32
62	18	24
196	7	32
63	28	8
869	32	24
388	16	16
74	21	8
326	11	8
923	33	8
698	31	20
641	30	28
874	30	24
747	34	12
243	27	20
363	28	32
691	29	32
189	32	28
186	16	28
640	29	20
362	19	24
682	26	8
378	19	32
72	12	16
85	4	32
43	11	8
640	33	24
1061	35	20
581	24	16
382	16	20
74	35	24
833	35	4
496	24	4
611	35	24
125	31	24
147	14	32
516	26	12
500	22	12
73	26	28
521	24	8
130	22	8
93	9	8
230	27	4
311	16	28
718	30	12
648	33	12
268	18	4
480	33	8
349	30	4
489	35	4
382	26	32
497	29	16
779	26	24
216	19	4
496	30	8
347	24	20
197	32	4
231	14	16
735	33	4
78	34	12
171	15	20
628	24	16
176	11	16
128	13	20
1069	35	28
191	19	4
251	10	28
408	29	20
547	26	28
30	25	24
148	6	8
142	7	4
1024	35	12
401	15	20
431	30	16
686	26	8
427	23	4
277	30	32
135	8	4
207	17	20
891	35	28
146	17	20
65	19	8
522	25	28
569	29	20
287	33	28
378	33	12
278	12	4
660	32	12
623	23	12
314	32	24
211	35	24
100	20	24
55	6	20
760	29	8
279	18	4
651	27	12
134	24	8
196	23	12
47	11	8
77	19	4
719	28	8
173	33	4
481	19	16
592	20	8
395	19	24
78	7	12
172	19	32
393	25	8
738	24	8
488	18	24
45	4	12
300	17	8
673	30	20
416	32	24
218	16	20
52	21	8
649	27	8
144	26	28
132	28	12
418	34	12
125	22	28
102	22	16
495	27	20
26	2	20
20	3	8
639	28	16
25	7	12
611	30	8
836	35	12
191	7	32
772	34	16
862	35	12
218	26	8
199	29	16
32	26	28
211	30	28
609	35	32
645	30	12
473	33	16
357	19	24
62	12	20
180	17	20
362	23	28
185	17	16
161	14	20
604	20	16
216	34	16
524	27	28
463	31	8
917	30	16
605	35	20
558	33	20
761	34	8
523	30	20
550	27	28
930	34	24
387	23	24
73	22	16
719	29	8
697	24	12
691	31	16
129	31	4
150	27	8
378	17	16
143	17	20
360	23	24
395	20	32
36	3	12
41	7	8
602	24	20
107	31	32
606	25	32
171	11	16
709	24	8
543	31	20
439	20	28
179	9	12
195	34	16
128	9	16
72	27	20
203	16	4
430	20	4
362	33	4
757	34	8
35	21	16
224	17	24
509	20	28
503	19	32
840	34	8
423	16	28
428	22	24
556	18	32
795	28	16
260	17	28
447	18	4
319	33	20
60	27	8
564	25	20
201	21	16
158	32	24
175	11	4
247	32	20
555	34	28
34	4	20
227	24	24
78	22	20
515	18	28
646	27	12
86	32	24
369	26	8
26	11	8
374	25	32
213	8	32
47	15	12
451	32	12
58	2	12
355	22	32
143	8	32
924	33	8
796	31	8
217	35	8
618	20	4
14	2	12
555	30	32
344	33	24
165	25	16
196	31	16
295	17	8
391	29	20
782	32	12
95	11	20
133	19	16
218	20	16
407	18	28
910	34	28
193	14	12
445	28	4
280	30	16
981	32	20
612	31	4
17	17	12
914	35	32
393	31	24
420	18	24
650	32	12
611	25	4
105	22	8
99	25	4
531	30	4
303	13	24
424	19	20
982	35	12
695	25	8
670	34	16
150	16	28
675	33	28
887	30	20
160	28	20
274	28	20
262	18	4
336	27	24
330	16	20
323	24	8
157	11	20
248	34	8
61	21	24
41	34	8
156	8	12
448	30	12
940	33	12
83	34	28
518	28	20
406	29	4
574	24	4
69	19	24
287	14	20
443	15	28
229	28	8
238	25	4
400	23	16
346	26	32
777	29	4
373	17	16
77	20	32
173	17	28
874	33	32
608	31	4
920	32	32
545	29	16
96	28	28
403	25	16
390	35	20
547	18	20
426	15	24
350	29	32
485	33	16
465	22	16
288	22	28
399	13	8
464	21	24
769	28	20
491	30	24
336	24	28
434	29	24
229	31	12
393	28	32
28	16	8
110	26	8
240	24	8
628	30	4
136	25	12
697	32	24
88	29	20
83	13	16
115	22	4
172	29	28
739	25	20
127	11	28
82	10	28
165	19	8
370	23	12
320	19	4
562	19	4
70	30	8
278	29	4
845	33	20
458	21	28
163	12	16
264	20	32
352	35	16
225	21	12
757	25	16
302	19	20
252	20	12
388	17	4
762	29	20
278	14	16
194	26	28
350	33	20
13	3	16
244	31	24
548	20	24
164	30	28
740	30	20
347	18	32
306	28	12
580	35	4
47	9	28
254	12	32
51	8	24
619	29	28
255	34	32
332	26	8
93	33	4
415	16	24
506	22	28
283	14	32
274	15	4
857	32	32
759	28	32
705	31	4
360	35	8
157	28	4
724	30	20
185	30	28
368	15	32
53	32	32
239	20	4
390	27	16
432	20	12
225	33	28
553	35	20
205	17	4
416	19	20
500	29	4
611	28	20
106	17	32
243	35	28
554	31	28
66	29	16
458	22	24
242	28	20
140	17	32
230	18	4
518	24	16
179	32	8
260	9	24
63	22	16
1034	34	12
301	29	24
321	21	28
399	32	8
162	33	20
797	33	28
700	32	20
514	21	8
152	25	24
161	23	20
198	13	28
1034	34	28
212	14	20
203	13	24
514	21	24
31	7	8
242	22	32
35	30	28
205	30	28
483	17	12
715	29	12
90	21	20
453	33	12
403	21	20
520	21	8
54	6	8
947	33	4
65	13	8
628	32	24
152	31	12
283	20	28
621	24	12
468	19	16
94	11	32
402	22	8
407	23	32
875	32	8
790	26	12
376	21	28
440	33	4
731	25	16
79	26	16
502	32	12
317	14	28
171	9	28
1042	34	20
538	29	28
55	31	12
71	32	8
6	4	16
288	15	4
397	34	12
240	16	32
520	27	20
32	29	24
732	34	28
53	21	28
68	11	12
442	33	32
401	21	20
508	21	8
78	14	12
639	35	32
784	28	32
111	6	24
88	6	12
101	26	12
549	24	32
162	14	12
488	25	16
577	30	32
677	34	4
78	27	28
258	13	24
320	12	28
944	34	8
158	34	20
716	29	32
46	25	20
144	17	20
692	26	20
239	31	24
527	17	28
134	6	8
664	27	32
1029	34	28
87	13	32
42	32	24
157	6	12
247	9	24
50	18	28
25	8	4
335	21	8
582	22	24
505	28	20
559	33	8
504	31	28
51	4	20
491	25	24
446	25	20
418	31	28
529	30	12
74	16	12
930	35	12
612	23	12
387	22	12
392	20	8
375	22	24
192	30	4
678	26	32
375	34	28
991	33	32
345	30	32
206	20	20
394	32	8
239	8	24
217	19	4
736	33	24
235	13	16
41	6	28
573	26	16
199	16	12
438	30	4
129	9	4
254	24	20
209	28	4
130	21	4
401	35	20
281	10	32
129	16	12
717	32	16
647	33	20
819	30	32
267	26	20
234	12	20
118	22	12
564	21	28
305	19	32
431	24	4
230	16	28
59	17	20
179	34	24
563	34	12
121	26	16
92	3	24
919	33	16
256	14	32
28	2	12
96	4	4
90	9	8
433	21	28
376	21	12
98	35	32
521	27	28
525	20	32
514	19	8
191	9	16
401	31	4
407	14	16
479	16	8
148	15	16
661	32	16
512	21	24
144	10	24
595	26	16
221	28	20
122	8	32
133	18	4
99	32	28
366	31	4
182	6	32
592	23	12
81	23	12
335	22	4
624	30	8
219	9	8
137	8	16
673	34	24
730	26	24
751	28	28
139	17	28
694	31	20
512	24	24
43	7	24
321	18	32
123	10	32
619	22	16
445	21	12
783	30	12
17	10	20
294	26	4
831	32	24
505	24	16
77	29	32
638	30	4
279	35	16
419	28	24
424	26	28
125	6	12
349	18	28
307	13	28
217	28	20
354	20	24
331	20	20
726	24	12
336	18	16
426	18	20
380	24	16
39	9	12
508	34	8
661	22	16
16	15	24
71	22	32
360	20	8
524	22	16
182	15	20
420	33	16
268	34	16
46	33	16
346	12	32
685	27	12
123	6	8
408	22	32
553	18	12
300	21	32
861	28	4
667	29	8
179	31	20
296	32	24
492	20	20
230	31	20
202	9	28
684	24	4
226	14	28
192	13	32
628	31	16
542	31	24
222	34	4
31	31	16
557	19	28
236	31	28
535	29	12
730	29	32
597	22	24
569	20	32
689	25	12
234	21	12
161	31	32
118	15	28
858	31	8
279	21	16
496	19	20
461	27	32
772	31	16
398	33	20
186	8	32
777	27	28
454	29	20
354	34	28
127	16	8
453	16	12
571	20	4
251	9	16
369	12	16
225	20	32
596	33	16
820	34	8
166	17	24
727	24	20
539	26	28
732	30	16
652	29	20
254	20	28
108	9	4
907	33	20
65	15	28
115	10	24
173	28	16
13	11	28
195	19	4
621	26	24
640	35	32
587	23	12
344	28	20
315	27	12
303	29	28
281	24	24
277	20	8
103	24	20
502	30	20
92	35	32
312	18	20
177	10	20
54	6	12
237	31	16
725	28	24
102	4	4
341	34	20
536	25	16
934	34	8
47	22	4
130	32	4
571	32	20
95	32	12
614	20	16
101	32	20
639	33	20
845	33	8
204	19	32
439	32	16
560	31	12
506	29	12
638	26	8
425	21	24
504	23	20
757	31	8
500	27	16
425	32	32
156	34	16
73	4	4
207	11	4
16	11	28
183	12	24
226	16	32
104	30	24
405	18	16
545	24	32
584	23	8
267	35	28
95	20	28
494	18	28
805	32	28
653	31	28
480	33	28
890	31	16
830	35	20
493	27	24
328	31	28
478	35	16
10	10	12
378	16	16
212	21	12
157	17	4
298	19	28
202	13	24
611	34	8
172	13	24
578	30	24
761	34	28
857	32	4
209	30	16
311	19	12
344	32	4
35	18	16
1023	35	28
486	23	16
298	29	32
485	26	24
917	35	8
428	21	24
455	30	24
683	30	16
162	15	32
544	23	16
391	31	4
322	11	24
447	19	4
499	24	32
226	21	28
576	30	12
759	34	20
423	35	12
229	31	24
61	32	24
688	28	20
474	35	24
90	11	20
81	12	16
515	19	28
114	16	20
851	31	12
140	35	12
252	14	8
482	29	28
929	30	32
66	28	28
349	26	8
924	32	8
534	18	8
332	14	28
39	29	4
278	13	20
331	11	20
286	15	32
589	35	8
748	35	20
267	21	12
153	28	32
219	24	24
636	34	16
25	17	28
38	3	28
189	33	24
75	32	24
933	35	4
192	35	4
593	22	16
413	20	16
194	10	12
126	6	24
637	31	24
249	11	4
121	10	32
312	20	4
611	27	12
271	21	28
324	15	28
295	12	4
380	19	28
300	18	24
73	33	16
162	29	4
700	28	20
361	28	28
349	26	20
439	29	32
830	28	12
785	31	12
36	11	24
274	31	20
238	22	24
314	28	32
63	12	8
386	18	12
439	22	4
536	22	28
273	26	12
20	12	24
351	34	20
75	21	24
237	23	20
206	8	8
31	26	8
930	35	28
48	30	28
463	16	4
609	27	8
552	28	8
667	22	4
299	13	12
119	7	4
115	33	16
687	25	8
530	25	32
841	29	16
692	29	12
369	24	32
753	33	8
177	6	20
248	20	12
713	34	24
303	26	4
111	35	32
60	19	20
576	23	24
535	22	24
515	35	8
30	7	4
8	8	16
73	33	4
411	29	12
635	25	20
40	31	28
171	20	12
566	24	20
658	29	8
742	27	24
111	22	20
203	29	8
374	17	4
367	27	16
655	29	12
316	27	4
854	30	4
435	35	32
371	26	28
796	28	4
291	27	16
335	17	16
296	23	28
39	20	32
522	24	32
544	19	20
27	18	16
816	33	32
83	30	24
95	11	32
645	24	12
573	33	20
224	31	32
52	17	16
250	24	24
138	31	8
228	16	20
625	22	24
376	30	4
395	33	16
674	30	28
300	34	12
339	22	24
476	30	20
492	33	32
371	15	20
362	14	16
246	16	8
671	26	24
399	22	32
509	18	32
868	31	8
191	22	28
45	13	4
247	10	28
449	21	16
20	18	32
94	11	24
118	30	28
189	12	12
448	22	24
251	13	16
239	15	8
76	21	16
188	15	4
154	10	32
474	30	16
308	23	12
495	16	28
189	19	4
878	35	8
568	33	4
101	20	16
470	22	28
976	33	24
78	28	4
89	22	32
507	33	12
214	28	12
17	5	8
248	29	16
439	27	20
133	10	4
263	30	8
309	30	32
608	23	32
419	34	4
549	28	24
150	8	4
315	14	32
385	27	4
444	33	28
257	11	24
98	7	4
322	19	20
280	12	20
349	24	4
778	35	20
177	27	8
238	20	8
328	35	16
136	24	32
247	9	32
186	9	20
323	27	24
255	15	20
210	14	20
198	12	28
287	22	12
211	8	28
103	29	20
535	26	20
36	26	20
121	31	28
219	22	32
471	32	32
178	24	20
579	25	24
399	19	24
130	10	20
449	21	32
997	35	20
152	35	12
459	18	24
786	35	28
135	6	20
396	22	12
377	23	28
196	34	24
167	15	8
928	30	32
153	8	16
311	14	16
566	30	4
658	27	24
783	35	4
397	35	20
107	5	28
50	6	20
125	15	32
597	35	8
837	32	24
71	31	4
37	28	32
35	34	20
677	35	28
48	15	4
138	33	20
618	26	28
320	11	28
716	28	32
450	15	4
402	13	32
676	28	16
331	19	12
143	24	32
789	28	4
225	13	20
794	30	8
493	32	8
844	35	12
579	35	24
237	18	12
425	30	16
407	27	20
57	2	24
780	34	32
75	13	4
317	32	12
351	33	12
756	27	8
274	18	24
684	32	28
73	13	12
293	30	12
679	23	28
93	20	16
90	4	32
736	32	8
450	24	8
214	21	4
666	35	20
569	32	28
411	16	20
920	32	20
438	25	4
185	6	4
437	20	28
209	29	4
296	15	24
98	11	8
312	27	4
184	30	20
654	31	28
561	35	24
984	35	4
779	28	28
496	16	12
664	23	20
155	33	32
100	35	8
161	33	24
410	25	8
588	25	32
198	8	24
128	15	8
111	27	24
346	33	12
746	31	24
54	14	4
86	27	28
517	20	24
178	28	16
602	23	24
28	1	12
161	19	24
255	22	12
258	16	24
289	15	24
851	30	32
943	32	8
362	18	32
248	18	32
114	27	20
378	22	24
848	34	28
197	15	4
140	8	28
269	30	20
457	20	4
291	19	24
229	24	16
341	14	4
434	33	4
147	11	24
224	16	12
527	25	32
744	31	28
44	34	20
713	34	16
628	21	12
559	22	20
651	29	8
116	10	20
418	14	24
52	9	8
303	30	16
274	34	20
359	34	24
445	28	16
394	26	12
462	29	32
176	34	12
329	19	28
421	17	20
509	34	4
879	29	12
337	13	24
335	35	32
851	31	20
107	8	16
879	32	16
305	23	8
563	23	4
240	24	32
649	25	4
842	31	8
210	34	4
648	26	12
104	14	28
921	35	20
20	13	4
589	27	32
75	26	28
10	5	32
71	25	20
447	19	32
940	33	32
578	32	12
157	18	8
359	27	28
387	19	8
642	29	28
658	32	24
442	27	12
186	18	20
141	32	32
88	13	32
272	16	4
145	32	32
493	30	8
25	15	20
283	30	32
212	10	4
161	12	8
31	3	16
581	26	16
605	33	16
428	28	20
922	30	16
604	34	24
573	31	12
292	10	16
263	9	8
521	26	8
537	22	32
299	17	24
492	27	20
382	20	32
236	9	8
659	23	20
238	12	16
546	18	16
358	34	32
405	25	8
180	14	24
124	24	12
999	34	8
453	23	8
31	28	16
430	26	24
125	12	4
547	24	28
727	26	28
165	32	16
552	22	16
259	11	20
343	21	12
236	19	28
360	31	32
511	35	16
508	17	32
81	15	32
320	19	16
664	25	12
801	31	24
296	30	20
261	16	24
713	35	4
367	23	28
170	12	16
326	35	24
353	32	4
580	25	16
918	30	32
283	33	8
202	7	4
145	22	28
139	9	8
689	28	24
166	16	24
228	31	28
659	35	4
609	34	20
164	30	8
60	10	24
197	22	20
900	33	4
91	9	8
493	27	32
277	26	20
482	24	24
79	3	32
633	32	12
477	34	16
303	18	28
632	35	4
924	35	12
422	24	24
484	23	28
738	26	8
250	24	20
215	26	24
519	33	8
226	31	8
188	16	24
306	22	12
88	22	12
536	24	16
607	34	12
876	32	32
242	11	20
550	34	32
48	14	16
98	24	12
364	23	28
480	20	20
384	21	12
613	26	24
602	32	16
501	30	8
645	33	32
44	26	8
611	28	8
299	33	12
560	30	12
237	26	4
195	21	12
105	20	12
842	33	20
150	22	24
224	31	12
132	24	16
721	32	8
892	30	20
250	23	12
860	35	4
326	13	32
526	19	8
746	35	24
210	15	24
25	11	24
941	32	8
10	3	16
105	30	16
412	29	4
523	28	20
405	19	16
349	17	12
288	33	32
923	33	24
543	23	8
731	35	16
243	27	4
186	16	12
855	28	28
231	9	8
59	3	20
598	21	16
522	33	28
297	23	12
597	24	24
630	28	12
392	35	12
541	32	20
34	27	28
584	28	20
409	20	24
72	25	20
60	3	4
54	24	16
430	22	28
93	9	24
177	20	4
322	25	12
707	26	20
128	16	8
489	35	20
76	15	32
315	19	16
523	32	32
111	6	4
490	31	28
210	24	24
252	34	24
878	32	16
90	25	8
372	15	4
26	24	28
21	3	16
202	27	24
55	33	32
650	25	12
229	16	24
526	29	32
688	27	20
819	32	4
246	33	4
526	22	32
111	12	16
102	9	20
450	21	24
253	14	16
77	25	8
793	26	28
189	15	4
907	30	20
82	29	12
163	14	20
134	15	12
165	23	12
52	26	8
762	27	16
278	12	20
539	29	12
194	24	24
645	35	32
1012	34	12
736	24	4
276	27	12
370	26	4
263	29	8
51	10	4
551	21	8
807	34	24
445	30	4
439	25	24
83	3	24
672	32	32
45	29	20
444	29	28
488	28	12
393	25	24
500	17	28
337	15	12
556	35	20
414	21	20
560	26	8
336	12	4
783	35	32
425	18	28
295	13	28
270	13	4
161	24	20
186	25	24
738	33	16
46	22	12
304	18	4
728	25	28
124	12	4
550	32	16
337	26	32
238	17	24
139	7	32
130	6	12
97	20	28
693	33	28
600	32	28
449	31	12
919	30	4
126	32	28
418	16	8
499	26	8
436	30	28
211	7	4
329	14	4
275	19	12
599	22	4
145	5	12
28	2	32
881	30	32
527	22	32
922	34	20
353	28	28
560	34	4
374	30	24
1017	34	16
777	31	12
577	21	16
486	24	8
276	28	32
632	34	32
609	30	12
625	27	16
241	17	20
216	9	28
108	28	20
240	18	28
239	19	4
407	34	24
55	3	4
310	10	8
852	34	32
91	32	20
197	17	4
87	8	16
210	9	8
317	25	12
387	14	32
465	16	16
248	35	28
802	26	8
925	30	8
769	30	20
99	9	32
401	17	12
485	31	20
551	26	24
496	26	28
23	16	12
142	30	12
156	22	8
547	34	4
538	27	24
652	23	24
90	4	12
158	23	24
935	33	8
152	34	32
134	17	12
345	34	20
763	26	16
115	20	4
35	21	32
123	34	16
183	31	32
486	20	32
695	32	12
54	11	20
352	26	12
477	30	28
277	18	28
340	28	28
778	31	20
158	12	20
677	32	24
228	33	12
558	34	16
389	20	4
706	27	4
52	30	12
599	32	32
205	31	28
705	30	28
79	17	12
533	20	4
210	35	24
755	29	32
274	23	8
364	24	20
56	23	24
345	22	24
646	27	28
282	32	12
12	6	24
32	2	20
368	25	16
159	27	16
482	26	12
372	23	32
93	23	32
801	29	12
78	3	24
619	27	28
607	29	12
330	33	28
573	30	32
317	15	28
85	22	8
630	35	12
68	14	12
431	22	32
458	21	16
231	29	8
39	7	4
300	21	28
536	22	12
44	11	8
237	9	4
672	25	24
687	25	16
737	32	28
217	17	24
325	20	12
418	23	4
41	4	16
561	31	32
595	33	32
748	26	8
56	35	16
488	31	28
279	9	12
249	33	4
258	12	32
580	21	20
125	13	20
893	31	16
434	20	12
375	29	28
181	22	8
481	25	16
465	26	8
621	32	8
366	17	32
514	23	24
884	35	8
557	33	28
235	16	28
400	24	20
394	21	32
65	32	16
1012	33	32
145	33	20
162	20	4
187	29	32
350	26	20
990	35	4
477	21	32
827	28	24
529	24	28
144	35	12
309	18	20
208	13	8
196	15	16
190	12	28
201	11	28
362	34	16
515	29	16
89	20	24
102	4	24
203	28	24
146	31	24
110	22	28
635	35	20
86	29	8
162	31	32
223	23	20
442	35	32
109	23	16
557	21	12
936	32	28
108	20	8
102	17	12
202	28	12
200	14	8
488	23	16
447	22	16
276	21	16
843	33	32
757	31	28
696	35	32
512	26	4
332	21	4
127	11	12
57	16	4
358	25	12
445	19	8
136	26	8
624	22	16
17	8	16
583	23	16
338	14	24
340	17	32
277	16	12
206	12	32
448	17	28
425	31	16
774	33	8
360	16	8
275	22	28
395	27	32
132	13	32
386	34	4
374	19	8
332	19	16
429	30	4
161	22	16
1013	35	32
292	15	32
393	17	16
769	27	20
381	25	28
262	11	16
317	26	32
667	25	8
641	33	28
192	32	24
184	23	32
774	27	4
105	7	8
663	27	24
182	13	8
192	9	16
92	34	28
367	12	32
100	16	24
375	18	12
335	21	32
152	26	8
66	7	4
116	16	32
871	30	32
667	31	12
655	25	28
378	26	24
974	33	24
809	29	28
343	24	28
429	22	12
802	31	16
646	32	28
323	20	20
151	14	28
377	21	20
345	17	32
198	11	24
599	30	4
441	30	20
801	33	32
458	22	8
236	25	24
59	3	32
148	7	4
266	12	4
84	6	28
223	30	8
462	16	8
35	24	24
496	33	20
893	29	32
124	8	28
429	16	24
324	31	32
455	20	16
327	33	28
230	32	12
215	35	12
776	26	24
577	23	4
413	33	24
891	34	24
143	9	28
247	19	24
139	10	20
64	17	12
172	22	16
39	29	24
57	31	24
321	31	24
582	32	20
392	21	32
135	30	12
242	33	8
827	30	8
821	29	12
167	34	4
24	18	32
410	30	12
79	29	20
626	26	24
84	7	12
81	17	12
479	28	20
625	31	16
114	31	24
104	8	20
382	13	32
738	35	24
312	20	16
646	22	16
117	20	32
736	31	28
157	25	20
134	19	16
362	25	8
34	32	16
190	31	24
466	31	24
183	29	12
13	13	24
659	25	32
75	10	28
26	3	16
537	25	4
225	10	16
533	35	4
494	29	32
446	35	28
439	34	20
414	28	28
470	24	28
407	28	16
46	25	4
503	33	28
132	27	20
269	21	24
163	35	28
158	27	20
357	18	28
208	35	28
112	26	28
340	30	32
586	35	24
38	4	12
355	20	12
46	10	24
524	20	16
441	29	24
384	18	24
517	28	12
703	32	32
97	24	16
806	35	8
270	19	28
850	28	32
317	24	16
198	29	28
487	20	24
184	25	16
286	31	8
434	28	4
128	33	20
708	35	28
589	31	20
635	31	12
734	35	28
141	22	12
760	35	16
935	32	28
270	13	32
143	7	4
632	22	20
441	18	8
124	32	4
257	11	20
117	6	20
365	32	4
840	35	4
511	32	16
425	33	20
795	31	20
1006	35	24
433	19	8
34	16	4
914	31	16
572	23	4
345	23	16
184	8	28
228	34	16
766	33	24
314	12	8
115	29	20
229	29	20
681	26	12
102	12	16
608	32	20
943	35	24
788	27	28
345	25	12
58	3	8
282	31	16
740	29	16
263	32	24
458	30	28
169	12	12
479	16	24
1031	35	8
312	16	12
44	35	4
283	15	20
709	30	32
287	34	32
237	33	16
852	34	12
357	25	8
300	22	8
327	25	8
112	14	12
155	27	32
637	22	28
617	35	20
225	34	8
268	28	8
613	27	24
1038	35	24
438	22	24
14	5	4
506	19	4
616	25	12
668	23	20
48	26	4
278	34	20
982	32	8
161	30	24
634	24	28
861	33	28
268	26	12
38	32	28
113	17	4
205	12	20
699	34	8
477	30	32
671	24	4
413	31	20
718	33	16
586	19	24
580	28	20
266	9	20
471	32	20
966	34	24
299	15	8
290	14	20
388	23	32
261	33	12
389	17	24
67	20	12
154	24	16
754	34	12
697	27	4
180	28	24
152	30	32
115	13	32
207	23	8
299	26	28
380	33	8
64	22	28
630	31	12
175	13	8
241	29	8
679	31	8
436	20	24
170	26	4
397	15	4
322	24	12
97	9	20
491	17	28
320	30	28
314	31	24
114	34	8
585	33	28
227	8	20
488	24	4
920	31	4
574	34	16
111	30	12
89	29	16
206	7	32
348	34	24
110	25	20
564	30	28
337	16	12
597	22	8
223	28	28
534	26	4
172	30	24
739	24	24
50	19	4
403	13	28
278	18	24
583	22	12
312	31	28
426	27	28
299	25	24
367	22	12
453	16	28
66	25	32
169	8	8
677	25	16
512	17	12
456	20	8
307	14	12
749	34	12
357	33	32
283	11	16
46	34	20
364	27	16
27	25	20
164	31	24
288	35	8
531	23	16
153	30	32
39	10	28
517	32	20
383	17	4
482	25	8
24	16	12
503	25	12
477	33	32
614	30	12
881	34	4
107	27	24
639	23	20
159	27	28
532	24	4
663	23	20
324	13	28
105	17	8
84	16	12
667	30	16
270	32	24
46	17	12
786	28	20
37	10	16
136	32	12
413	16	4
241	13	28
639	33	4
417	23	8
116	6	32
62	5	16
20	2	24
11	9	4
722	29	24
897	30	24
37	29	4
214	24	20
42	17	8
701	27	32
69	22	24
263	32	12
246	31	32
516	30	4
330	35	4
965	35	20
67	16	8
39	33	4
892	31	4
841	31	16
657	32	20
147	28	32
589	20	32
828	30	16
180	16	28
373	20	16
605	24	8
63	35	4
952	31	12
476	32	20
911	30	20
206	32	32
240	17	28
72	32	4
800	34	32
584	23	24
709	31	4
582	33	32
297	11	8
290	21	20
850	30	12
346	25	20
292	32	28
384	13	16
559	23	12
821	28	24
316	25	4
265	29	24
307	18	28
636	24	32
176	34	24
714	33	16
34	24	12
644	32	20
547	35	4
67	28	32
364	12	12
179	6	28
571	26	4
413	14	8
48	25	32
188	16	20
221	35	24
333	25	4
121	18	8
106	8	32
77	11	24
405	15	32
420	21	20
626	21	16
28	10	20
429	22	32
853	31	8
959	32	16
777	35	20
308	26	20
619	28	24
341	18	8
144	5	4
88	14	8
133	32	8
61	25	32
447	19	20
139	32	16
157	18	28
558	29	16
219	23	24
529	27	12
224	19	28
338	23	28
819	35	20
331	21	8
75	3	20
18	8	28
205	7	12
906	34	24
140	7	16
333	33	8
43	9	12
951	31	28
929	30	16
424	31	28
381	15	8
262	33	20
924	32	24
178	21	32
64	17	32
482	34	4
332	14	12
978	35	8
501	35	28
50	33	8
685	33	16
852	32	24
295	22	24
719	31	16
668	31	28
306	27	24
382	32	16
38	3	12
35	17	20
68	35	8
643	23	16
593	22	32
245	12	16
129	33	24
469	24	8
325	21	12
36	13	28
241	9	24
636	27	24
468	25	16
608	21	32
504	17	32
550	19	16
904	30	16
416	16	28
122	22	24
318	35	4
100	19	28
237	29	16
616	23	16
753	25	12
260	14	24
729	25	4
161	24	12
771	32	28
142	30	32
262	29	20
709	24	28
347	28	20
172	6	28
370	16	4
261	16	12
790	30	16
376	26	20
947	31	12
522	30	32
40	32	16
348	14	8
746	29	4
843	31	28
86	25	24
523	27	32
602	30	4
710	30	8
522	20	24
264	13	16
109	11	16
883	30	32
515	20	12
60	10	12
54	3	8
700	35	32
107	13	32
266	28	20
265	25	28
366	26	20
598	22	4
631	30	32
924	35	32
29	26	12
526	34	12
707	32	4
513	27	8
532	31	32
635	32	20
53	8	4
384	15	32
79	12	4
814	34	28
462	34	32
479	25	16
422	18	16
478	30	24
249	15	24
365	13	12
200	13	8
432	26	24
510	17	28
488	22	16
301	14	24
135	17	20
369	20	24
315	13	24
163	7	28
157	22	24
247	25	4
701	28	28
536	30	24
644	27	4
162	24	20
112	5	4
338	27	16
127	8	12
222	21	24
227	21	28
564	29	16
399	32	32
445	20	8
791	34	12
102	10	24
151	22	12
560	20	12
98	7	12
24	8	4
270	27	16
344	20	12
514	25	32
475	27	28
48	17	12
306	10	8
275	23	28
280	19	24
224	21	4
672	23	24
269	18	28
387	21	4
670	29	16
215	29	16
187	31	24
1011	34	16
163	24	20
11	2	16
1035	35	24
362	19	28
23	1	24
163	23	32
666	29	16
231	9	20
239	15	24
381	13	8
92	21	24
280	25	4
579	30	4
97	29	20
495	16	12
969	35	12
541	32	8
34	27	32
387	27	16
310	14	32
287	34	12
554	20	16
102	6	32
99	18	16
374	20	20
486	34	32
810	27	20
75	25	12
396	13	32
682	22	24
420	25	8
160	7	24
279	30	32
229	13	16
608	23	16
623	26	24
36	32	20
1043	34	28
222	35	24
446	23	32
236	24	24
740	30	12
683	31	4
666	27	12
321	22	12
337	19	32
416	15	24
55	8	12
114	19	8
468	35	20
62	9	8
111	12	12
189	15	24
633	28	4
40	34	32
143	14	28
371	16	20
999	33	8
139	11	20
534	29	28
654	32	32
45	35	20
254	33	20
79	29	28
294	23	28
703	28	4
285	19	4
197	20	16
393	14	32
50	12	16
345	30	8
237	21	20
786	35	12
503	24	24
76	16	8
1015	33	20
405	22	24
483	32	20
177	35	12
445	30	16
400	31	8
700	33	16
624	27	8
144	13	12
502	35	28
595	31	4
682	30	28
674	27	16
107	5	12
529	35	4
305	17	8
201	21	24
564	27	4
670	23	8
368	14	4
146	5	32
158	16	8
580	28	24
556	23	4
618	26	24
589	29	32
561	19	8
449	31	24
106	31	24
613	22	4
470	27	28
447	17	32
960	35	28
651	23	32
281	12	28
150	20	28
986	35	28
155	18	24
813	28	28
369	26	20
56	20	12
471	19	28
209	33	20
38	11	4
224	14	28
234	34	20
49	16	20
236	17	4
474	18	4
411	26	24
74	19	28
584	24	12
334	29	4
991	32	28
629	33	8
417	34	12
719	29	12
697	24	8
506	34	16
350	31	20
798	29	8
293	30	28
742	27	12
378	17	20
206	23	4
79	13	32
325	23	32
291	24	12
241	11	20
392	32	32
150	32	12
240	8	28
205	22	16
629	31	24
637	33	20
55	25	20
418	33	16
111	21	20
679	24	12
972	32	16
553	23	24
208	30	12
311	18	16
41	18	24
512	24	32
128	18	4
163	27	4
486	20	20
40	17	16
413	16	32
154	18	12
101	32	32
262	31	32
341	17	28
652	33	28
153	23	4
243	14	32
367	21	4
571	19	12
135	12	28
369	15	16
82	33	4
321	13	20
458	23	8
735	26	24
395	25	4
142	5	8
252	26	16
77	4	16
512	30	20
739	29	4
247	32	24
34	4	16
109	13	4
55	10	28
738	32	28
406	34	24
232	22	8
256	22	24
115	9	8
277	28	28
476	27	20
621	29	24
620	30	16
302	23	20
205	27	28
400	27	12
608	28	32
307	19	16
568	32	16
415	22	4
304	12	28
250	26	28
652	24	32
18	3	20
232	28	20
804	35	32
674	31	20
518	32	16
607	32	12
360	20	12
282	24	4
540	32	28
390	21	16
271	14	4
21	4	16
64	15	4
951	32	16
307	25	4
20	7	8
416	17	32
38	29	4
809	32	24
464	35	32
127	23	16
668	22	20
48	25	4
30	24	32
644	25	16
551	33	20
649	25	20
325	30	4
160	28	16
75	13	12
63	15	20
948	35	4
68	3	24
635	23	24
278	30	32
124	23	16
129	11	12
19	8	28
605	27	24
431	26	28
470	25	12
519	27	16
99	31	28
553	30	4
475	25	16
241	29	12
328	15	16
41	25	12
299	12	8
579	22	12
115	17	12
124	4	12
185	24	32
182	29	8
131	8	12
305	29	20
262	20	28
272	16	20
493	30	24
683	33	24
283	31	12
441	28	8
297	17	12
98	26	8
376	19	32
197	30	4
392	33	12
118	27	4
204	25	20
831	33	8
547	18	16
174	34	8
95	8	32
871	29	12
310	17	28
128	30	8
437	33	8
564	35	4
343	31	8
909	32	32
148	23	4
370	34	32
84	25	16
865	35	8
414	30	32
465	33	32
33	18	8
525	31	24
409	24	4
714	24	24
581	19	32
794	35	12
122	18	12
143	6	20
684	24	24
50	3	28
167	25	20
115	22	24
207	24	32
422	33	28
324	14	20
227	20	8
527	35	12
77	27	8
226	16	8
82	31	12
452	18	20
247	22	12
257	12	8
307	15	12
678	30	16
582	35	12
964	34	32
358	19	4
328	16	4
83	18	4
214	27	20
244	10	24
450	17	12
370	17	28
95	15	28
544	32	8
815	31	4
52	13	28
730	35	20
119	33	28
390	17	20
51	8	4
303	18	12
460	15	16
881	35	12
108	29	32
456	25	20
372	12	20
263	10	16
611	22	4
435	24	8
414	23	20
87	29	28
724	30	16
272	9	16
219	29	4
53	8	32
878	35	28
296	34	16
355	30	8
343	24	32
269	30	16
648	22	16
371	26	32
151	14	12
557	22	32
69	4	4
1045	35	24
136	19	16
365	28	24
495	25	12
62	4	16
444	25	8
118	16	24
754	27	16
436	28	20
242	28	16
304	34	20
104	23	20
260	9	28
156	21	4
216	26	8
353	30	28
234	8	20
828	29	16
466	29	12
174	20	16
886	35	20
260	30	8
350	23	28
204	8	28
293	22	20
79	5	24
93	28	8
102	27	32
608	27	28
553	26	4
45	34	32
62	27	16
199	25	12
623	22	20
267	32	12
87	34	12
521	22	20
379	28	8
373	31	4
128	26	12
438	22	8
380	34	24
875	32	20
491	26	24
443	30	8
221	17	8
201	9	16
172	12	24
596	27	16
533	25	28
255	27	16
425	33	12
646	22	12
164	14	8
498	17	32
772	31	8
333	26	4
145	24	12
528	33	32
183	29	32
402	16	16
85	14	28
57	12	12
813	33	4
309	26	12
227	16	12
320	31	12
117	7	32
279	30	4
278	25	28
489	26	20
391	28	20
447	16	20
322	14	4
578	35	32
225	16	20
676	33	16
320	12	24
282	34	20
222	24	20
798	35	32
137	31	12
461	22	32
45	16	28
794	31	4
341	28	32
372	21	32
429	32	32
592	30	20
56	2	12
212	34	32
313	14	16
186	6	12
612	23	8
884	35	12
56	27	4
719	28	16
587	34	8
416	34	32
242	35	28
816	31	8
231	10	16
737	34	28
239	8	28
530	21	20
609	23	24
244	14	24
480	16	8
455	34	12
740	27	12
467	31	24
295	33	8
999	35	28
96	17	32
443	24	4
913	32	24
372	12	32
301	18	32
383	34	12
140	21	32
41	17	4
378	24	28
585	23	32
288	26	12
429	20	8
648	24	32
773	30	4
434	22	4
763	32	32
296	29	8
130	6	28
240	15	4
82	28	24
628	27	24
605	29	12
885	34	16
117	27	16
365	26	32
109	12	16
431	15	28
279	17	24
778	26	20
538	35	4
71	13	16
89	32	8
776	28	4
146	12	4
264	25	4
59	23	12
72	11	24
29	27	4
72	33	12
847	33	16
259	29	8
595	26	28
859	30	20
515	27	16
622	23	4
295	16	32
702	30	8
657	25	16
614	34	32
195	23	4
621	22	16
826	31	12
269	31	20
385	20	32
524	21	12
196	11	4
753	32	4
394	27	8
160	32	20
194	17	20
159	13	24
358	14	24
193	20	28
381	21	12
480	27	28
735	28	32
113	7	4
225	29	24
513	27	20
529	32	8
44	2	20
877	30	32
224	30	16
655	24	32
876	29	24
157	35	4
105	12	24
48	3	24
111	21	8
84	15	20
237	14	20
18	15	24
245	32	16
596	35	20
444	22	16
85	35	20
372	18	28
41	33	16
271	29	24
52	5	20
519	26	4
276	17	4
76	30	20
592	26	16
863	33	12
722	30	8
750	29	20
341	30	28
826	35	28
721	27	16
160	19	24
381	27	20
320	23	32
181	31	20
301	28	24
16	15	28
206	9	12
184	21	32
848	34	32
67	35	4
463	24	16
412	26	4
252	16	32
874	33	20
903	32	28
39	28	28
606	26	20
336	23	24
494	22	28
490	23	16
294	34	28
431	22	16
287	35	12
926	32	16
130	25	12
463	15	4
361	13	8
506	33	20
379	19	16
788	32	20
217	34	12
296	32	28
876	34	28
209	7	20
286	29	12
183	18	4
770	34	8
673	33	24
496	29	12
35	11	20
296	25	12
177	9	20
101	20	20
543	24	20
431	28	12
4	4	4
571	30	20
565	29	32
801	35	32
65	26	24
518	26	32
317	16	8
275	15	32
619	32	28
574	22	24
260	15	8
289	23	20
321	23	20
329	33	8
802	27	4
154	17	8
403	13	8
381	20	20
839	32	20
253	15	4
489	29	4
354	34	24
391	27	4
265	22	16
464	25	16
744	35	12
116	26	8
62	33	8
167	22	28
115	31	16
229	27	16
680	34	24
308	17	20
82	5	16
34	3	20
601	23	28
96	6	16
84	16	24
364	27	4
171	34	32
111	11	24
3	3	32
284	23	12
115	10	4
412	33	16
815	30	16
793	29	28
291	32	8
437	34	20
82	22	12
940	31	32
264	27	20
828	34	24
457	25	24
142	18	16
533	27	8
73	24	32
78	29	24
165	6	8
538	31	12
336	11	16
737	30	4
89	20	8
226	28	4
569	32	20
592	32	8
151	26	32
558	20	24
196	28	28
58	11	16
49	12	28
326	28	4
144	25	24
245	8	8
82	16	16
323	23	12
137	23	4
171	9	20
445	25	4
108	20	24
83	6	16
503	35	32
550	23	8
313	27	12
38	16	8
961	33	20
470	26	4
110	20	4
325	19	16
934	32	20
653	32	32
164	16	32
136	26	24
42	34	8
251	34	24
746	32	28
578	19	28
38	10	28
212	15	12
325	18	16
335	34	28
423	29	24
463	28	20
816	34	8
406	31	28
683	23	32
287	11	20
612	21	28
393	17	32
348	19	24
453	32	20
349	28	24
146	32	12
93	14	8
192	28	12
338	35	32
758	28	28
212	21	8
22	9	32
167	9	16
63	5	16
316	34	32
602	27	24
192	9	32
432	24	12
404	31	16
687	35	4
447	21	20
141	24	4
588	35	32
436	22	4
92	6	8
33	9	20
981	34	24
402	17	4
509	21	24
118	11	20
258	25	20
348	30	8
279	25	16
296	27	28
171	14	24
152	32	4
864	35	12
422	35	8
565	27	16
627	28	12
513	30	28
745	27	16
124	13	12
199	15	24
79	22	24
426	32	8
176	25	16
773	34	32
136	29	32
100	27	12
433	23	20
427	22	24
256	21	24
59	10	16
121	7	20
170	11	4
207	13	20
390	18	12
169	14	12
247	19	8
53	24	4
827	35	4
456	22	12
138	5	28
555	25	12
51	30	20
761	29	28
215	25	24
50	33	28
559	23	4
236	32	24
545	32	28
95	8	24
73	25	16
282	27	4
284	24	32
220	17	12
592	21	28
126	6	20
951	33	16
880	35	8
256	24	24
272	35	20
230	19	4
131	13	20
542	30	32
425	17	24
201	32	12
275	12	4
883	33	32
362	25	24
213	29	20
700	28	24
694	25	28
183	29	28
226	35	20
239	17	28
674	33	8
420	25	28
807	28	20
336	26	20
771	27	32
118	23	28
50	24	32
782	27	4
204	35	24
237	23	8
896	31	20
226	20	32
65	29	32
479	21	28
184	13	4
993	35	28
240	29	4
37	27	20
313	29	4
387	16	24
665	28	24
824	35	24
1017	33	12
152	28	32
355	20	28
486	25	4
298	23	20
292	16	8
211	12	28
563	33	24
173	24	8
86	19	16
468	28	8
517	28	28
440	30	16
153	10	12
350	22	28
454	35	4
721	31	16
720	28	8
216	18	20
400	14	32
64	8	8
491	31	28
142	23	24
672	32	28
222	8	16
317	11	20
768	34	12
734	35	12
544	19	16
182	32	4
670	34	8
152	35	28
253	30	28
230	30	32
88	12	16
614	27	24
252	29	20
625	34	24
383	25	20
535	26	16
90	22	12
90	15	28
103	13	4
78	13	12
777	33	8
869	29	24
175	23	32
313	30	20
14	12	32
247	12	4
182	11	12
165	11	12
426	29	4
420	26	8
397	30	28
802	34	24
453	18	28
66	27	32
306	10	20
140	19	16
890	33	28
451	20	12
115	29	4
279	14	20
205	30	32
539	24	12
210	32	28
870	35	28
32	3	16
843	28	8
311	30	32
644	22	8
112	8	24
271	26	16
52	12	20
332	33	12
792	28	16
207	33	4
632	34	20
69	27	8
175	12	32
495	16	16
192	8	4
39	31	8
227	28	12
187	21	16
163	30	20
437	34	12
738	34	16
840	32	32
160	7	12
218	33	24
529	21	24
636	21	20
439	26	12
125	25	4
501	31	8
192	14	8
444	24	8
25	2	28
599	31	16
448	25	4
37	31	12
91	29	4
48	26	20
518	27	12
156	20	12
723	30	12
463	32	24
865	28	28
264	9	32
497	23	4
1007	33	8
148	31	24
238	20	12
330	17	24
42	7	20
543	22	4
110	11	32
777	26	12
61	20	20
55	19	24
605	26	8
72	5	12
161	9	28
317	15	12
435	28	16
717	28	24
384	30	4
232	33	24
41	24	28
124	5	20
247	29	24
221	31	32
374	29	12
90	32	20
317	28	4
24	15	28
464	16	8
429	30	20
208	14	12
196	8	28
297	16	28
428	29	12
539	19	16
653	23	16
909	32	16
255	24	16
538	28	24
908	35	24
262	15	32
122	9	16
53	22	24
121	12	24
106	10	32
76	14	16
268	31	32
244	27	4
715	34	4
422	16	28
273	27	28
32	9	8
225	11	4
169	32	20
277	26	8
220	16	16
176	32	16
47	31	8
218	26	32
625	32	8
189	29	24
281	32	12
854	35	4
888	35	8
489	23	32
137	24	12
262	22	32
21	10	28
114	11	32
83	15	24
840	29	32
527	34	28
26	12	24
969	32	4
306	24	32
788	31	8
101	19	28
271	30	20
560	22	8
537	34	28
24	10	8
82	28	28
595	31	16
418	30	8
81	25	20
696	30	28
85	31	28
939	31	16
288	35	24
161	21	20
239	26	16
334	11	20
658	28	32
131	5	28
392	19	4
56	26	4
662	30	16
39	10	12
305	24	16
16	2	16
386	17	16
189	10	24
42	2	24
36	3	20
30	8	32
513	20	32
1021	34	32
569	32	24
217	32	20
54	27	8
216	35	12
207	7	4
465	35	4
645	28	12
616	21	16
383	35	12
317	19	24
275	10	16
64	6	32
578	28	20
723	26	8
128	18	16
259	9	32
206	25	20
304	17	20
136	32	28
269	29	32
325	17	24
154	18	24
770	33	12
268	30	24
784	26	20
100	35	12
788	34	16
238	13	28
260	17	4
36	34	16
117	28	16
206	10	8
579	21	24
85	22	16
343	17	12
516	23	12
233	21	4
197	35	32
496	22	20
657	32	4
455	23	28
116	12	4
234	9	4
366	34	4
920	35	20
379	25	20
494	33	16
346	22	32
448	17	32
191	14	28
169	13	32
253	19	16
513	23	28
404	17	8
117	9	16
346	25	4
311	21	8
384	13	32
634	33	20
120	11	4
263	31	32
359	34	28
114	28	20
534	21	4
456	29	4
329	19	32
40	3	32
25	3	8
488	20	16
52	18	12
600	29	4
681	23	28
53	20	8
190	28	28
70	26	4
563	23	24
792	34	8
568	19	28
682	23	28
104	32	12
238	23	32
835	29	32
89	4	24
148	11	16
113	19	24
266	19	32
941	34	28
505	25	28
279	32	20
101	35	16
48	31	4
219	23	8
451	18	24
986	33	16
385	34	12
107	33	32
331	21	24
160	18	24
305	13	28
675	27	20
158	24	16
374	28	32
192	25	28
186	18	16
42	33	12
188	33	8
25	15	16
448	20	8
31	3	20
239	13	8
93	24	16
402	15	32
609	28	20
187	8	12
579	28	4
495	22	4
635	24	20
329	34	12
34	29	32
895	32	8
630	34	20
123	7	12
287	32	12
600	32	8
465	22	8
37	14	4
211	21	28
612	34	8
128	34	16
262	27	16
542	33	12
153	19	12
623	24	24
248	8	28
734	32	24
409	24	16
141	21	8
125	11	32
520	31	8
452	20	20
446	17	32
690	31	16
6	2	32
173	30	12
228	17	4
118	14	16
258	20	24
348	25	12
320	19	28
418	16	32
839	33	28
122	7	12
248	14	32
150	12	32
165	33	32
676	34	4
689	28	28
556	33	20
539	27	24
623	21	24
538	20	16
55	4	16
33	7	4
27	6	8
254	23	16
879	30	4
152	28	4
112	9	20
995	35	20
344	27	16
309	19	28
502	25	16
479	19	28
308	16	20
379	34	20
105	30	4
405	32	4
950	35	8
44	28	8
137	5	16
532	31	16
83	24	12
194	32	20
26	19	4
42	22	24
25	22	28
420	15	12
49	13	28
326	31	4
732	28	32
99	12	32
648	22	4
215	9	8
403	26	4
756	33	20
556	21	4
624	31	28
421	31	24
124	27	32
277	23	24
617	20	32
49	24	8
301	14	8
214	23	8
126	22	4
196	25	32
751	31	8
46	26	12
304	22	4
177	26	32
705	27	24
67	17	12
258	23	32
131	29	4
238	21	16
812	29	20
209	35	28
324	31	8
18	12	8
127	25	28
205	11	16
294	27	8
711	35	4
525	26	24
519	21	20
40	35	24
725	33	4
498	33	24
539	24	32
113	21	32
693	27	28
356	15	4
471	35	24
523	28	8
462	26	20
440	27	32
585	21	20
80	24	32
74	21	20
357	35	4
480	32	8
72	19	4
347	23	32
629	35	8
189	32	16
174	30	24
294	29	28
139	25	32
675	29	20
660	22	20
37	2	8
598	21	20
241	21	20
92	21	8
523	18	20
205	24	16
566	31	20
664	35	12
437	22	12
141	25	4
208	28	4
841	35	20
826	27	28
149	18	8
143	29	4
508	21	32
342	30	28
524	21	24
142	26	28
496	30	28
222	15	20
152	18	28
277	20	32
227	11	16
117	30	4
89	28	20
627	29	20
538	19	20
586	21	32
291	18	24
173	28	28
168	6	32
302	15	32
86	5	20
61	33	28
739	27	4
480	34	12
60	34	4
555	32	24
51	25	32
27	2	12
279	20	12
135	30	8
800	30	4
53	2	12
482	34	16
404	34	8
953	33	20
345	20	4
164	11	16
286	33	20
614	25	4
395	29	8
441	25	32
584	33	32
187	9	24
1032	35	12
400	25	12
608	26	32
582	35	4
681	31	24
468	29	16
646	31	28
702	27	28
101	14	20
115	13	20
252	11	16
482	22	12
737	34	8
276	27	16
245	13	12
792	31	20
364	23	12
586	25	8
395	19	20
81	18	28
262	26	20
47	34	4
927	31	16
119	27	32
810	33	4
611	24	8
277	11	28
187	22	20
419	21	12
201	33	12
926	32	28
736	30	12
558	21	8
305	17	24
217	34	24
161	25	24
132	28	16
670	23	24
648	24	20
635	26	20
123	9	16
630	21	28
74	4	4
897	29	28
745	34	16
442	17	28
242	26	12
435	27	32
241	31	4
256	33	4
327	31	12
314	18	28
1007	34	12
268	21	16
532	20	32
209	33	4
455	22	8
355	33	8
192	7	16
208	34	12
466	27	8
600	26	8
272	30	20
350	21	16
58	3	32
968	35	32
187	34	4
82	24	32
146	12	16
831	29	20
208	11	20
923	31	8
966	33	4
411	26	8
91	28	28
273	11	20
564	33	28
628	22	20
799	26	16
628	34	16
927	33	16
134	29	8
565	34	12
265	28	28
214	33	32
645	34	24
374	13	28
629	31	8
623	30	12
311	11	8
572	24	8
687	34	20
84	26	20
661	31	24
128	9	28
581	21	32
633	22	12
430	20	8
53	19	20
344	33	8
29	8	16
57	18	16
165	21	4
308	27	24
335	28	8
660	28	16
144	6	8
583	21	4
959	31	24
334	27	16
771	25	24
165	12	12
1002	35	12
277	18	16
635	30	4
164	15	20
135	12	12
629	29	16
157	17	32
706	27	24
224	20	24
671	27	28
82	6	12
647	28	32
364	24	16
69	9	28
164	28	8
301	28	4
702	23	16
537	19	4
169	22	20
107	11	4
73	8	32
790	30	8
588	23	28
383	20	4
58	2	24
251	10	12
387	33	28
51	6	12
597	29	32
80	29	8
245	24	8
188	23	8
123	6	32
215	24	8
663	26	28
537	21	8
684	35	28
17	6	12
101	12	4
648	32	12
44	11	12
99	22	24
89	6	28
343	30	32
41	4	20
125	26	4
631	34	20
421	32	24
617	27	28
505	23	4
72	30	8
638	23	24
442	21	24
984	32	12
424	19	32
837	27	20
212	31	12
865	29	28
118	15	4
232	16	16
319	25	24
148	30	24
835	29	4
41	14	8
866	33	12
119	19	4
151	10	28
252	12	32
605	27	8
117	25	20
953	31	12
206	9	4
203	11	20
158	15	32
105	24	32
541	28	20
42	28	20
36	25	24
435	29	16
121	24	24
108	32	28
523	26	28
745	31	8
733	29	32
359	28	24
404	22	24
233	26	8
55	7	12
66	10	12
885	30	12
799	30	20
311	24	24
327	29	28
661	23	16
655	22	4
284	35	28
689	33	16
514	17	16
191	11	24
178	35	8
121	23	32
139	14	20
540	21	8
246	31	12
622	21	24
409	22	8
334	33	4
424	16	20
115	16	28
712	24	4
445	32	32
620	23	4
614	20	8
93	18	32
819	31	28
132	25	28
235	12	32
510	34	4
527	29	8
118	29	32
277	22	20
510	22	24
864	32	16
447	22	12
537	28	20
169	7	28
134	23	24
196	26	20
522	22	32
161	28	32
274	27	12
660	24	32
337	29	12
755	25	32
439	18	24
347	28	32
100	27	4
186	23	32
256	18	12
477	28	8
84	34	8
579	32	20
482	30	20
46	4	12
82	31	28
48	18	8
303	20	8
66	24	8
471	34	12
327	15	8
456	19	24
307	15	28
799	32	28
1013	35	28
245	28	12
138	26	20
314	34	16
641	29	20
731	24	8
74	11	8
662	25	16
39	11	12
851	32	16
11	5	28
499	32	12
449	20	4
186	32	16
660	23	32
464	18	32
298	19	4
194	15	28
586	27	20
567	27	32
522	26	8
749	29	16
272	32	8
630	33	24
418	32	4
267	13	28
140	27	32
649	33	12
479	34	20
275	11	16
104	17	16
50	8	32
16	7	4
355	30	24
349	29	28
365	34	24
914	33	4
85	20	28
840	28	32
210	21	28
487	34	16
352	30	12
492	24	16
157	6	24
35	24	4
260	34	20
576	34	24
159	31	32
428	19	4
301	29	32
496	21	20
879	29	28
265	32	16
180	23	12
796	34	24
397	25	20
179	18	4
459	31	8
621	30	4
287	17	24
402	28	8
184	16	24
207	35	8
208	9	8
820	35	12
39	29	28
475	34	8
610	34	20
601	21	24
165	26	8
404	16	8
971	34	8
227	31	4
81	6	28
108	11	28
452	34	8
311	26	8
289	17	12
120	10	4
282	27	24
803	27	32
401	19	20
441	34	24
69	7	32
422	31	16
113	26	12
533	25	12
426	20	12
170	6	24
643	34	28
645	27	4
317	21	32
378	34	16
482	17	4
49	2	16
102	35	28
200	23	20
648	25	8
22	2	16
322	33	32
418	16	24
59	33	20
291	33	28
439	22	28
341	14	24
102	23	24
312	26	8
25	6	12
214	25	32
46	35	12
800	33	28
156	16	28
367	34	24
750	31	20
568	24	8
705	24	4
73	19	4
39	35	20
269	15	16
561	32	20
376	33	24
12	4	24
302	17	12
329	24	8
42	32	12
300	29	16
210	10	16
246	14	28
345	20	32
46	10	28
706	33	28
655	35	4
98	29	20
636	28	4
293	10	12
550	24	20
806	35	20
467	25	20
293	31	12
67	24	12
94	17	12
546	34	24
11	7	4
1001	35	8
810	28	28
94	14	4
766	34	28
344	29	16
325	22	28
167	11	20
85	24	32
492	28	4
73	31	20
437	19	8
542	25	4
1009	35	4
684	31	4
406	14	4
660	31	12
771	33	20
205	35	12
686	23	12
33	25	12
914	31	12
160	35	28
386	29	32
259	23	12
349	14	32
75	33	8
570	29	16
535	25	28
1041	34	8
740	25	24
189	16	20
680	32	8
178	29	28
259	14	4
233	20	20
451	15	24
83	19	16
679	35	4
367	18	12
288	30	24
738	24	12
927	34	32
644	29	12
149	35	28
595	26	12
465	20	20
215	27	28
669	26	20
588	34	24
565	22	12
102	6	8
220	31	24
58	10	28
139	27	20
106	15	20
224	24	12
476	18	12
194	8	12
648	21	4
395	20	16
636	21	32
399	26	32
583	31	20
95	25	8
449	26	24
582	24	12
961	35	28
374	21	12
616	25	8
282	10	28
725	24	16
133	27	16
730	26	20
701	29	12
707	29	28
551	32	16
234	18	32
199	32	20
568	20	12
316	26	8
248	16	8
73	6	24
446	33	8
532	34	8
43	18	24
718	33	12
236	22	12
530	31	28
779	34	24
299	15	12
293	14	8
528	25	12
584	21	12
232	30	32
692	31	20
891	30	28
456	31	24
298	34	32
691	26	28
313	33	28
73	8	4
201	19	28
120	9	32
361	23	28
640	32	28
31	2	4
598	20	20
42	7	12
30	5	28
392	34	8
461	34	16
292	11	4
269	13	32
549	19	28
571	24	16
209	24	12
390	32	28
18	3	32
877	33	4
162	26	20
128	31	12
378	28	8
348	28	24
422	16	32
139	7	28
594	33	4
276	20	4
89	29	20
390	26	8
741	30	20
564	30	24
712	31	12
388	20	24
315	22	8
952	34	20
109	16	28
846	29	20
79	32	28
601	33	28
583	22	8
180	21	32
469	35	20
802	32	28
953	31	32
82	28	8
163	15	24
264	21	24
163	35	20
133	25	32
682	29	16
744	28	20
732	30	28
582	34	12
675	31	4
638	27	4
885	30	32
43	17	4
368	28	8
471	16	12
259	10	20
105	6	16
359	33	8
121	34	24
413	34	24
556	24	8
473	25	32
107	27	20
191	34	12
204	21	32
616	21	4
454	31	8
214	18	4
588	20	16
50	25	28
106	13	4
270	32	20
218	19	24
212	28	20
332	31	24
786	28	16
863	29	12
245	8	24
217	22	16
670	22	24
1022	33	32
358	24	24
582	29	16
420	33	12
417	23	20
142	31	12
219	11	20
397	31	28
243	34	20
638	26	28
305	32	8
444	35	4
596	23	20
299	11	8
666	27	16
65	35	4
422	33	32
239	29	8
426	33	32
743	35	20
114	17	32
641	27	28
134	33	12
824	33	24
20	8	32
796	35	12
471	27	32
162	10	32
211	30	32
1034	35	28
361	19	32
231	18	24
452	30	32
59	17	24
87	26	24
655	33	16
846	34	32
619	27	32
422	26	16
462	27	12
750	35	12
628	21	20
117	9	4
94	19	32
358	30	28
66	9	8
461	18	16
799	27	16
416	32	12
289	16	24
954	35	20
804	31	20
179	27	12
478	35	28
287	30	16
380	35	28
137	18	32
541	19	12
518	21	32
27	9	12
366	17	20
175	15	20
29	22	12
85	26	12
533	24	32
195	35	28
254	29	28
685	30	32
203	17	16
152	33	28
267	13	32
592	35	16
208	29	28
934	33	28
435	19	12
591	21	4
150	28	32
23	4	4
127	14	32
684	23	20
165	22	4
580	29	4
400	23	4
116	5	20
88	7	4
340	17	4
432	30	16
370	13	8
77	30	8
447	19	8
232	8	12
303	11	8
758	27	20
100	6	8
701	24	28
219	23	28
890	35	28
282	35	16
671	24	28
128	23	32
91	4	32
562	34	24
222	25	16
670	31	4
295	24	28
739	30	28
112	34	28
357	17	4
42	33	16
449	23	28
899	35	4
106	7	28
537	32	24
82	5	20
189	14	8
447	25	20
382	18	4
67	32	16
870	33	20
126	28	8
943	35	28
451	24	16
280	23	16
361	15	16
74	17	4
199	21	32
727	26	8
387	25	4
411	32	12
336	23	28
831	33	32
351	26	4
782	35	24
17	7	20
245	31	32
207	18	20
397	24	28
190	10	32
613	33	4
780	29	8
469	24	12
534	20	32
762	34	8
475	35	8
611	27	24
548	29	12
678	32	4
156	26	12
246	27	32
771	32	24
699	25	16
497	17	4
858	30	32
516	29	4
693	25	4
119	16	4
351	23	28
11	11	8
575	32	4
58	6	28
605	28	8
287	20	8
610	30	20
655	33	12
30	29	4
375	14	4
86	25	20
767	29	12
330	33	8
522	20	20
584	19	24
384	32	24
428	14	24
403	16	16
363	31	32
879	30	16
640	26	12
311	25	24
871	34	20
367	29	16
458	31	12
380	27	4
469	31	32
535	22	20
145	8	24
296	17	20
166	10	4
567	31	8
365	19	12
191	35	32
738	26	16
90	16	4
703	24	4
647	21	24
116	20	28
134	28	4
59	5	4
477	16	24
86	12	28
223	20	16
168	26	8
797	31	16
283	20	4
614	23	8
414	32	24
557	22	8
36	12	32
979	32	28
257	24	24
83	7	4
456	31	8
98	35	12
107	30	4
201	18	20
202	32	4
537	29	20
739	34	28
89	22	8
47	29	24
663	32	28
139	16	28
765	34	28
227	21	24
526	19	16
15	11	8
742	35	32
110	4	24
471	24	4
124	28	24
505	31	24
270	27	28
946	35	32
382	32	8
457	17	32
630	26	32
557	25	8
159	25	20
726	25	4
121	32	16
181	30	24
1011	34	12
192	27	24
816	28	8
265	30	32
382	16	12
524	23	24
42	4	24
30	10	32
931	33	28
63	26	4
611	35	16
537	26	8
464	21	8
637	35	8
880	33	32
398	14	4
51	15	4
466	17	4
119	28	24
151	24	12
129	19	24
683	25	20
179	30	28
710	32	12
222	22	32
242	10	12
497	29	8
325	19	24
779	26	16
151	35	4
229	13	28
318	21	12
153	17	16
224	33	16
548	35	16
37	35	24
942	31	16
1043	34	24
123	31	4
499	25	8
231	26	16
66	35	12
261	11	12
401	32	20
518	27	28
577	34	16
462	19	4
278	10	24
492	19	16
62	16	20
813	27	32
354	26	12
395	14	32
1007	33	24
797	34	16
511	25	4
849	35	16
347	34	20
465	25	20
200	21	28
430	34	4
900	30	32
247	16	28
859	29	28
597	31	4
139	11	16
64	16	24
178	24	24
378	33	4
601	22	24
96	7	20
227	28	4
532	19	32
122	15	20
87	15	32
148	17	4
283	21	16
776	31	16
563	35	8
320	24	24
899	33	24
854	35	28
132	15	24
200	9	8
289	13	16
488	18	16
622	26	8
783	35	8
536	26	24
25	20	16
125	15	20
224	27	16
146	25	12
71	8	4
337	25	20
806	26	8
345	32	4
595	34	12
442	17	32
270	23	16
836	35	4
55	21	4
706	28	12
756	29	8
280	12	12
699	28	24
48	6	12
39	32	20
863	31	4
532	20	20
243	23	16
357	19	16
351	18	12
135	18	8
85	32	32
916	33	4
301	13	12
25	9	16
588	20	32
74	5	28
127	25	20
456	32	20
655	32	4
297	19	8
98	28	20
529	31	16
68	28	12
481	33	28
692	26	16
417	34	8
130	26	4
356	30	20
667	24	4
299	31	28
355	27	28
93	20	12
230	12	24
631	21	12
173	13	24
451	17	32
708	34	16
542	35	12
584	30	20
216	35	28
810	32	32
198	22	8
117	18	28
94	26	24
209	29	8
203	16	12
116	17	20
65	5	8
441	19	28
574	19	24
462	15	24
316	16	16
295	10	12
492	23	20
184	30	8
239	23	32
208	7	8
773	31	28
102	21	32
427	19	8
203	34	28
248	12	32
566	23	12
459	24	12
127	10	8
208	20	28
626	32	24
139	23	12
41	20	32
389	22	32
147	5	8
144	19	8
539	25	8
115	26	20
857	31	8
247	11	4
822	31	12
59	13	12
124	18	32
482	26	20
170	8	8
995	33	12
785	34	28
120	24	24
688	31	32
58	27	4
478	22	12
290	12	28
520	34	8
210	33	16
527	25	28
515	24	32
622	22	12
884	34	32
845	28	16
80	6	20
357	26	12
169	24	4
101	12	16
133	19	8
46	18	8
138	23	12
390	21	20
57	9	24
418	23	28
74	24	12
456	29	20
369	34	12
426	21	28
119	33	8
638	23	12
282	13	28
125	33	32
54	25	32
975	34	12
310	26	28
383	24	24
649	25	16
893	31	8
848	30	16
721	34	20
356	33	20
763	34	24
324	29	8
136	23	8
416	23	24
244	34	24
449	29	12
437	27	28
224	10	20
638	25	16
718	32	12
32	20	32
609	26	16
574	24	12
299	12	12
125	7	8
287	14	28
711	32	28
349	19	16
182	29	12
61	3	28
154	27	20
244	28	8
238	25	12
368	14	32
261	25	8
192	25	12
753	32	16
196	22	32
266	29	12
207	20	4
665	33	16
75	25	4
374	32	28
184	20	16
604	22	8
598	23	20
360	19	20
87	23	20
655	34	20
30	4	28
597	26	28
98	26	4
546	24	16
1059	35	16
722	27	28
68	30	20
34	29	16
601	25	32
255	25	12
240	17	12
634	23	28
759	31	32
554	22	32
353	20	8
590	25	8
380	24	28
208	26	4
261	24	8
867	33	32
487	23	20
337	27	28
96	9	8
491	30	16
154	22	20
524	20	24
484	30	12
35	8	4
32	8	12
645	32	28
168	32	28
204	23	20
27	21	24
289	28	8
670	35	20
278	32	32
247	24	20
329	11	32
196	26	8
252	30	16
58	21	20
459	15	8
85	10	28
51	23	32
303	33	32
258	20	8
342	18	8
250	30	4
170	23	4
433	18	20
362	22	16
334	25	28
575	32	32
594	26	8
671	34	8
599	27	32
741	25	32
163	12	24
283	33	28
564	27	12
308	10	8
139	9	28
550	26	16
799	32	32
749	35	16
702	33	16
194	26	20
187	30	32
195	24	16
232	24	28
214	27	16
306	28	4
231	32	32
193	35	8
487	26	32
373	18	32
339	31	4
46	14	12
276	25	16
435	33	28
828	28	12
142	13	32
280	26	28
556	31	8
334	12	20
150	26	24
713	32	12
288	12	28
151	27	16
493	21	8
738	35	20
305	19	8
843	28	16
831	30	8
138	21	28
509	25	32
82	19	32
674	34	8
18	18	28
125	24	24
119	23	28
58	35	24
170	33	8
171	12	16
460	28	16
743	30	24
443	28	4
616	26	24
276	20	16
130	17	8
739	34	32
104	23	8
729	30	4
125	11	12
323	35	8
728	29	12
149	27	28
207	31	4
764	33	32
512	33	32
262	16	4
829	30	20
66	14	4
318	28	4
248	17	8
254	31	12
210	15	4
161	8	24
429	35	4
602	27	20
36	27	28
603	31	28
148	13	8
1053	35	28
757	26	32
29	29	16
124	6	16
267	32	8
453	33	4
928	34	4
180	29	4
152	31	20
167	34	28
197	10	16
87	17	4
422	31	4
832	32	16
545	19	24
346	13	12
203	30	16
146	29	16
34	32	8
435	16	12
397	14	8
58	9	8
860	31	8
503	17	28
797	28	12
687	23	32
111	6	16
484	24	28
45	27	16
692	35	32
454	24	28
282	22	12
436	19	32
452	22	12
134	21	28
75	25	8
333	20	4
299	13	32
201	30	20
79	23	8
76	5	8
500	17	32
159	28	4
84	11	20
364	30	16
27	2	28
975	32	12
158	27	12
232	20	24
363	27	8
357	18	4
313	35	8
466	24	32
107	9	28
225	12	12
50	18	4
58	4	24
450	33	16
440	15	28
653	32	24
125	24	16
923	34	12
895	33	20
58	35	16
271	12	4
50	32	12
949	34	12
737	27	16
357	28	24
528	23	12
851	34	12
844	29	28
73	12	20
493	25	4
383	16	16
470	20	4
132	22	20
75	21	16
607	25	28
635	31	20
95	28	28
494	26	28
510	17	32
758	25	32
323	11	16
417	15	12
304	18	16
777	33	32
274	30	32
835	27	4
248	13	20
575	33	28
210	19	24
299	35	32
346	34	20
237	24	24
314	23	32
531	34	20
428	34	28
30	28	4
139	22	32
324	32	32
733	31	32
124	10	28
55	5	4
743	34	4
386	14	32
284	21	24
834	30	24
640	25	12
289	29	20
1016	33	20
486	24	20
140	9	28
336	15	20
252	31	16
64	19	20
624	24	12
91	28	12
107	25	16
161	21	32
77	7	16
198	28	16
686	35	8
60	7	28
191	28	12
202	21	12
459	23	16
343	22	32
396	17	28
486	18	32
814	29	32
309	30	20
115	34	24
109	25	20
196	11	8
220	12	8
478	25	4
313	21	16
147	16	12
801	32	16
539	20	4
483	25	8
358	14	20
652	23	20
301	15	12
136	11	32
35	33	16
152	21	12
368	22	4
213	15	8
246	25	24
283	26	20
77	10	12
765	35	4
568	20	24
132	31	8
82	12	8
359	28	16
181	34	16
439	16	24
507	18	8
885	32	4
302	14	20
369	21	12
78	32	32
493	35	20
560	19	8
52	5	16
413	31	12
220	19	4
576	31	32
165	35	4
156	18	24
257	14	24
307	13	4
118	6	32
85	23	24
268	16	8
330	27	4
662	27	16
508	24	16
605	20	28
237	15	4
374	33	8
38	28	16
276	31	4
581	25	24
407	20	20
463	24	20
98	27	16
551	25	24
630	31	20
585	24	4
388	29	20
886	29	16
454	33	28
96	29	32
595	27	32
437	23	8
409	21	32
262	15	24
72	24	4
181	25	12
1036	35	8
192	16	12
180	26	20
275	9	16
506	33	8
804	27	4
655	31	24
672	25	4
512	31	28
406	21	8
197	33	28
153	18	16
411	21	12
573	24	24
548	34	16
186	14	20
572	27	16
185	11	12
956	35	16
548	30	28
110	8	24
125	33	28
93	4	28
208	17	12
435	23	28
35	22	12
434	20	24
262	18	24
262	19	20
461	27	24
742	33	8
26	12	32
168	11	28
230	34	24
69	17	24
598	29	12
62	33	4
342	12	8
178	27	24
434	34	8
750	28	32
706	34	12
609	33	28
108	9	28
397	22	16
326	26	20
111	34	4
953	33	24
113	11	24
337	33	12
264	27	16
401	29	20
202	14	8
286	15	20
139	14	4
854	34	20
502	34	8
364	17	28
288	13	8
298	18	4
559	19	4
118	35	32
350	27	16
101	9	20
340	33	4
145	26	28
532	18	28
910	35	16
1022	33	12
303	27	8
75	8	24
756	34	8
15	12	12
158	28	8
507	30	4
958	32	24
415	25	24
109	10	28
470	26	8
587	24	12
309	15	24
275	16	20
299	11	20
367	32	24
862	34	28
551	34	20
161	28	16
705	26	4
755	25	16
159	18	24
126	12	8
694	33	16
357	20	16
205	10	20
438	21	16
207	11	12
374	29	16
505	30	8
581	29	28
385	19	20
530	29	24
208	10	32
457	27	28
487	27	16
303	27	28
330	25	20
874	31	32
334	34	32
410	32	8
351	25	16
311	21	32
499	32	28
667	25	28
775	28	24
287	30	12
523	33	28
239	14	20
541	19	24
155	5	16
35	7	28
296	21	4
461	32	20
584	29	20
432	24	16
345	15	32
188	16	16
93	8	16
78	4	32
98	10	20
981	34	28
372	27	24
654	30	16
937	32	16
1046	34	32
30	13	4
528	23	32
37	34	8
218	23	16
698	32	28
184	10	28
49	8	28
151	17	32
139	20	12
223	30	4
201	29	8
172	24	16
107	33	24
918	32	20
34	7	28
433	35	28
257	22	20
789	26	24
450	18	32
427	22	28
113	21	4
256	21	28
283	30	28
294	23	12
288	28	24
593	28	4
259	27	16
344	24	16
620	29	12
395	28	12
479	22	20
279	10	20
400	26	8
201	7	4
313	13	8
166	23	16
138	5	24
725	30	4
283	13	8
344	21	8
18	2	24
108	11	12
832	34	28
193	32	4
168	26	12
83	11	24
476	16	20
621	24	32
435	34	32
530	18	12
84	7	24
209	19	32
164	7	12
674	24	4
45	3	4
246	27	12
1073	35	24
304	19	12
331	28	20
182	26	8
13	13	4
137	17	16
158	17	20
80	8	20
351	23	8
221	15	32
14	9	4
617	30	20
156	15	4
72	3	16
89	28	32
491	35	8
518	31	12
468	22	24
299	13	4
837	30	4
68	23	8
217	30	8
211	33	20
869	31	32
419	20	16
386	15	12
330	29	16
181	17	4
6	1	12
267	19	4
903	31	4
294	30	20
73	10	4
188	32	24
615	26	32
674	35	8
479	22	32
609	29	4
213	33	8
916	30	16
806	35	4
371	31	20
982	34	4
902	33	28
364	16	32
542	23	8
175	26	4
296	10	8
697	31	4
691	30	8
487	20	20
55	27	12
142	9	20
310	16	24
91	10	4
364	13	32
184	25	12
178	34	16
497	24	28
173	12	8
216	16	16
832	35	28
68	27	32
601	28	20
310	13	4
89	24	32
651	21	8
684	31	20
30	26	28
272	11	32
54	35	20
697	32	20
85	11	4
591	35	28
233	18	16
468	32	28
484	27	24
280	32	16
795	35	20
288	24	4
117	9	32
864	29	32
169	10	20
510	20	20
264	19	24
395	24	8
766	33	4
384	27	32
224	21	28
68	18	32
733	31	28
727	30	24
222	31	20
533	19	28
670	29	8
149	25	32
451	15	8
409	14	32
731	25	12
43	30	20
199	23	32
471	22	20
121	5	32
115	8	20
77	22	16
189	12	4
390	16	16
57	6	20
620	31	28
457	27	24
280	25	28
133	15	12
977	34	24
618	21	12
39	31	4
950	34	8
277	14	28
358	20	20
187	21	28
285	16	32
531	27	8
789	34	12
225	27	20
747	25	20
673	25	24
524	33	28
872	30	8
106	15	4
649	22	28
867	33	12
138	20	28
242	10	24
194	8	28
648	21	20
271	29	32
137	17	20
978	33	4
136	18	12
80	20	16
473	29	20
205	18	12
500	28	4
443	29	28
93	14	20
446	26	4
127	22	28
553	27	4
424	20	28
724	27	8
272	14	24
835	28	16
330	35	24
492	19	4
251	25	32
382	28	16
211	29	16
503	27	28
262	19	4
353	31	16
273	24	20
374	27	20
329	20	20
575	34	24
210	14	28
185	12	4
117	24	24
386	24	8
88	32	20
155	12	20
9	7	20
220	19	32
553	29	24
103	29	28
104	28	20
406	25	4
41	24	24
654	32	8
265	12	16
62	26	20
262	21	16
804	33	24
180	30	4
495	34	16
466	22	28
454	20	4
993	35	24
947	32	28
156	7	32
492	30	28
458	29	8
240	33	8
60	14	32
366	16	4
296	19	16
583	34	16
765	31	4
380	13	8
992	32	16
54	27	28
764	28	12
267	11	32
570	23	24
435	17	20
223	22	12
258	27	4
659	22	8
490	30	24
449	31	16
171	12	8
137	13	28
27	20	8
164	12	28
718	34	24
197	24	16
246	17	20
327	16	8
767	31	12
862	35	16
671	30	4
649	29	8
57	23	28
51	22	16
904	31	32
507	23	12
169	17	12
409	34	32
251	17	24
264	33	12
292	22	8
309	13	28
447	31	20
901	30	28
344	22	12
605	35	8
540	31	32
255	18	4
761	31	20
732	30	12
706	34	32
238	29	28
21	20	12
301	25	16
817	29	20
351	24	4
594	22	28
499	35	8
128	28	32
470	23	4
640	35	12
523	20	4
899	30	24
534	22	32
631	33	28
14	1	12
416	30	16
79	24	32
338	16	20
131	11	4
682	33	28
616	21	20
186	24	12
88	23	32
667	30	4
661	29	16
359	16	32
498	22	20
809	28	4
269	29	28
309	21	12
496	16	4
155	33	24
884	30	28
180	10	4
34	19	28
572	22	28
397	31	12
574	33	20
94	28	16
206	10	12
31	24	28
261	9	8
87	28	28
179	35	16
603	24	24
973	33	8
409	17	24
286	10	24
64	32	12
266	34	20
259	35	4
433	22	4
151	7	32
845	30	28
185	18	12
284	32	4
259	26	12
576	21	12
121	29	12
541	35	16
66	32	32
608	28	8
332	15	32
290	12	8
567	29	24
286	27	4
420	20	16
28	25	20
176	16	12
91	33	32
352	20	4
59	3	4
11	5	32
1076	35	20
44	9	4
197	24	8
414	17	8
225	35	32
463	26	32
177	33	12
790	27	28
597	27	32
152	13	16
64	22	20
1043	35	32
342	34	8
652	22	20
170	7	4
301	16	12
226	27	4
225	30	28
81	35	8
572	32	16
698	23	32
314	29	4
308	26	8
164	21	12
400	23	20
562	20	24
421	27	16
225	9	8
95	4	16
272	32	24
449	29	16
71	25	12
918	31	32
70	30	4
303	11	24
389	21	16
218	24	20
161	17	28
291	25	20
726	27	4
704	28	24
542	18	24
112	34	12
249	22	24
523	23	12
68	9	20
169	23	28
300	30	12
207	33	28
106	7	12
374	32	8
46	11	16
183	9	12
37	4	20
967	32	12
116	32	20
195	12	24
43	14	24
636	29	24
58	26	32
149	33	32
652	27	32
271	15	20
353	20	28
419	33	8
83	23	32
697	30	16
620	22	8
87	5	28
382	32	28
379	16	28
655	28	24
876	33	32
355	29	24
34	14	16
171	34	28
491	30	4
275	32	24
523	22	20
178	15	24
411	18	12
205	20	24
40	6	28
679	26	4
627	27	32
504	19	12
261	13	12
690	31	12
671	31	32
128	20	12
492	17	16
124	13	24
491	20	24
249	35	8
134	32	20
484	35	20
432	17	8
206	8	20
884	34	28
512	30	4
541	29	4
342	15	8
154	5	24
608	24	20
172	27	20
371	34	12
682	28	12
40	25	20
433	32	16
84	23	20
30	20	24
173	26	12
185	28	28
345	24	20
621	27	16
111	35	4
442	24	32
149	11	32
140	10	12
479	19	16
439	31	32
338	12	28
361	29	24
315	35	12
748	30	32
176	18	20
686	32	24
102	7	12
214	14	20
134	28	20
450	20	8
298	27	4
878	35	4
48	27	32
201	23	20
23	8	24
614	23	24
855	32	32
400	19	16
83	7	20
205	35	32
624	31	16
45	25	8
339	16	8
301	14	4
127	17	8
739	34	12
611	28	24
563	25	12
551	35	20
43	6	16
40	22	32
42	9	24
250	23	4
7	5	28
694	32	16
357	21	16
251	35	4
210	15	16
122	6	16
41	32	28
588	26	32
554	25	4
893	29	8
436	26	32
413	30	4
498	33	28
524	25	20
144	5	8
412	29	28
99	27	24
585	21	8
261	32	4
199	14	16
155	22	16
199	12	32
356	32	24
330	24	20
249	20	8
146	35	16
375	33	16
67	14	12
465	18	8
516	33	12
1061	35	28
377	22	32
87	17	16
409	22	16
381	13	20
89	3	28
928	31	12
318	19	8
97	29	24
421	18	32
28	20	32
404	30	28
170	6	32
41	14	12
72	25	28
764	29	32
454	15	28
322	25	4
981	35	20
215	34	32
402	16	8
365	35	8
149	18	12
143	29	24
418	20	32
646	35	8
347	24	28
296	26	24
573	23	8
96	20	12
77	31	12
698	35	28
371	13	24
259	18	4
5	1	24
651	22	12
208	18	28
444	33	32
121	21	4
259	13	12
688	27	12
106	33	16
55	8	16
142	28	4
114	19	28
970	34	20
334	31	24
989	35	28
189	15	12
282	16	20
259	24	16
458	19	16
820	35	16
114	33	12
57	24	20
177	29	32
895	33	32
176	30	24
276	23	12
680	28	12
197	20	28
736	24	12
477	20	12
193	33	4
252	11	20
49	9	20
413	21	24
82	23	16
452	26	16
570	34	8
218	34	4
881	33	12
556	25	12
313	16	4
45	29	12
194	18	12
942	32	28
54	27	32
26	17	8
724	24	24
673	30	28
763	25	16
411	34	4
24	23	24
37	9	24
102	34	4
674	32	12
221	12	32
589	35	16
958	33	8
693	33	20
618	26	20
39	22	28
555	18	24
919	30	28
582	31	24
287	21	12
499	26	16
236	27	4
138	33	8
162	22	8
896	34	4
332	22	32
62	23	4
750	30	12
642	31	8
867	34	20
841	30	24
496	23	12
947	33	24
466	27	12
586	32	32
719	35	32
337	21	8
212	8	24
122	25	24
236	17	24
692	30	4
73	34	28
689	23	8
417	27	16
218	15	32
73	22	24
49	20	8
60	7	8
433	15	20
697	24	4
87	8	8
460	18	28
833	29	24
316	26	28
832	30	16
206	23	8
222	18	12
429	27	12
211	19	12
320	27	16
496	26	20
222	11	28
233	24	8
622	25	16
187	23	32
35	33	4
308	21	8
120	18	24
109	19	4
227	18	4
310	31	20
285	20	32
46	9	4
424	33	24
258	34	20
477	30	20
246	10	8
139	35	24
226	18	20
321	13	24
458	23	20
564	25	12
894	34	12
890	32	16
125	6	32
52	8	4
702	35	16
79	17	4
744	25	20
881	31	16
67	34	20
43	33	28
970	32	12
623	34	16
644	21	4
115	9	28
588	23	24
246	12	12
792	27	28
912	30	24
126	29	12
395	31	28
557	30	16
619	27	20
383	15	8
338	14	16
475	34	28
244	27	20
268	14	16
669	27	28
760	31	24
276	12	12
363	19	16
525	35	28
173	35	24
156	29	20
392	15	12
218	20	24
46	18	24
326	25	12
37	13	28
348	28	32
408	19	24
193	14	20
243	13	8
556	27	28
74	24	28
438	28	24
44	24	20
754	29	12
469	26	16
437	30	24
438	32	20
577	35	4
327	20	32
137	32	4
166	31	32
815	33	24
498	21	24
323	33	24
699	24	12
44	10	12
268	25	16
216	24	28
38	35	8
175	17	20
155	34	20
699	35	4
233	15	32
210	17	28
745	32	28
117	25	24
237	22	20
604	24	28
236	21	28
946	33	28
724	32	4
108	32	24
434	26	16
293	15	8
766	27	8
122	8	20
262	20	16
66	10	8
452	32	20
355	35	4
844	28	28
193	34	32
167	32	28
372	18	16
492	29	28
503	25	32
146	10	28
87	23	4
479	18	4
154	12	16
235	22	16
86	16	12
166	11	24
61	2	16
198	18	20
33	24	24
593	35	24
54	26	4
430	16	8
547	18	28
466	19	32
416	35	16
121	13	28
391	15	28
