6	3	2	775	30	2	300	671.10	668.10	671.10
6	5	3	563	32	3	400	682.66	680.26	682.66
6	6	1	129	12	3	200	694.29	692.32	694.29
7	3	4	320	13	3	150	798.38	796.37	798.38
7	4	4	323	23	2	400	831.01	829.07	831.01
8	2	2	83	22	1	50	464.59	462.75	464.59
8	2	4	767	28	2	250	467.48	465.05	467.48
8	5	3	350	31	4	300	522.93	520.89	522.93
9	1	2	465	34	2	300	328.12	326.07	328.12
9	8	4	878	33	3	400	490.99	488.53	490.99
10	6	2	387	17	2	200	431.95	429.99	431.95
11	9	1	60	5	3	50	584.65	583.09	584.65
12	4	3	149	15	1	400	356.69	354.64	356.69
12	6	1	159	18	2	400	363.92	361.96	363.92
12	10	2	615	31	4	100	381.22	378.07	381.22
12	11	1	83	6	2	50	392.96	391.39	392.96
13	2	1	408	21	1	200	445.10	442.37	445.10
13	7	2	478	20	3	150	478.44	476.43	478.44
13	7	4	296	26	4	100	487.49	485.61	487.49
13	8	3	582	23	3	350	489.56	488.86	489.56
14	1	2	371	27	3	250	225.39	223.32	225.39
14	2	4	430	30	1	350	295.31	295.14	295.31
14	6	3	340	35	2	300	316.94	314.98	316.94
15	6	3	147	29	1	300	293.43	291.45	293.43
15	12	1	794	32	1	100	316.20	311.75	316.20
16	6	4	81	32	1	350	286.35	286.27	286.35
16	8	2	341	26	3	250	288.73	286.69	288.73
16	8	3	209	8	1	350	283.25	283.14	283.25
16	9	1	381	28	3	250	285.11	283.12	285.11
16	14	4	763	27	2	300	309.42	307.36	309.42
17	2	2	316	17	3	200	275.12	272.97	275.12
17	6	3	485	24	3	200	223.01	220.70	223.01
17	8	1	109	31	4	150	221.56	219.71	221.56
17	14	3	172	27	3	100	232.98	231.12	232.98
18	13	2	173	18	2	150	271.71	269.77	271.71
19	12	3	552	32	3	50	261.39	258.65	261.39
19	13	2	203	10	3	250	267.33	267.33	265.32
19	17	3	14	4	4	350	275.51	275.51	275.51
20	12	3	692	33	4	300	246.29	243.88	246.29
20	15	4	614	35	4	250	254.77	252.42	254.77
20	19	2	157	16	1	200	262.55	260.65	262.55
20	20	3	755	27	2	400	401.02	258.95	401.02
20	20	4	337	12	2	150	262.94	261.11	262.94
21	3	4	357	23	4	150	207.24	205.24	207.24
21	11	1	636	24	1	400	229.05	226.68	229.05
21	17	3	434	31	4	300	244.92	243.26	244.92
21	21	3	18	17	1	150	254.13	252.27	254.13
22	5	2	475	19	3	400	208.60	206.65	208.60
22	11	2	751	33	1	250	400.23	397.68	400.23
22	17	1	42	14	2	250	236.80	235.04	236.80
22	20	4	410	24	2	100	238.65	236.35	238.65
23	12	3	282	18	4	150	226.83	224.82	226.83
23	19	3	148	33	2	50	243.71	241.86	243.71
23	20	4	105	31	2	150	241.95	240.13	241.95
24	9	2	313	19	1	400	274.28	203.14	274.28
24	15	4	484	18	2	150	219.26	216.13	219.26
24	21	4	29	13	3	400	229.37	227.66	229.37
25	15	4	44	25	3	250	209.39	207.53	209.39
25	24	4	320	18	2	300	220.57	218.32	220.57
26	11	4	570	28	2	50	199.43	197.17	199.43
26	15	4	212	25	4	400	inf		
26	17	1	658	22	1	400	207.79	207.47	207.79
26	25	3	196	27	1	50	223.30	221.39	223.30
27	3	1	68	12	3	400	163.42	161.65	163.42
27	3	4	161	34	1	100	163.75	161.90	163.75
27	6	4	371	33	1	300	171.90	169.91	171.90
27	21	3	520	35	1	150	198.04	195.71	198.04
27	25	4	33	13	2	250	211.38	209.59	211.38
28	8	1	537	24	4	250	173.44	171.17	173.44
28	9	3	861	35	3	400	176.08	173.33	176.08
28	11	1	187	14	3	100	178.78	176.93	178.78
28	13	1	577	28	3	200	183.75	181.35	183.75
28	18	1	423	30	1	200	187.51	185.49	187.51
28	22	4	330	28	4	150	195.04	193.04	195.04
28	23	1	561	29	1	250	199.72	197.22	199.72
28	24	1	348	26	4	350	196.26	195.92	196.26
28	28	3	657	32	1	100	210.44	208.03	210.44
29	8	4	85	22	2	250	134.25	132.42	134.25
29	11	3	192	23	3	50	139.90	137.84	139.90
29	16	1	947	32	3	250	154.33	148.90	154.33
29	21	4	353	28	4	350	151.03	149.87	151.03
29	22	4	882	31	1	400	152.90	150.07	152.90
29	24	3	73	12	1	50	158.33	156.62	158.33
29	26	3	921	31	3	200	162.43	159.95	162.43
29	27	1	281	35	4	350	170.29	169.70	170.29
30	3	3	608	33	2	50	154.70	152.33	154.70
30	8	4	631	34	1	50	166.00	164.00	166.00
30	16	4	90	22	2	250	175.94	173.90	175.94
30	22	3	324	15	3	250	183.46	179.56	183.46
30	22	3	224	14	2	250	183.48	181.51	183.48
30	24	1	388	25	4	50	189.81	187.41	189.81
30	27	2	907	34	3	250	200.78	198.24	200.78
31	5	1	676	32	3	350	124.34	123.19	124.34
31	9	3	274	14	2	200	129.23	127.36	129.23
31	19	4	292	29	4	50	143.44	141.54	143.44
31	21	1	348	30	2	100	146.71	144.82	146.71
31	22	1	413	22	3	100	148.00	145.35	148.00
31	24	2	472	19	3	350	152.04	149.56	152.04
31	30	2	656	33	1	150	165.23	162.33	165.23
32	4	4	62	35	1	250	145.38	143.54	145.38
32	8	3	653	27	3	300	156.57	153.52	156.57
32	26	1	653	30	2	300	248.50	245.31	248.50
32	27	2	223	24	4	200	192.05	188.13	192.05
32	29	1	143	9	1	200	195.58	193.90	195.58
32	30	4	178	26	2	250	190.88	188.89	190.88
33	9	1	161	28	4	250	149.28	147.34	149.28
33	15	4	714	29	4	200	167.68	165.07	167.68
33	19	1	247	18	3	350	161.21	160.39	161.21
33	22	2	838	34	1	400	168.95	165.74	168.95
33	22	4	71	24	2	50	169.18	167.36	169.18
33	23	3	273	24	1	200	172.13	169.77	172.13
33	28	2	779	29	4	300	180.67	178.45	180.67
33	29	3	217	16	2	250	190.01	187.80	190.01
33	29	3	475	20	3	350	187.00	186.59	187.00
34	6	2	395	24	2	200	113.87	111.84	113.87
34	14	1	493	28	1	400	123.06	119.59	123.06
34	19	1	20	16	4	100	125.68	124.12	125.68
34	23	1	273	25	4	50	132.22	130.19	132.22
34	29	3	357	15	4	350	144.06	143.31	144.06
34	31	2	559	21	3	200	156.87	154.54	156.87
34	32	2	392	32	2	300	149.85	147.84	149.85
34	33	1	192	28	4	200	160.55	158.55	160.55
35	17	1	270	11	4	250	241.53	155.56	241.53
35	18	2	216	33	1	100	153.40	151.30	153.40
35	20	4	647	33	2	200	155.66	153.24	155.66
35	22	3	525	32	3	100	158.10	155.53	158.10
35	32	2	878	30	3	250	292.11	183.46	292.11
36	4	3	176	18	3	300	133.35	131.28	133.35
36	5	1	522	33	3	200	136.47	133.68	136.47
36	10	3	38	10	3	350	143.50	142.76	143.50
36	19	1	254	35	4	100	154.70	152.71	154.70
36	20	3	229	31	3	300	151.60	149.63	151.60
36	28	3	247	16	2	300	168.53	166.59	168.53
36	28	4	391	34	1	200	166.44	164.50	166.44
37	5	2	189	28	4	150	116.05	114.24	116.05
37	8	4	901	34	2	150	124.65	119.57	124.65
37	33	1	115	23	1	350	171.63	171.06	171.63
37	34	4	639	27	1	50	170.07	168.17	170.07
38	9	1	808	31	2	350	109.66	107.53	109.66
38	14	2	610	29	3	400	115.18	113.14	115.18
38	19	1	321	24	2	150	117.69	115.74	117.69
38	28	3	595	27	3	200	132.85	130.37	132.85
38	33	3	386	28	3	50	148.70	146.72	148.70
38	35	1	990	35	3	300	159.50	156.70	159.50
39	18	3	147	29	3	250	140.22	138.64	140.22
39	23	1	796	35	1	150	148.67	146.02	148.67
39	29	1	85	13	2	300	163.29	161.35	163.29
39	29	3	446	18	3	100	168.61	161.85	168.61
39	31	2	74	7	4	400	168.42	166.84	168.42
40	16	2	182	20	2	50	138.89	136.88	138.89
40	20	1	166	19	4	100	145.26	143.44	145.26
40	23	1	313	14	2	400	inf		
40	23	4	672	25	3	300	227.13	227.13	149.02
40	28	4	490	25	3	250	164.17	161.34	164.17
40	31	4	57	2	4	50	168.96	167.54	168.96
40	33	4	440	17	1	350	178.34	177.58	178.34
41	2	2	77	32	3	250	117.56	115.71	117.56
41	3	1	130	18	2	200	116.58	114.58	116.58
41	6	2	211	27	3	250	131.76	129.76	131.76
41	9	4	515	30	2	100	140.76	136.92	140.76
41	15	1	430	22	1	100	149.42	147.08	149.42
41	26	1	508	24	3	350	154.22	153.33	154.22
41	28	3	23	12	2	50	171.30	169.63	171.30
41	30	4	399	30	2	300	171.44	169.48	171.44
41	31	3	132	30	3	250	169.44	167.58	169.44
42	3	3	514	33	4	250	114.61	111.97	114.61
42	5	3	39	5	2	300	116.52	114.97	116.52
42	5	3	500	31	4	350	117.46	116.98	117.46
42	11	2	609	27	3	200	127.67	125.05	127.67
42	19	4	204	23	2	100	133.28	131.36	133.28
42	21	3	51	24	4	50	136.16	134.35	136.16
42	23	1	682	35	1	350	135.90	134.63	135.90
42	24	2	404	21	4	50	136.89	134.61	136.89
42	25	2	40	7	2	100	142.43	140.78	142.43
42	27	3	197	12	1	100	147.00	145.20	147.00
43	3	2	328	28	3	250	99.89	97.77	99.89
43	10	1	58	27	2	50	156.55	154.71	156.55
43	10	3	400	32	2	200	110.02	108.00	110.02
43	11	2	559	33	3	400	110.99	108.81	110.99
43	11	3	338	25	4	150	111.15	107.55	111.15
43	15	2	396	23	1	50	133.58	131.54	133.58
43	18	2	615	30	4	200	118.06	115.61	118.06
43	20	2	44	16	1	250	122.86	120.99	122.86
43	23	4	381	33	2	50	123.03	120.17	123.03
43	29	1	662	32	2	200	135.67	132.98	135.67
43	29	4	151	25	2	50	132.87	130.93	132.87
44	3	3	116	21	1	100	110.46	108.09	110.46
44	8	1	157	7	2	50	153.12	151.50	153.12
44	12	2	555	22	4	400	122.92	120.66	122.92
44	31	1	62	28	4	100	155.40	153.77	155.40
45	16	1	792	35	1	100	123.84	121.02	123.84
45	16	4	251	34	1	150	123.56	121.53	123.56
45	23	3	321	16	1	200	136.16	134.00	136.16
45	28	3	130	34	1	300	138.63	136.69	138.63
45	32	2	385	31	4	150	167.66	165.22	167.66
45	35	2	68	29	4	350	175.79	175.20	175.79
46	7	2	203	28	3	400	90.32	88.39	90.32
46	15	4	367	30	2	100	99.14	97.34	99.14
46	19	1	671	33	1	350	99.55	97.96	99.55
46	21	4	338	29	1	350	101.34	100.18	101.34
46	29	4	797	28	4	200	118.18	115.53	118.18
46	31	3	190	9	1	50	119.60	117.90	119.60
46	35	3	333	19	2	200	131.22	129.29	131.22
47	24	3	142	17	2	100	115.92	113.97	115.92
47	27	4	639	33	4	250	123.89	119.87	123.89
47	28	3	60	28	3	300	121.19	119.36	121.19
48	9	1	95	5	4	300	109.57	106.56	109.57
48	12	1	308	17	2	350	113.82	112.63	113.82
48	15	3	645	29	1	400	116.91	114.43	116.91
48	16	1	98	19	2	400	116.17	114.25	116.17
48	21	3	216	14	2	250	120.07	117.77	120.07
48	24	2	978	34	3	50	129.09	125.05	129.09
48	25	4	374	30	3	150	125.91	123.80	125.91
48	26	1	481	26	4	400	125.98	123.97	125.98
48	28	2	61	8	4	250	127.42	125.81	127.42
48	29	2	86	27	1	350	134.02	133.07	134.02
48	30	1	199	34	1	200	133.87	131.94	133.87
49	5	2	11	4	2	200	104.45	102.99	104.45
49	8	3	450	32	2	400	107.96	105.81	107.96
49	15	3	136	8	3	350	113.61	112.49	113.61
49	17	1	58	35	2	150	116.55	114.73	116.55
49	24	2	46	28	2	400	125.01	123.22	125.01
49	24	4	103	29	3	100	125.59	123.79	125.59
49	26	3	143	13	2	300	123.88	120.60	123.88
49	28	1	743	26	2	50	130.41	126.99	130.41
50	11	2	155	28	3	100	86.82	84.99	86.82
50	16	1	620	25	2	100	92.22	87.59	92.22
50	18	4	60	34	1	300	91.97	90.11	91.97
50	22	4	101	17	3	300	92.92	91.11	92.92
50	28	4	474	22	4	50	107.55	105.51	107.55
50	35	2	81	27	2	200	118.87	117.05	118.87
50	35	4	74	25	4	150	119.78	117.96	119.78
51	13	3	626	34	3	100	89.75	84.98	89.75
51	15	1	909	34	4	50	164.18	160.90	164.18
51	19	4	25	21	3	300	90.35	88.56	90.35
51	20	4	460	33	4	200	89.25	87.28	89.25
51	31	3	436	25	1	250	107.17	104.40	107.17
52	15	4	176	33	2	100	108.59	108.34	108.59
52	17	1	310	13	1	400	109.05	106.89	109.05
52	19	4	561	22	2	350	113.67	111.47	113.67
52	20	4	466	26	4	50	155.26	153.16	155.26
52	32	1	349	22	4	250	132.57	130.60	132.57
52	33	4	1014	34	2	300	137.62	135.20	137.62
53	9	2	698	31	1	250	92.46	89.73	92.46
53	22	4	14	10	1	250	105.06	103.33	105.06
53	25	4	379	18	3	300	108.65	106.74	108.65
53	26	3	710	33	4	100	113.23	109.90	113.23
54	10	2	708	31	4	150	105.93	103.12	105.93
54	11	1	715	29	4	250	100.62	98.29	100.62
54	12	3	594	34	4	200	102.66	100.17	102.66
54	21	1	473	20	4	350	122.82	106.75	122.82
54	27	2	82	21	4	50	146.39	144.56	146.39
55	6	1	68	10	2	150	94.60	92.92	94.60
55	6	2	383	31	2	300	94.91	92.95	94.91
55	8	4	14	3	3	250	95.43	94.11	95.43
55	24	2	117	25	1	200	110.80	108.93	110.80
55	25	2	621	31	1	300	113.20	110.71	113.20
55	30	1	36	11	4	150	118.03	116.33	118.03
55	33	1	56	22	2	150	132.72	130.92	132.72
56	9	3	758	34	1	350	97.12	95.57	97.12
56	23	2	138	23	1	150	111.62	109.77	111.62
56	27	3	384	32	4	200	117.72	115.72	117.72
56	30	3	85	25	4	400	120.78	118.93	120.78
57	4	4	259	18	2	100	82.76	80.88	82.76
57	8	2	316	35	1	150	76.19	73.91	76.19
57	16	4	193	20	1	350	210.51	209.00	210.51
57	17	3	420	24	4	400	82.66	79.41	82.66
57	18	4	16	7	4	250	86.40	84.84	86.40
57	30	3	527	33	3	150	96.83	93.44	96.83
57	31	4	303	34	3	300	97.46	95.50	97.46
57	33	2	332	15	2	350	100.79	99.48	100.79
58	6	1	38	24	4	300	74.13	72.34	74.13
58	19	2	210	18	4	250	81.56	79.62	81.56
58	19	3	136	9	3	150	81.45	79.84	81.45
58	20	4	145	34	1	350	81.31	79.86	81.31
58	21	1	246	24	1	100	84.40	82.56	84.40
58	29	1	6	4	2	50	332.42	331.09	332.42
58	29	3	651	24	4	150	96.42	93.55	96.42
58	32	1	40	26	2	400	98.88	97.02	98.88
58	32	2	178	29	4	100	99.14	97.36	99.14
58	33	4	210	29	4	150	101.74	99.86	101.74
59	4	1	235	28	1	200	81.13	79.20	81.13
59	4	4	63	21	1	350	81.34	79.96	81.34
59	28	3	97	7	4	100	103.96	102.37	103.96
59	32	4	297	14	1	100	116.96	115.12	116.96
59	35	3	324	20	1	400	122.04	120.12	122.04
60	5	2	59	17	4	400	87.13	85.29	87.13
60	7	2	203	32	4	350	88.82	87.41	88.82
60	11	1	252	18	4	250	94.44	92.32	94.44
60	16	3	590	25	2	300	98.34	96.11	98.34
60	21	3	95	26	4	200	100.87	98.95	100.87
60	23	3	491	21	4	200	106.54	103.54	106.54
60	24	2	119	16	2	350	102.36	101.12	102.36
60	28	2	7	2	4	100	150.66	149.25	150.66
61	6	1	244	28	2	200	84.79	80.18	84.79
61	9	2	564	30	4	350	82.87	81.08	82.87
61	13	4	704	33	1	100	92.69	89.90	92.69
61	19	3	497	32	2	50	166.54	163.87	166.54
61	21	3	138	7	3	250	93.56	92.01	93.56
61	26	1	942	33	3	100	102.53	99.22	102.53
61	34	1	251	24	2	350	241.66	108.07	241.66
62	11	2	769	32	3	350	74.92	72.36	74.92
62	14	1	83	13	1	150	76.38	73.60	76.38
62	14	2	429	33	4	400	78.47	74.30	78.47
62	19	4	171	21	1	150	77.44	75.62	77.44
62	22	2	406	19	2	250	91.67	88.95	91.67
62	28	2	428	28	4	200	98.24	87.78	98.24
62	32	4	264	18	3	50	149.89	147.92	149.89
62	34	1	725	29	2	150	98.57	94.63	98.57
63	7	4	432	25	1	250	88.74	86.50	88.74
63	11	3	76	8	1	200	91.74	90.10	91.74
63	15	1	476	19	2	100	214.40	212.44	214.40
63	22	4	158	23	1	100	100.16	98.33	100.16
63	24	2	357	16	4	100	102.81	100.98	102.81
63	27	1	547	22	4	100	111.34	108.70	111.34
63	27	2	672	24	4	300	111.78	106.59	111.78
63	28	1	36	22	3	300	115.10	113.32	115.10
63	30	3	226	10	4	400	116.86	115.05	116.86
63	34	2	504	25	4	400	118.85	116.32	118.85
64	10	3	216	27	1	300	93.10	91.15	93.10
64	15	1	398	17	4	200	98.65	95.75	98.65
64	16	2	274	27	3	100	94.00	92.14	94.00
64	20	3	97	13	3	150	95.90	93.17	95.90
64	22	3	104	31	1	400	100.48	98.56	100.48
64	25	3	276	26	1	200	102.48	100.51	102.48
64	26	2	622	34	2	50	164.35	162.07	164.35
64	32	3	422	24	4	250	121.20	119.27	121.20
65	3	1	258	26	2	50	167.85	165.81	167.85
65	13	3	897	35	2	400	91.25	87.32	91.25
65	14	1	155	14	2	200	89.41	87.60	89.41
65	18	3	133	24	3	150	90.60	88.74	90.60
65	33	3	282	16	2	150	113.66	111.71	113.66
65	35	2	60	5	1	50	168.17	166.68	168.17
65	35	3	747	27	4	350	114.96	113.53	114.96
66	4	4	432	34	3	250	84.70	82.47	84.70
66	12	3	23	12	3	50	209.16	207.53	209.16
66	29	3	358	24	2	250	104.01	102.03	104.01
66	29	4	311	33	3	150	104.01	101.57	104.01
67	11	4	416	19	2	50	164.77	162.59	164.77
67	12	2	738	30	2	300	84.77	82.09	84.77
67	25	1	325	19	3	200	99.13	97.01	99.13
67	27	3	595	21	4	50	167.57	165.83	167.57
68	13	2	380	19	3	50	162.70	159.94	162.70
68	20	3	442	26	2	150	71.78	69.86	71.78
68	24	2	251	15	3	400	75.40	73.50	75.40
68	32	3	315	22	2	100	89.71	87.92	89.71
69	8	2	125	33	2	100	86.81	84.96	86.81
69	9	4	466	27	1	200	66.82	64.90	66.82
69	21	2	210	30	2	350	71.94	70.39	71.94
69	23	2	27	9	2	100	107.57	105.90	107.57
69	28	1	249	28	4	300	81.52	79.52	81.52
69	30	4	447	32	2	300	86.93	84.66	86.93
69	32	1	38	8	1	350	90.58	89.40	90.58
70	7	2	132	15	2	300	62.07	60.14	62.07
70	12	4	119	28	4	150	67.31	65.47	67.31
70	17	4	538	27	4	100	84.99	82.27	84.99
70	18	1	426	22	2	350	67.83	66.03	67.83
70	22	3	369	18	3	150	70.48	68.55	70.48
70	23	3	216	17	2	400	71.04	68.44	71.04
70	25	3	399	16	2	150	73.36	71.38	73.36
70	26	1	889	35	1	200	77.32	74.73	77.32
70	28	2	586	29	3	150	78.76	76.37	78.76
70	34	2	21	20	1	150	89.25	87.49	89.25
70	35	1	793	32	1	250	90.07	87.55	90.07
70	35	4	346	22	2	350	93.85	92.46	93.85
71	11	1	128	15	4	300	78.23	76.48	78.23
71	14	4	46	32	4	50	184.64	182.82	184.64
71	20	1	337	35	2	300	85.66	83.66	85.66
71	22	4	213	33	2	150	92.85	91.00	92.85
71	22	4	251	24	3	150	86.48	84.61	86.48
71	29	4	493	18	2	50	166.54	164.20	166.54
71	32	3	663	34	1	350	104.00	100.65	104.00
71	35	2	351	24	1	200	104.96	103.02	104.96
71	35	2	52	35	1	300	108.92	107.10	108.92
72	13	1	139	32	2	400	82.35	80.38	82.35
72	19	4	288	22	3	150	86.24	84.25	86.24
72	25	4	129	33	3	50	169.19	167.39	169.19
72	30	1	324	23	1	100	101.93	100.11	101.93
72	33	2	89	28	1	400	inf		
73	10	1	227	16	3	400	76.72	74.72	76.72
73	22	4	641	34	4	350	89.89	88.12	89.89
73	24	1	149	24	2	100	88.94	85.62	88.94
74	5	3	75	13	3	200	63.12	61.33	63.12
74	10	2	227	24	4	400	71.34	69.35	71.34
74	25	3	217	9	1	300	75.05	73.35	75.05
74	27	2	620	32	4	350	78.87	76.87	78.87
74	29	4	466	24	1	400	162.83	160.96	162.83
75	6	3	34	5	4	400	59.93	58.41	59.93
75	11	2	283	12	3	350	66.92	65.39	66.92
75	12	4	163	10	3	150	68.72	66.83	68.72
75	29	1	90	29	3	100	89.11	87.30	89.11
75	29	3	366	34	2	50	159.89	157.62	159.89
75	31	2	527	31	1	400	79.05	76.33	79.05
75	34	1	683	25	1	300	84.97	82.69	84.97
76	6	3	61	12	4	50	179.61	177.73	179.61
76	19	2	313	26	2	250	70.49	68.60	70.49
76	27	4	559	21	4	300	72.59	70.25	72.59
76	28	3	97	35	1	100	88.03	86.23	88.03
76	32	4	32	13	4	50	193.23	191.55	193.23
77	11	2	756	34	4	50	170.75	167.33	170.75
77	17	4	754	34	3	200	81.37	78.93	81.37
77	27	3	544	21	4	100	95.30	91.94	95.30
77	28	4	562	35	3	150	92.32	89.65	92.32
77	31	3	379	24	1	300	99.46	97.48	99.46
77	33	4	481	20	4	50	165.11	163.26	165.11
78	5	1	176	21	2	400	71.78	71.78	70.92
78	5	1	503	33	1	100	90.73	87.46	90.73
78	8	4	268	25	1	50	167.51	165.52	167.51
78	14	3	669	33	1	200	106.27	89.83	106.27
78	24	2	279	15	2	200	83.11	80.64	83.11
78	25	2	123	35	4	150	82.73	80.83	82.73
78	26	2	428	31	1	200	85.02	82.97	85.02
78	27	4	38	24	4	50	194.44	192.61	194.44
79	5	4	180	16	2	100	85.34	83.54	85.34
79	10	4	135	32	2	150	74.12	72.19	74.12
79	18	1	213	17	3	200	80.31	78.39	80.31
79	22	3	139	30	2	400	82.03	80.04	82.03
80	7	1	114	6	1	200	70.88	69.31	70.88
80	16	3	564	21	2	50	167.50	164.92	167.50
80	17	2	436	22	4	50	169.06	166.22	169.06
81	4	3	125	28	2	50	175.82	174.02	175.82
81	8	4	613	30	3	350	74.14	72.01	74.14
81	16	2	265	28	3	250	79.42	77.44	79.42
81	22	1	350	26	4	50	163.16	161.35	163.16
82	4	1	120	35	2	350	58.67	57.00	58.67
82	11	3	145	28	1	400	62.93	61.01	62.93
82	18	2	99	6	1	400	67.10	64.47	67.10
82	21	1	374	23	2	50	169.53	166.32	169.53
82	25	4	64	6	3	50	179.52	178.02	179.52
82	26	4	388	34	4	150	73.74	71.61	73.74
82	30	1	511	23	4	250	79.46	76.11	79.46
82	31	4	562	26	4	50	176.11	174.25	176.11
82	32	1	296	21	2	400	80.74	78.49	80.74
83	6	1	248	35	4	250	70.43	68.46	70.43
83	10	4	100	32	2	200	73.58	71.68	73.58
83	15	1	389	31	2	250	76.94	74.82	76.94
83	18	3	325	29	3	250	78.10	76.18	78.10
83	25	2	179	24	3	250	83.96	82.08	83.96
83	29	1	118	27	2	250	93.09	91.22	93.09
83	33	4	468	32	3	350	96.62	95.11	96.62
84	8	1	146	18	1	300	61.23	59.30	61.23
84	14	1	451	29	4	200	59.77	57.50	59.77
84	16	4	66	3	3	200	61.94	60.50	61.94
84	20	3	173	25	3	350	59.76	58.07	59.76
84	24	3	64	26	4	300	63.14	61.36	63.14
84	24	4	394	34	4	400	64.16	63.94	64.16
84	28	4	184	35	2	150	68.11	66.27	68.11
84	31	2	251	26	2	100	88.13	85.97	88.13
85	8	4	403	20	4	300	55.83	53.93	55.83
85	23	1	406	35	2	50	163.98	162.03	163.98
85	23	2	902	34	2	250	62.62	60.04	62.62
85	28	1	239	17	3	200	75.93	73.84	75.93
85	29	2	227	34	4	350	65.99	64.32	65.99
85	30	3	175	30	2	350	68.70	67.04	68.70
86	9	1	354	33	2	100	86.32	84.43	86.32
86	17	1	211	19	3	50	166.85	166.62	166.85
86	17	1	141	19	2	300	62.98	61.07	62.98
86	23	3	518	20	2	200	73.50	71.15	73.50
86	31	4	62	18	3	150	78.44	76.78	78.44
86	35	3	312	18	4	200	84.15	80.32	84.15
86	35	3	204	34	2	150	82.19	80.38	82.19
87	8	1	229	14	3	200	54.29	52.40	54.29
87	12	1	45	19	2	300	60.85	59.03	60.85
87	13	2	99	32	2	300	55.67	53.85	55.67
87	13	4	320	21	1	250	57.29	54.61	57.29
87	23	2	276	12	1	300	60.72	58.83	60.72
87	25	4	227	25	3	300	63.24	61.34	63.24
87	28	4	309	15	3	50	169.62	167.68	169.62
87	31	4	346	15	1	200	82.33	73.85	82.33
87	32	2	121	22	3	250	72.20	70.36	72.20
88	7	3	348	24	3	150	67.15	65.15	67.15
88	10	3	50	6	2	350	69.10	67.88	69.10
88	26	4	491	26	4	200	82.56	80.60	82.56
88	31	3	114	17	2	150	87.87	86.09	87.87
88	34	2	247	15	2	300	91.89	89.99	91.89
89	6	4	113	13	1	300	71.62	69.81	71.62
89	12	4	133	13	1	200	72.13	70.36	72.13
89	13	4	596	29	3	50	170.48	168.56	170.48
89	27	3	177	35	3	100	87.53	85.72	87.53
89	35	2	156	25	2	50	179.75	177.95	179.75
90	15	1	498	26	4	300	56.19	53.93	56.19
90	16	3	669	33	1	350	59.53	57.62	59.53
90	18	1	431	34	2	150	57.88	55.89	57.88
90	18	3	670	30	4	350	55.74	53.49	55.74
90	28	3	473	24	1	400	68.32	66.44	68.32
90	30	4	82	13	4	400	64.99	63.25	64.99
90	34	3	796	35	2	350	72.09	70.06	72.09
90	35	3	287	11	1	150	71.47	69.72	71.47
91	11	3	568	30	3	50	172.87	170.12	172.87
92	14	1	196	33	4	400	57.21	55.27	57.21
92	30	4	529	19	2	150	76.36	73.55	76.36
92	34	2	410	23	1	250	73.04	70.59	73.04
93	15	2	246	17	1	250	55.18	53.27	55.18
93	16	4	693	32	2	400	58.33	53.97	58.33
93	19	4	171	34	2	350	56.04	54.26	56.04
93	22	4	331	18	2	300	58.21	56.31	58.21
93	23	2	393	28	1	150	62.95	60.94	62.95
93	33	3	65	24	1	400	70.85	69.13	70.85
93	35	3	834	31	3	350	77.27	75.14	77.27
94	4	2	69	11	2	50	179.59	177.81	179.59
94	13	4	474	23	3	300	59.38	57.49	59.38
94	20	2	366	31	2	400	61.93	59.95	61.93
94	24	2	727	34	1	100	91.78	88.32	91.78
95	15	4	245	30	1	50	169.12	167.01	169.12
95	25	3	620	23	1	150	203.27	67.11	203.27
95	25	3	524	28	2	250	58.53	55.99	58.53
95	32	4	580	32	1	50	179.89	177.52	179.89
96	15	2	432	28	4	150	69.38	67.31	69.38
96	18	3	313	21	4	50	172.81	171.02	172.81
97	14	2	286	12	2	100	93.09	93.09	90.77
97	18	1	585	29	3	200	74.20	71.47	74.20
97	25	3	585	22	4	200	77.26	74.69	77.26
97	34	2	261	15	4	300	93.11	87.84	93.11
97	35	1	219	14	4	200	90.65	88.80	90.65
98	15	3	224	28	3	400	52.72	50.70	52.72
98	20	4	19	16	4	350	53.91	52.34	53.91
98	28	4	87	9	4	350	60.44	58.92	60.44
98	34	2	64	34	3	150	72.45	70.59	72.45
98	35	4	177	8	2	300	67.69	65.99	67.69
99	7	1	249	26	3	400	63.67	61.68	63.67
99	10	1	670	35	4	300	67.33	64.97	67.33
99	10	3	123	14	1	200	64.95	63.16	64.95
99	16	3	281	33	3	150	69.68	67.71	69.68
99	18	4	120	17	2	100	94.42	92.67	94.42
99	19	4	422	31	3	200	71.57	69.57	71.57
99	20	4	210	30	2	250	71.46	69.44	71.46
99	32	2	301	30	3	200	86.48	84.54	86.48
100	6	2	157	15	2	150	65.01	63.18	65.01
100	23	3	432	21	1	50	170.47	167.68	170.47
101	12	4	167	21	1	200	66.23	64.39	66.23
101	26	4	798	29	1	50	174.71	171.55	174.71
101	33	4	461	28	1	300	85.01	82.67	85.01
102	13	1	127	25	1	300	50.77	48.80	50.77
102	13	4	469	24	1	400	50.83	48.86	50.83
102	14	2	271	24	4	100	88.11	86.25	88.11
102	14	2	493	26	4	50	172.94	170.53	172.94
102	17	2	305	24	4	300	50.59	48.71	50.59
102	24	3	174	24	4	350	54.53	52.77	54.53
103	9	4	68	8	4	300	62.85	61.21	62.85
103	15	2	153	27	2	200	72.98	71.16	72.98
103	25	2	325	15	2	300	72.53	70.65	72.53
103	27	2	114	35	4	200	75.78	75.70	75.78
103	27	4	55	28	3	400	82.14	80.27	82.14
104	4	4	63	34	3	400	57.95	56.14	57.95
104	10	3	345	27	4	100	86.75	85.07	86.75
104	21	1	609	25	1	300	67.23	64.88	67.23
104	26	2	499	24	4	100	90.34	87.53	90.34
104	26	4	611	34	3	100	93.41	90.00	93.41
104	27	4	36	26	3	400	77.72	75.89	77.72
104	28	2	580	25	2	300	74.39	72.48	74.39
104	29	3	664	27	2	150	74.65	72.30	74.65
104	30	3	103	26	1	50	185.11	183.32	185.11
104	30	3	341	14	1	100	90.96	89.01	90.96
104	30	3	707	32	2	100	94.73	91.36	94.73
105	5	3	328	31	1	350	52.99	50.81	52.99
105	10	4	396	31	2	150	62.12	59.89	62.12
105	17	3	496	27	4	150	63.21	60.58	63.21
105	21	3	538	30	2	200	52.88	50.42	52.88
105	27	4	108	31	4	300	55.51	53.68	55.51
105	34	2	132	29	3	400	71.34	69.41	71.34
105	34	3	165	7	3	100	90.36	88.82	90.36
106	9	3	20	20	4	400	57.45	55.63	57.45
106	11	1	49	13	4	200	53.71	51.92	53.71
106	15	1	550	25	3	100	90.93	87.99	90.93
106	22	1	451	27	2	350	59.47	57.81	59.47
106	26	1	393	31	4	150	63.53	61.57	63.53
106	32	4	869	35	4	150	70.90	68.37	70.90
106	35	1	331	12	2	100	91.59	89.84	91.59
107	6	4	53	33	3	300	60.75	58.87	60.75
107	6	4	239	23	2	350	60.46	58.70	60.46
107	24	1	159	23	1	100	89.24	87.44	89.24
107	26	1	88	25	3	50	180.61	178.81	180.61
108	15	2	174	30	3	50	172.24	170.42	172.24
108	15	4	171	10	4	50	171.79	170.17	171.79
108	20	3	368	22	4	200	50.55	48.61	50.55
108	23	3	137	30	2	300	50.86	48.86	50.86
108	24	1	224	30	1	350	51.98	50.22	51.98
108	26	2	401	27	1	350	55.48	53.73	55.48
108	32	3	303	35	1	300	61.07	59.13	61.07
109	8	2	72	6	2	100	97.33	95.76	97.33
109	19	3	44	4	1	100	95.20	93.73	95.20
109	26	2	345	21	4	200	72.94	71.01	72.94
109	31	2	284	15	4	250	83.86	81.92	83.86
110	24	4	607	30	2	400	54.66	52.40	54.66
110	29	3	375	17	1	100	91.75	89.74	91.75
110	33	2	220	32	2	350	59.48	57.83	59.48
111	13	1	473	25	3	350	49.34	47.71	49.34
111	17	1	200	23	1	250	50.39	48.46	50.39
111	18	2	219	35	3	400	51.19	48.93	51.19
111	21	2	369	31	3	250	52.74	50.49	52.74
111	21	2	367	34	3	200	57.86	55.15	57.86
111	31	1	91	8	4	300	60.09	58.55	60.09
112	13	3	221	27	4	250	49.69	47.78	49.69
112	14	3	251	18	3	300	50.00	48.07	50.00
112	21	1	485	28	3	200	57.34	55.15	57.34
112	21	4	252	24	3	350	55.17	53.37	55.17
112	28	3	114	18	1	350	57.89	56.22	57.89
112	29	1	352	26	2	150	68.18	66.26	68.18
112	29	1	686	28	2	250	58.32	55.30	58.32
112	35	3	567	32	3	150	70.35	68.34	70.35
113	7	3	74	8	1	100	90.97	89.41	90.97
113	20	1	180	8	3	200	68.21	66.72	68.21
113	20	3	161	8	2	200	67.78	65.76	67.78
113	24	1	614	24	2	400	70.94	68.34	70.94
113	26	3	325	14	2	200	73.12	71.09	73.12
114	21	2	437	22	2	150	62.02	60.10	62.02
114	31	3	170	22	1	300	57.14	55.28	57.14
115	28	1	267	13	4	350	55.57	53.99	55.57
115	29	2	544	22	3	100	97.09	93.20	97.09
115	34	3	447	21	1	250	62.79	60.55	62.79
115	35	2	93	11	2	150	66.42	63.79	66.42
116	9	3	87	34	1	300	45.64	43.78	45.64
116	14	1	204	27	2	400	47.33	45.46	47.33
116	16	1	93	10	4	200	48.86	47.20	48.86
116	18	4	150	10	4	200	48.91	47.26	48.91
116	30	4	340	24	1	50	178.62	176.83	178.62
117	8	1	214	35	2	100	93.07	91.16	93.07
117	17	2	515	34	3	350	141.26	139.08	141.26
117	22	2	125	15	1	350	63.35	61.79	63.35
118	9	4	382	34	4	350	50.45	48.53	50.45
118	18	1	724	31	2	300	55.31	52.91	55.31
118	21	2	738	35	3	100	93.78	90.36	93.78
118	22	2	170	29	4	400	56.69	54.80	56.69
119	6	4	147	27	2	250	49.73	47.95	49.73
119	10	1	321	32	4	150	59.78	57.80	59.78
119	11	4	190	35	4	400	45.88	43.93	45.88
119	20	3	311	30	2	350	50.36	47.55	50.36
119	29	1	696	28	1	250	56.33	54.03	56.33
119	30	4	447	18	3	50	187.93	185.30	187.93
119	34	2	314	16	1	250	60.68	58.75	60.68
120	9	4	369	28	3	100	89.31	87.24	89.31
120	11	1	223	30	2	150	59.78	57.99	59.78
120	15	4	70	4	1	300	44.72	42.92	44.72
120	21	4	175	17	3	350	46.73	44.99	46.73
120	23	4	159	17	1	250	161.70	159.84	161.70
120	23	4	258	35	4	300	47.99	45.97	47.99
121	9	1	46	18	2	300	55.00	53.10	55.00
121	27	1	464	30	3	50	181.88	179.56	181.88
121	29	2	448	18	3	300	64.94	63.07	64.94
121	34	4	35	27	3	400	73.48	71.75	73.48
122	25	4	180	32	3	150	62.78	60.89	62.78
122	32	2	432	35	4	350	68.64	67.08	68.64
122	32	2	494	29	3	350	64.60	62.88	64.60
123	15	2	250	30	1	300	48.26	46.37	48.26
123	19	4	491	30	2	50	174.18	172.25	174.18
123	22	3	487	29	2	100	93.19	90.13	93.19
124	12	4	155	9	3	250	44.52	42.78	44.52
124	19	1	79	5	2	50	181.66	180.19	181.66
124	19	2	35	2	3	400	172.76	172.76	172.69
124	19	3	317	32	4	300	45.96	44.04	45.96
124	21	2	169	22	1	300	46.40	44.52	46.40
124	22	1	727	29	2	400	56.95	54.69	56.95
124	26	3	55	13	3	250	50.03	48.30	50.03
124	28	4	399	32	4	150	61.47	59.51	61.47
124	32	4	168	25	2	250	56.68	54.71	56.68
124	35	2	142	11	4	200	58.18	56.49	58.18
125	20	4	216	28	4	100	88.60	86.72	88.60
126	24	1	557	29	4	250	53.38	51.21	53.38
126	29	2	482	33	3	100	92.70	90.66	92.70
127	28	2	208	30	3	350	70.08	68.24	70.08
127	33	2	772	35	2	350	76.16	74.15	76.16
128	31	1	264	34	4	50	183.43	181.34	183.43
128	34	2	567	25	2	250	57.09	54.44	57.09
129	14	2	546	29	3	100	95.36	92.12	95.36
129	16	3	152	27	3	50	179.24	177.16	179.24
129	29	2	15	14	1	200	67.64	65.91	67.64
129	31	1	226	12	4	200	inf		
129	35	1	236	10	2	350	59.90	58.50	59.90
131	7	2	40	13	2	100	inf		
131	14	3	68	19	4	400	inf		
131	15	1	252	30	2	300	inf		
131	21	1	321	30	1	400	inf		
131	21	2	483	31	1	150	inf		
131	25	3	168	30	1	350	inf		
131	26	1	215	22	4	100	inf		
131	28	1	109	7	4	300	inf		
131	33	2	767	30	1	350	inf		
132	16	3	263	17	4	250	43.20	41.35	43.20
132	21	1	191	31	2	300	44.21	42.14	44.21
132	24	3	341	19	2	200	50.05	46.22	50.05
132	30	3	166	21	4	300	56.13	54.24	56.13
132	32	4	305	26	3	50	186.92	185.08	186.92
133	14	1	518	32	4	300	44.35	42.11	44.35
133	20	3	174	28	2	350	44.05	42.29	44.05
133	26	3	458	25	3	100	93.90	91.92	93.90
133	26	3	305	21	4	150	60.65	58.54	60.65
133	27	4	75	35	4	250	49.39	47.83	49.39
133	31	3	882	35	3	350	52.43	50.03	52.43
134	11	4	213	29	3	300	48.45	46.20	48.45
134	21	1	234	14	3	100	96.14	93.80	96.14
134	21	2	419	26	2	400	50.93	50.92	50.93
134	21	4	295	28	2	350	51.38	49.45	51.38
134	23	1	441	26	2	300	167.46	165.56	167.46
134	27	2	40	12	3	300	55.67	54.00	55.67
134	33	2	385	33	3	300	61.48	59.39	61.48
135	21	1	214	11	2	200	71.26	44.28	71.26
135	30	2	177	16	1	350	49.25	47.56	49.25
136	13	3	41	28	3	50	225.15	223.37	225.15
136	21	2	771	33	2	200	50.23	48.08	50.23
136	22	1	37	16	2	50	199.31	197.53	199.31
136	22	1	284	28	4	150	62.17	59.82	62.17
136	25	1	423	17	1	200	52.79	50.90	52.79
136	28	1	578	29	3	400	49.72	47.63	49.72
137	26	2	225	22	3	250	inf		
137	31	1	43	23	1	50	inf		
137	34	2	330	27	3	150	inf		
138	25	1	143	13	2	300	48.33	43.49	48.33
138	29	4	43	16	2	400	49.02	47.21	49.02
139	8	3	326	27	2	100	inf		
139	9	1	442	30	1	200	inf		
139	15	2	230	28	2	300	inf		
139	22	4	299	32	3	300	inf		
139	23	4	85	13	4	100	inf		
139	26	2	151	24	3	50	inf		
139	31	4	752	35	4	50	inf		
139	34	2	406	33	1	150	inf		
140	8	1	335	35	3	250	53.50	50.68	53.50
140	11	1	335	25	3	50	254.94	253.14	254.94
140	14	2	708	35	3	50	186.42	184.53	186.42
140	14	2	315	19	1	100	90.02	88.20	90.02
140	14	3	179	31	1	400	42.55	40.78	42.55
140	14	4	112	18	3	350	46.60	44.81	46.60
140	18	2	422	30	2	250	45.29	43.33	45.29
140	23	3	422	33	3	150	66.33	64.21	66.33
141	13	2	429	33	2	400	44.62	42.68	44.62
141	27	3	865	35	4	200	54.23	50.99	54.23
142	7	2	145	14	3	200	68.60	66.77	68.60
142	22	1	70	20	4	400	53.81	51.99	53.81
142	23	3	30	25	3	100	110.64	108.87	110.64
142	28	3	199	20	4	350	55.53	53.89	55.53
142	32	2	266	22	1	200	59.78	57.83	59.78
143	13	1	80	7	2	50	230.98	229.41	230.98
143	21	3	129	13	3	400	52.52	51.56	52.52
144	18	4	128	15	1	350	40.87	39.06	40.87
144	27	1	76	6	1	100	100.01	97.49	100.01
144	31	1	604	28	2	400	49.84	47.59	49.84
145	21	2	289	34	2	300	42.28	40.23	42.28
145	23	4	245	24	1	50	201.62	199.45	201.62
145	24	2	100	11	2	300	44.30	42.67	44.30
146	18	2	43	15	4	150	69.94	68.18	69.94
146	22	3	703	32	3	100	96.96	93.98	96.96
146	26	2	420	28	1	100	95.41	92.79	95.41
146	28	1	264	29	1	100	105.79	103.91	105.79
146	32	4	567	23	1	100	108.05	105.05	108.05
147	11	1	143	13	1	200	78.89	77.13	78.89
147	15	4	31	6	2	250	63.49	61.96	63.49
147	16	4	101	28	3	150	88.29	86.49	88.29
147	21	4	538	28	2	50	191.69	189.83	191.69
147	23	1	238	16	3	200	47.44	45.54	47.44
147	24	3	181	14	2	200	114.81	114.81	49.62
147	29	2	197	13	2	350	46.58	44.77	46.58
147	31	1	224	32	3	350	47.87	46.14	47.87
147	32	4	76	11	1	200	54.94	53.28	54.94
147	34	2	116	8	4	150	71.03	69.50	71.03
148	18	1	394	24	3	250	57.60	55.74	57.60
148	18	4	184	19	2	150	78.39	76.24	78.39
148	21	2	64	13	4	150	67.72	66.00	67.72
148	25	3	139	23	2	150	66.81	64.90	66.81
148	31	4	347	32	4	200	57.50	55.16	57.50
148	32	2	479	18	3	250	51.98	50.09	51.98
148	35	2	71	20	2	50	203.74	201.95	203.74
149	8	4	427	34	2	200	inf		
150	9	2	310	30	4	250	66.38	64.42	66.38
150	15	2	153	21	2	100	139.30	137.57	139.30
150	31	2	147	19	1	300	47.12	45.21	47.12
151	16	3	36	4	4	100	inf		
151	31	2	238	15	4	300	inf		
151	33	4	183	20	2	150	inf		
152	9	2	286	21	3	350	51.42	46.56	51.42
152	24	4	835	34	4	200	64.16	61.64	64.16
152	26	1	336	31	1	150	67.71	65.73	67.71
152	28	4	468	34	3	350	50.12	48.28	50.12
152	31	1	227	17	2	150	70.54	68.78	70.54
152	31	2	418	17	1	50	207.68	203.72	207.68
152	34	1	38	23	3	400	50.72	48.96	50.72
153	19	4	27	24	1	400	41.54	39.76	41.54
153	28	2	305	21	4	350	50.62	48.62	50.62
153	32	2	89	34	2	350	48.66	47.04	48.66
153	34	2	186	24	3	250	51.18	49.15	51.18
154	11	4	386	32	1	350	48.61	46.10	48.61
154	19	3	303	31	4	400	65.32	55.44	65.32
154	25	1	375	31	3	250	123.64	121.67	123.64
154	35	2	431	34	4	150	68.78	66.79	68.78
155	17	4	307	29	4	300	55.87	53.91	55.87
155	23	3	97	21	4	300	56.60	54.77	56.60
156	6	4	3	2	1	400	92.70	91.33	92.70
156	30	1	429	25	4	350	46.41	44.69	46.41
156	30	1	570	32	4	350	50.76	48.78	50.76
156	35	4	167	31	3	350	50.25	48.54	50.25
157	15	2	219	35	4	250	inf		
157	17	2	145	16	4	400	inf		
157	32	1	148	34	3	300	inf		
157	32	1	541	35	2	300	inf		
157	33	1	516	27	2	250	inf		
158	20	1	104	14	3	350	52.68	51.03	52.68
158	25	4	261	29	3	100	160.65	158.80	160.65
158	30	4	149	7	2	350	54.27	52.85	54.27
158	31	2	85	5	2	200	60.29	58.82	60.29
158	34	2	290	11	2	100	102.26	100.16	102.26
158	35	2	311	23	2	50	217.25	213.45	217.25
159	16	1	350	30	4	150	108.72	106.65	108.72
159	24	3	449	20	2	300	55.85	53.98	55.85
159	28	3	98	24	2	200	80.29	78.47	80.29
159	29	2	300	22	1	200	72.53	70.57	72.53
160	9	1	233	35	4	400	48.84	46.90	48.84
160	14	1	119	15	1	50	329.33	327.53	329.33
160	15	4	228	28	2	50	325.82	324.06	325.82
160	27	1	77	19	4	150	93.66	91.87	93.66
160	34	3	313	35	4	350	49.13	47.26	49.13
161	15	2	373	29	2	150	108.85	106.76	108.85
161	33	3	50	34	1	200	71.18	69.43	71.18
161	34	2	392	17	1	150	88.19	86.23	88.19
162	9	4	217	20	1	200	83.90	81.96	83.90
162	10	2	30	7	4	150	117.14	115.58	117.14
162	14	4	163	26	3	100	167.38	165.61	167.38
162	19	4	145	9	1	200	79.71	78.12	79.71
162	23	4	678	33	1	100	149.83	143.40	149.83
162	28	4	23	16	3	100	168.54	166.76	168.54
162	30	2	287	22	3	350	44.37	42.61	44.37
162	31	3	172	13	2	350	44.23	42.40	44.23
162	32	1	235	14	4	50	198.43	196.67	198.43
163	14	3	100	5	1	400	inf		
163	20	3	228	12	2	300	inf		
163	26	3	284	14	2	100	inf		
163	29	1	591	28	1	350	inf		
164	18	3	162	11	2	150	113.75	109.23	113.75
164	33	1	95	7	3	100	238.82	236.26	238.82
164	33	1	239	21	2	100	100.67	98.84	100.67
165	10	4	24	10	3	150	119.05	117.42	119.05
165	16	4	570	31	4	300	62.10	59.77	62.10
165	18	1	98	30	3	100	163.86	161.13	163.86
165	22	2	75	4	4	100	165.69	163.19	165.69
165	30	1	281	20	3	300	55.18	53.63	55.18
165	32	2	325	18	4	200	69.40	67.36	69.40
166	28	4	48	34	3	50	296.12	294.51	296.12
167	10	3	32	3	1	200	inf		
167	15	1	446	26	4	400	inf		
167	18	4	85	31	2	150	inf		
167	23	1	324	28	2	350	inf		
167	26	4	98	27	4	150	inf		
168	12	1	132	15	1	300	56.97	55.12	56.97
168	21	1	82	29	1	150	110.48	108.69	110.48
168	23	4	246	17	3	250	72.71	70.81	72.71
169	11	2	290	35	3	100	164.73	162.88	164.73
169	13	3	427	24	3	50	326.63	324.23	326.63
169	13	4	18	14	1	150	126.51	124.76	126.51
169	32	1	655	30	4	300	61.04	58.90	61.04
170	13	2	48	11	2	350	51.48	49.71	51.48
171	20	3	101	20	1	200	84.84	83.00	84.84
171	26	4	238	28	3	250	68.35	66.46	68.35
171	29	4	299	21	2	50	298.89	296.94	298.89
172	8	2	212	31	1	250	67.20	64.99	67.20
172	26	1	382	34	3	100	166.58	163.42	166.58
172	35	4	709	35	3	100	130.25	127.07	130.25
173	7	1	110	29	3	50	inf		
173	9	3	368	35	4	50	inf		
173	10	1	11	2	4	350	inf		
173	31	1	569	27	1	150	inf		
173	33	4	212	27	3	300	inf		
173	34	2	67	30	2	200	inf		
174	15	4	332	26	1	50	321.52	319.75	321.52
174	21	4	203	23	2	300	59.70	57.84	59.70
174	25	2	308	33	4	350	50.26	48.09	50.26
175	12	3	143	18	2	250	73.99	72.09	73.99
175	21	1	45	11	3	300	65.86	64.24	65.86
175	28	3	359	31	3	350	49.10	46.95	49.10
175	35	2	332	31	3	200	68.90	66.79	68.90
175	35	2	38	29	3	400	47.98	46.28	47.98
176	11	4	95	28	2	300	57.58	55.77	57.58
176	16	3	276	21	4	250	68.12	66.28	68.12
176	17	2	90	10	2	150	119.07	116.43	119.07
176	31	4	30	3	3	400	53.40	52.05	53.40
177	13	2	175	33	1	50	334.91	333.12	334.91
177	18	2	204	29	3	50	329.26	327.47	329.26
178	11	4	283	26	3	50	325.97	322.13	325.97
178	30	3	395	23	2	150	111.13	106.79	111.13
179	21	4	255	19	4	250	inf		
179	22	4	442	35	3	250	inf		
180	6	2	47	25	1	150	115.27	113.47	115.27
180	15	3	267	29	2	300	58.55	56.52	58.55
180	21	1	492	31	2	150	115.75	113.60	115.75
180	26	4	539	24	4	250	75.68	73.30	75.68
180	30	1	626	31	2	100	155.12	151.84	155.12
180	35	4	512	20	4	150	105.89	103.10	105.89
181	9	4	122	34	3	350	inf		
181	18	1	462	30	3	400	inf		
181	22	3	471	24	1	300	inf		
181	24	3	88	27	2	350	inf		
181	26	4	127	12	2	200	inf		
181	28	3	667	29	4	350	inf		
181	30	2	605	29	4	350	inf		
181	32	1	555	32	3	200	inf		
181	33	3	411	33	3	400	inf		
181	34	4	182	23	3	300	inf		
182	15	3	136	15	4	100	173.59	170.37	173.59
182	21	3	35	20	3	300	67.36	65.57	67.36
182	35	1	68	4	1	300	56.75	55.30	56.75
183	13	1	103	28	4	400	49.32	47.34	49.32
183	16	4	200	10	4	200	87.51	85.55	87.51
183	18	3	121	27	1	50	340.11	338.27	340.11
183	18	4	69	6	3	100	171.97	170.42	171.97
183	19	1	49	22	2	50	345.38	343.61	345.38
183	20	1	340	28	2	250	68.68	66.67	68.68
183	26	2	366	33	1	50	316.01	313.85	316.01
184	8	3	62	16	4	200	86.58	84.78	86.58
184	27	2	279	22	4	300	59.88	57.93	59.88
184	34	1	363	21	4	100	167.51	165.86	167.51
185	9	3	44	33	1	50	338.04	336.37	338.04
185	27	2	395	30	3	50	324.77	322.46	324.77
185	27	3	174	17	1	350	51.07	49.22	51.07
185	33	2	104	29	1	350	51.66	49.62	51.66
186	13	1	245	15	2	150	108.93	107.32	108.93
186	20	4	193	22	4	300	59.91	57.42	59.91
186	22	4	227	27	1	400	49.08	47.20	49.08
186	28	1	211	15	4	150	114.55	112.74	114.55
186	30	1	101	12	4	150	115.40	113.72	115.40
186	30	4	367	27	1	250	73.12	71.25	73.12
187	23	3	112	22	3	100	170.15	168.35	170.15
187	31	2	137	24	4	400	45.80	43.89	45.80
188	22	4	440	24	2	100	265.23	263.26	265.23
188	23	2	262	30	3	100	169.78	167.81	169.78
188	26	3	313	21	2	350	50.07	48.21	50.07
188	28	3	448	30	3	50	325.87	323.96	325.87
189	12	3	218	16	1	100	162.68	160.68	162.68
190	13	1	29	19	2	100	177.32	175.37	177.32
190	16	3	131	9	2	400	49.35	47.71	49.35
190	18	2	473	35	3	300	62.41	60.23	62.41
190	19	3	450	23	2	300	60.13	58.13	60.13
191	10	4	13	12	1	250	inf		
191	17	3	420	32	4	100	inf		
191	22	1	572	25	3	400	inf		
191	27	4	123	25	3	300	inf		
191	34	4	221	10	2	400	inf		
191	35	3	196	17	2	100	inf		
192	23	2	99	8	2	50	329.78	328.22	329.78
192	24	1	313	20	2	200	84.05	82.11	84.05
192	28	2	293	17	2	400	50.71	47.24	50.71
192	33	2	225	13	3	200	91.07	87.23	91.07
192	34	2	33	30	2	250	73.83	72.10	73.83
193	13	2	103	31	1	400	inf		
193	14	3	235	21	4	250	inf		
193	19	4	125	24	4	100	inf		
193	35	1	523	28	4	50	inf		
194	31	2	87	22	2	250	70.74	68.88	70.74
194	34	2	317	23	4	300	58.94	57.03	58.94
195	11	4	422	31	1	400	46.82	44.86	46.82
195	13	4	503	34	1	300	62.66	60.31	62.66
195	22	2	463	32	3	250	72.66	70.74	72.66
195	22	2	232	23	3	300	57.61	55.72	57.61
195	30	2	403	35	4	200	83.01	80.74	83.01
196	21	1	185	25	3	400	46.49	44.64	46.49
196	27	4	492	35	1	400	46.92	44.76	46.92
196	28	1	241	35	1	300	61.68	59.75	61.68
196	29	2	193	19	4	400	49.04	47.24	49.04
196	30	1	347	30	1	400	45.81	43.93	45.81
196	32	4	594	24	3	400	48.34	45.97	48.34
196	35	1	34	19	2	400	47.14	45.42	47.14
197	21	1	152	20	3	200	inf		
197	24	2	220	24	2	300	inf		
197	31	4	95	25	2	250	inf		
197	34	3	548	32	2	150	inf		
198	18	1	296	18	2	350	49.96	48.12	49.96
198	22	2	561	32	1	50	328.86	326.57	328.86
198	25	1	654	29	4	300	60.92	58.90	60.92
198	31	2	289	28	1	350	54.33	52.51	54.33
198	33	3	795	32	2	350	53.79	50.72	53.79
199	16	3	35	33	3	200	inf		
199	22	2	440	28	4	150	inf		
199	31	4	73	33	2	300	inf		
199	33	2	630	33	4	50	inf		
200	11	3	19	13	4	300	69.69	68.18	69.69
200	35	2	85	35	4	400	50.61	44.45	50.61
200	35	3	599	33	3	300	62.37	60.24	62.37
201	15	3	68	28	3	150	114.50	112.68	114.50
201	21	2	620	34	1	300	61.15	59.09	61.15
201	30	1	202	20	3	300	62.65	60.81	62.65
201	33	1	355	16	2	300	62.96	61.08	62.96
201	33	4	63	28	1	50	333.08	331.31	333.08
202	26	1	484	29	1	300	61.62	59.27	61.62
202	29	1	473	24	4	250	77.48	73.60	77.48
203	17	1	76	15	4	250	70.16	67.74	70.16
203	18	2	35	15	3	200	89.39	87.64	89.39
203	30	4	764	33	1	350	57.02	54.86	57.02
204	12	1	296	26	3	350	49.89	48.06	49.89
204	14	2	204	21	4	50	325.06	323.29	325.06
204	22	4	42	18	1	150	120.82	119.23	120.82
204	30	1	595	27	2	200	87.52	84.86	87.52
205	19	1	428	30	2	300	61.98	60.01	61.98
205	29	3	121	18	1	350	54.23	52.41	54.23
205	31	4	105	19	4	50	336.08	333.43	336.08
205	33	3	240	29	3	400	50.77	48.90	50.77
205	35	4	361	27	3	300	59.43	54.56	59.43
206	9	2	110	26	3	50	326.06	324.22	326.06
207	15	1	64	15	2	350	58.32	52.23	58.32
207	15	2	155	16	2	100	171.54	169.76	171.54
207	20	4	145	29	3	50	334.76	333.00	334.76
207	31	1	60	21	2	400	46.73	44.98	46.73
208	13	2	74	26	3	300	60.29	58.21	60.29
208	25	1	204	28	2	50	329.98	328.20	329.98
208	29	4	337	29	1	400	44.77	42.79	44.77
208	32	2	532	33	2	350	53.49	51.50	53.49
209	19	4	255	30	4	50	324.43	322.79	324.43
209	26	4	340	19	2	400	46.72	44.80	46.72
209	27	2	159	7	1	50	467.51	465.89	467.51
209	28	2	188	31	4	250	68.35	66.49	68.35
209	31	2	339	18	4	300	59.93	58.06	59.93
210	32	1	412	19	3	250	69.44	67.51	69.44
210	34	2	291	24	3	400	48.04	46.16	48.04
211	14	4	103	17	2	350	inf		
211	21	3	101	7	1	400	inf		
211	31	4	206	34	2	150	inf		
212	23	4	301	15	3	250	72.87	70.93	72.87
212	29	1	564	33	2	400	48.40	46.06	48.40
212	31	4	542	35	1	50	318.15	316.07	318.15
212	34	3	661	33	3	300	59.80	57.49	59.80
213	17	1	495	28	3	50	325.29	323.05	325.29
214	20	1	124	19	4	400	44.47	42.60	44.47
214	20	3	239	23	3	150	111.61	109.72	111.61
214	24	2	254	31	4	200	84.70	82.74	84.70
214	24	4	627	31	1	400	46.68	44.63	46.68
214	26	2	313	17	1	150	110.51	108.59	110.51
214	29	2	471	24	4	200	86.40	84.44	86.40
215	23	4	187	13	2	250	74.01	72.19	74.01
216	11	3	45	10	2	300	58.73	58.73	58.56
216	16	2	22	21	4	150	121.72	119.93	121.72
216	17	4	10	9	1	200	100.38	98.84	100.38
216	21	4	562	35	1	50	325.04	322.53	325.04
216	22	2	354	32	4	100	163.24	161.45	163.24
217	15	1	309	25	4	350	54.97	53.12	54.97
217	17	4	147	25	2	100	165.73	163.76	165.73
217	18	2	570	30	2	350	52.45	50.33	52.45
217	19	4	500	34	2	300	61.21	59.15	61.21
217	20	1	212	32	2	200	89.08	86.45	89.08
217	21	2	100	23	2	150	112.25	110.45	112.25
218	13	3	179	35	3	250	68.37	66.46	68.37
218	29	4	85	26	4	250	69.90	68.11	69.90
218	31	1	175	13	4	350	49.17	47.40	49.17
219	17	1	240	19	1	200	88.85	86.91	88.85
219	18	4	285	21	2	350	54.95	53.11	54.95
219	25	2	526	27	2	50	316.22	314.21	316.22
219	27	1	105	14	2	300	63.73	61.95	63.73
219	30	1	529	34	2	50	233.36	231.20	233.36
219	34	3	140	31	3	50	316.17	314.34	316.17
220	16	2	384	33	1	150	110.14	108.05	110.14
220	19	4	351	34	1	50	318.75	316.91	318.75
220	22	4	231	16	4	250	73.45	71.39	73.45
220	26	1	391	34	4	150	109.68	107.57	109.68
220	29	2	487	29	3	50	308.73	306.51	308.73
220	32	1	596	33	2	50	310.64	308.47	310.64
220	33	3	209	15	2	300	47.62	45.34	47.62
221	16	4	253	32	1	350	55.03	53.11	55.03
221	19	1	306	35	2	400	44.93	42.97	44.93
221	19	2	225	25	2	150	116.65	114.82	116.65
221	21	3	548	31	1	150	113.66	110.82	113.66
222	17	2	306	27	4	400	48.64	46.70	48.64
222	19	3	73	26	3	350	57.14	55.35	57.14
223	23	1	434	29	2	50	inf		
223	26	1	501	29	4	150	inf		
223	28	3	395	35	4	400	inf		
223	30	4	557	31	3	50	inf		
224	15	1	377	23	2	400	46.90	44.74	46.90
224	18	4	199	20	1	200	86.20	85.29	86.20
224	24	3	188	30	1	250	67.00	64.77	67.00
225	8	1	28	18	4	150	124.10	122.46	124.10
225	25	4	466	23	4	50	316.77	314.61	316.77
225	28	1	318	23	4	300	57.30	55.43	57.30
225	35	3	472	19	2	200	76.90	74.59	76.90
226	13	3	355	26	2	150	114.16	112.21	114.16
226	19	1	74	25	2	50	334.60	332.80	334.60
226	28	2	458	24	2	400	47.13	45.20	47.13
226	33	2	430	35	2	350	49.64	49.39	49.64
226	33	2	768	33	4	100	154.88	151.42	154.88
227	24	4	112	13	3	350	inf		
227	24	4	239	20	3	100	inf		
227	28	1	577	33	2	100	inf		
227	30	4	180	12	1	200	inf		
227	35	2	288	30	3	400	inf		
228	13	3	43	13	4	50	338.61	336.99	338.61
228	14	1	185	26	4	250	73.38	71.47	73.38
228	18	4	104	14	4	100	163.21	161.43	163.21
229	18	4	100	29	4	250	inf		
229	28	1	534	32	4	200	inf		
229	35	2	556	34	4	400	inf		
230	10	2	139	27	1	350	50.56	48.65	50.56
230	24	3	206	23	2	50	312.55	310.79	312.55
230	33	4	253	15	1	100	141.34	139.55	141.34
231	15	4	54	34	3	100	169.20	166.25	169.20
231	19	2	112	6	3	250	67.85	66.33	67.85
231	22	2	399	32	3	150	110.13	108.20	110.13
231	27	3	343	33	3	150	108.61	106.52	108.61
231	29	4	240	17	2	50	294.14	292.39	294.14
232	26	1	522	30	1	350	47.77	45.41	47.77
232	30	3	252	31	4	250	65.67	63.65	65.67
233	10	3	59	20	4	50	inf		
233	23	2	98	28	1	50	inf		
234	32	1	461	24	4	250	52.69	50.76	52.69
234	34	2	638	29	4	300	41.33	37.73	41.33
235	31	2	406	33	1	50	267.01	264.83	267.01
235	32	1	465	31	3	300	42.93	40.98	42.93
236	16	2	217	25	3	200	83.03	80.99	83.03
236	20	3	36	34	1	200	74.59	72.83	74.59
236	30	4	319	21	3	300	51.04	47.84	51.04
236	31	2	264	30	1	50	270.48	268.39	270.48
236	33	4	184	26	4	350	48.26	46.30	48.26
237	28	2	654	34	3	350	48.37	45.77	48.37
238	14	3	475	34	4	350	51.25	49.32	51.25
238	18	3	255	18	4	300	56.04	54.04	56.04
238	29	4	541	31	1	100	139.82	136.05	139.82
238	35	4	458	26	2	300	51.21	49.26	51.21
239	12	2	44	17	4	400	inf		
239	19	2	404	22	4	150	inf		
239	19	4	169	21	2	300	inf		
239	25	4	20	2	3	350	inf		
239	30	4	757	34	2	300	inf		
240	18	4	368	21	2	100	152.84	149.00	152.84
240	31	4	447	23	4	350	49.58	46.61	49.58
242	9	2	118	27	3	250	66.54	64.73	66.54
242	22	4	525	34	1	300	45.31	43.22	45.31
242	25	4	544	27	4	150	100.45	97.66	100.45
242	27	3	28	20	2	350	47.06	45.46	47.06
243	18	1	67	26	2	150	102.14	100.37	102.14
243	24	3	104	31	4	150	85.00	83.22	85.00
243	27	1	67	31	3	150	196.30	194.51	196.30
243	27	4	325	18	2	200	76.78	74.86	76.78
244	15	1	338	32	4	300	61.87	59.91	61.87
244	28	3	234	26	2	50	156.46	154.69	156.46
244	30	1	372	28	4	200	76.34	73.77	76.34
245	22	1	38	16	1	300	50.64	48.86	50.64
245	22	2	81	13	2	150	96.19	94.53	96.19
245	27	3	135	10	4	100	150.79	149.12	150.79
245	27	4	366	26	1	200	65.49	63.38	65.49
245	29	2	323	35	4	200	46.67	43.90	46.67
246	15	2	231	24	4	300	55.42	53.55	55.42
246	31	3	615	35	2	400	38.64	36.67	38.64
246	34	2	600	31	1	250	42.36	40.28	42.36
247	17	4	35	32	2	400	40.49	38.70	40.49
247	31	3	342	20	4	100	88.65	86.89	88.65
247	32	4	165	9	2	50	117.58	116.02	117.58
248	14	3	186	34	4	400	44.17	41.94	44.17
248	22	3	512	33	3	100	113.35	110.47	113.35
248	22	4	271	25	2	300	51.51	49.56	51.51
248	25	3	441	32	2	200	33.53	31.62	33.53
248	32	1	481	31	4	400	38.33	36.23	38.33
249	24	1	561	28	1	200	53.21	52.13	53.21
249	33	2	361	31	4	250	48.87	46.91	48.87
249	34	3	470	33	1	300	44.90	43.05	44.90
250	24	1	76	33	1	250	33.02	31.36	33.02
250	25	2	112	32	1	400	33.02	31.08	33.02
251	19	1	102	24	4	300	inf		
251	25	3	521	29	1	350	inf		
251	26	2	282	16	2	400	inf		
251	34	4	125	17	2	200	inf		
251	35	1	241	22	3	100	inf		
252	19	4	328	22	3	100	118.34	116.51	118.34
252	34	1	303	26	2	350	43.15	41.56	43.15
253	21	2	352	28	4	150	92.44	89.93	92.44
253	25	4	168	9	3	150	34.47	32.74	34.47
253	28	1	134	9	4	350	34.52	32.90	34.52
253	29	2	92	4	4	100	77.15	75.50	77.15
253	30	4	189	28	3	50	183.82	181.90	183.82
253	33	2	70	8	3	100	43.87	42.34	43.87
254	13	2	208	26	1	200	73.64	71.70	73.64
254	16	4	393	27	4	100	131.19	128.96	131.19
254	20	4	369	35	4	150	48.06	46.15	48.06
254	29	1	223	25	4	400	45.58	43.66	45.58
254	33	2	172	34	1	300	inf		
255	21	4	167	17	2	350	35.40	33.78	35.40
255	23	2	572	31	4	50	67.44	65.33	67.44
255	29	1	224	31	2	50	79.24	77.47	79.24
255	35	2	688	32	3	200	44.36	41.60	44.36
256	16	2	111	8	4	50	263.45	260.81	263.45
257	12	3	142	32	4	100	inf		
257	15	2	154	31	1	250	inf		
257	22	2	265	33	2	150	inf		
257	29	1	456	20	4	350	inf		
257	34	2	428	24	2	100	inf		
257	35	1	625	29	1	100	inf		
258	20	4	434	31	1	400	33.56	31.69	33.56
258	24	2	565	29	1	350	36.62	33.33	36.62
258	28	4	725	33	3	250	37.90	35.40	37.90
259	10	2	116	33	3	250	59.29	57.47	59.29
259	14	2	274	31	1	300	40.42	37.18	40.42
259	32	1	137	6	3	350	37.16	35.75	37.16
260	34	3	329	18	1	400	37.81	36.02	37.81
261	10	3	34	27	4	300	43.39	41.62	43.39
261	11	3	132	32	2	350	30.11	28.26	30.11
261	19	4	49	7	2	50	166.80	165.34	166.80
261	20	2	52	32	1	350	32.62	30.85	32.62
261	21	4	602	35	4	350	36.09	34.00	36.09
262	24	2	421	24	4	350	inf		
262	27	3	54	26	2	50	inf		
262	35	4	373	20	2	50	inf		
263	26	2	6	1	4	200	inf		
263	29	3	642	30	3	400	inf		
263	33	2	528	24	4	200	inf		
263	33	3	310	31	4	50	inf		
264	26	3	232	29	3	300	38.60	36.53	38.60
264	34	1	65	23	3	400	37.44	35.71	37.44
265	26	1	348	23	3	350	39.54	37.83	39.54
265	29	1	128	23	3	50	53.11	51.34	53.11
265	35	1	265	26	2	150	42.70	38.93	42.70
266	14	2	289	24	1	100	39.75	37.68	39.75
266	35	4	232	27	3	100	39.57	37.89	39.57
267	16	3	121	9	4	100	57.54	56.01	57.54
267	24	2	93	11	1	350	37.12	35.74	37.12
267	26	1	68	15	3	200	44.35	42.60	44.35
268	13	4	223	34	1	250	34.56	32.33	34.56
268	19	1	69	34	2	150	38.84	37.04	38.84
269	12	2	47	9	3	250	inf		
270	20	1	187	35	3	100	30.56	28.73	30.56
270	20	1	269	24	2	50	44.49	42.54	44.49
270	21	2	67	22	4	400	34.89	33.11	34.89
270	21	4	37	7	3	350	34.20	32.84	34.20
270	26	1	537	30	4	300	33.02	31.03	33.02
270	28	1	188	30	4	400	38.11	36.24	38.11
271	35	4	358	21	4	200	inf		
272	22	2	198	35	3	50	33.09	31.28	33.09
272	34	4	238	16	2	50	48.17	46.44	48.17
273	34	4	65	20	2	250	43.14	41.36	43.14
274	13	1	122	14	4	300	inf		
274	14	3	219	21	2	250	inf		
274	26	2	364	35	4	250	inf		
274	30	1	407	24	3	350	inf		
274	32	2	10	4	1	350	inf		
275	13	2	46	13	3	150	30.41	28.64	30.41
275	13	4	192	20	3	50	36.44	34.61	36.44
275	15	4	217	27	3	150	29.36	27.61	29.36
275	21	4	235	18	4	400	30.31	28.55	30.31
276	15	4	342	30	2	200	29.00	27.11	29.00
276	24	4	20	6	2	250	36.05	34.57	36.05
276	26	3	42	23	1	150	32.12	30.36	32.12
276	28	2	292	19	3	350	32.88	31.26	32.88
277	25	2	113	15	4	400	inf		
277	27	4	210	10	2	100	inf		
277	31	3	694	33	2	200	inf		
277	33	4	180	22	4	300	inf		
278	12	2	54	35	2	300	inf		
278	27	2	194	15	2	50	inf		
278	30	4	235	13	1	50	inf		
279	18	4	61	35	1	150	31.94	30.16	31.94
279	21	4	183	17	2	150	30.47	28.68	30.47
279	24	3	461	35	2	50	38.87	36.25	38.87
279	26	4	350	21	2	250	143.57	141.60	143.57
280	15	3	273	30	2	250	29.01	27.13	29.01
280	16	4	19	18	4	350	29.63	28.11	29.63
280	23	3	378	30	4	400	30.41	28.57	30.41
282	18	2	407	31	2	50	38.81	36.42	38.81
283	12	3	101	13	1	150	inf		
283	33	3	677	33	2	150	inf		
283	35	2	271	29	4	300	inf		
284	11	1	43	31	2	150	38.72	36.96	38.72
284	11	3	79	25	4	100	38.68	36.86	38.68
284	17	1	209	20	2	250	35.88	33.63	35.88
284	35	2	403	21	3	400	46.34	44.76	46.34
285	24	1	276	19	4	200	38.86	34.90	38.86
285	24	3	10	6	2	100	74.44	72.99	74.44
285	32	2	232	25	2	200	35.13	32.95	35.13
285	32	3	88	4	3	100	131.46	129.83	131.46
286	21	3	267	27	4	50	31.75	29.92	31.75
286	31	1	358	26	1	200	39.65	37.63	39.65
286	31	3	50	31	1	350	34.06	32.30	34.06
287	23	2	273	21	1	400	36.59	34.74	36.59
287	23	4	272	17	2	50	38.00	36.23	38.00
287	32	3	406	27	1	250	39.32	37.21	39.32
287	34	4	187	11	3	350	37.84	36.44	37.84
288	15	1	238	29	1	150	29.32	27.53	29.32
288	25	3	72	28	2	350	29.92	28.36	29.92
288	27	4	496	34	4	400	32.35	30.07	32.35
288	29	1	37	4	2	200	33.54	32.21	33.54
288	32	2	45	9	1	250	35.67	35.67	35.47
288	33	2	350	34	2	50	45.56	43.77	45.56
289	20	1	304	34	3	150	31.20	29.12	31.20
289	31	3	26	19	2	150	36.02	34.30	36.02
290	26	2	343	18	1	200	36.24	34.42	36.24
290	30	2	42	33	4	300	34.11	32.42	34.11
292	12	2	116	32	4	150	40.13	38.35	40.13
292	26	4	229	35	1	300	42.32	40.14	42.32
292	27	1	46	30	3	150	42.71	40.97	42.71
292	30	1	70	15	2	300	38.27	36.49	38.27
292	31	2	64	28	4	200	39.13	37.34	39.13
293	15	2	195	26	2	400	inf		
293	22	3	45	31	3	400	inf		
293	32	4	192	19	2	400	inf		
293	33	3	329	32	2	300	inf		
293	35	3	414	19	4	400	inf		
294	11	2	16	5	4	150	39.51	37.98	39.51
294	24	1	90	26	1	100	37.55	35.81	37.55
294	28	4	293	27	1	300	32.88	31.03	32.88
294	29	1	686	34	1	250	33.18	31.72	33.18
294	34	2	179	25	3	300	41.14	39.31	41.14
295	21	3	78	19	4	50	51.34	49.57	51.34
295	30	3	272	15	1	150	42.45	40.61	42.45
296	19	2	260	19	3	100	36.40	34.37	36.40
296	19	4	215	35	3	200	30.34	28.00	30.34
296	27	4	61	29	2	100	40.56	38.81	40.56
296	32	4	435	34	1	300	40.31	38.47	40.31
296	33	3	253	35	4	300	38.22	36.35	38.22
297	22	2	284	35	3	50	121.41	119.92	121.41
298	14	4	53	10	4	300	inf		
298	19	3	195	35	2	200	inf		
299	14	3	232	32	1	250	35.89	32.58	35.89
299	32	2	78	23	1	150	40.49	38.99	40.49
299	35	1	164	23	1	100	42.42	40.69	42.42
300	22	2	88	35	2	300	30.27	28.44	30.27
300	27	1	373	28	2	200	32.23	30.24	32.23
301	35	3	432	21	3	400	42.65	40.80	42.65
302	22	4	327	28	2	200	inf		
302	33	1	308	18	1	350	inf		
304	20	2	218	20	1	200	34.51	32.58	34.51
304	24	1	223	31	2	200	36.08	34.25	36.08
304	24	2	94	34	3	200	35.49	33.68	35.49
304	30	3	305	32	2	400	38.67	36.77	38.67
306	23	3	77	28	2	400	28.77	27.02	28.77
306	23	3	376	21	1	200	122.41	120.11	122.41
306	28	4	128	9	3	150	30.90	29.30	30.90
307	20	1	412	31	4	100	inf		
307	21	1	390	33	3	250	inf		
307	32	1	193	9	2	150	inf		
308	21	4	335	32	2	150	35.21	33.03	35.21
308	26	2	164	34	4	50	34.34	32.72	34.34
308	26	2	314	19	1	50	34.40	32.64	34.40
308	30	3	207	15	1	300	39.14	37.00	39.14
308	31	2	565	31	3	300	34.83	32.78	34.83
308	31	3	93	34	1	300	33.45	31.67	33.45
308	34	4	534	26	2	300	37.55	35.20	37.55
309	18	4	306	24	1	100	39.74	37.93	39.74
309	28	4	194	21	4	300	43.34	41.41	43.34
309	34	2	75	13	4	300	42.81	41.11	42.81
309	34	2	401	23	4	400	48.55	46.45	48.55
310	35	1	396	29	1	300	35.61	33.76	35.61
311	25	2	177	11	2	300	inf		
311	28	4	105	31	4	300	inf		
312	25	3	459	25	4	150	34.98	33.07	34.98
313	13	2	79	22	2	350	inf		
313	14	2	78	23	2	200	inf		
313	18	3	285	29	1	100	inf		
313	23	1	180	32	4	100	inf		
314	19	3	190	18	4	350	inf		
314	32	4	310	24	4	400	inf		
314	32	4	163	22	4	400	inf		
314	34	1	175	33	4	250	inf		
314	34	1	638	32	3	300	inf		
315	21	3	214	32	4	300	33.57	31.72	33.57
315	22	3	261	34	1	50	36.60	34.60	36.60
315	25	1	547	33	4	50	35.43	33.54	35.43
316	19	4	385	30	4	100	38.65	36.18	38.65
318	23	1	218	26	1	100	36.39	34.35	36.39
318	24	2	30	16	2	150	37.80	36.01	37.80
318	34	3	153	26	1	50	48.79	46.49	48.79
318	35	3	209	31	2	400	41.88	40.02	41.88
319	18	1	311	25	1	100	53.21	29.74	53.21
320	17	3	338	27	1	50	35.34	33.53	35.34
320	19	2	322	28	2	250	33.57	31.66	33.57
320	24	3	92	23	1	400	30.10	28.30	30.10
320	33	3	165	9	4	350	34.84	32.03	34.84
320	35	2	191	25	4	200	41.35	39.54	41.35
320	35	3	635	31	3	300	36.27	33.95	36.27
321	31	1	524	26	4	50	48.03	45.90	48.03
321	32	3	471	29	3	150	45.72	43.79	45.72
322	29	4	203	33	3	350	35.88	34.24	35.88
322	33	4	170	31	4	400	33.40	31.57	33.40
322	34	1	171	35	4	100	42.33	40.53	42.33
323	19	1	170	16	4	250	34.46	32.62	34.46
323	24	3	124	18	2	100	36.70	33.67	36.70
323	24	4	150	17	2	100	36.01	34.10	36.01
323	32	1	188	25	3	100	41.26	39.44	41.26
323	35	2	66	12	3	50	44.21	42.59	44.21
324	35	1	127	22	4	350	34.86	33.13	34.86
325	32	1	501	34	1	150	35.15	32.43	35.15
326	16	3	98	15	2	400	inf		
326	17	3	214	20	3	50	inf		
326	19	2	450	33	3	300	inf		
326	21	4	91	15	4	300	inf		
328	26	4	82	23	2	400	36.33	34.48	36.33
329	26	3	225	12	4	400	31.59	29.86	31.59
329	30	2	352	22	2	400	38.70	36.71	38.70
329	33	2	269	32	3	100	43.48	41.26	43.48
330	15	3	76	29	3	100	32.41	30.64	32.41
331	18	3	25	3	2	400	inf		
331	20	3	131	14	4	150	inf		
331	28	2	61	33	1	200	inf		
331	33	3	413	20	2	400	inf		
332	17	1	44	5	2	50	52.98	51.50	52.98
332	31	1	22	19	3	250	37.90	36.44	37.90
333	34	2	228	26	2	350	35.30	33.76	35.30
334	12	2	30	28	3	250	inf		
334	31	2	475	34	3	400	inf		
335	35	4	489	32	4	250	39.49	36.69	39.49
336	20	2	288	32	2	100	33.33	31.52	33.33
337	22	3	195	31	3	150	inf		
338	20	3	191	28	3	400	33.87	30.84	33.87
338	23	3	264	32	4	400	33.71	31.90	33.71
339	20	1	425	30	2	150	41.48	38.67	41.48
339	24	2	42	13	2	250	41.43	39.70	41.43
339	26	1	27	21	3	100	43.55	41.86	43.55
339	28	3	470	32	2	400	44.27	42.30	44.27
339	33	3	514	35	1	350	41.47	39.00	41.47
340	29	4	356	33	1	250	41.67	39.81	41.67
341	14	1	39	22	4	250	32.86	30.90	32.86
341	19	2	234	23	3	200	33.00	31.05	33.00
342	19	3	105	20	2	300	31.69	29.91	31.69
342	31	3	114	29	1	150	33.46	31.71	33.46
342	31	4	372	32	1	400	38.31	34.94	38.31
343	20	2	260	20	2	50	35.86	33.87	35.86
343	28	2	60	34	1	300	32.84	31.09	32.84
343	32	4	267	31	4	400	39.46	39.23	39.46
344	18	4	389	35	1	400	29.14	27.22	29.14
344	24	2	158	21	4	150	30.70	28.91	30.70
344	34	1	81	27	4	400	40.82	39.06	40.82
345	20	3	340	33	2	400	32.76	30.90	32.76
345	33	4	198	14	4	300	32.49	30.71	32.49
346	26	4	288	33	2	350	inf		
346	29	1	165	15	1	100	inf		
346	30	3	119	18	4	200	inf		
346	31	1	243	30	4	200	inf		
347	32	2	169	19	2	200	inf		
348	16	1	144	25	3	50	38.53	36.77	38.53
348	24	3	181	18	4	300	33.50	31.63	33.50
348	31	3	443	25	3	300	36.87	35.06	36.87
349	33	2	195	23	4	50	inf		
349	35	2	350	32	1	100	inf		
350	16	2	42	30	2	150	32.36	30.65	32.36
350	29	4	243	17	2	300	35.80	33.98	35.80
351	34	3	73	27	3	250	36.08	34.37	36.08
353	33	4	213	26	4	350	inf		
354	24	4	237	26	2	200	36.34	34.49	36.34
354	25	3	541	33	3	350	33.79	30.54	33.79
354	35	1	227	26	1	50	46.30	44.45	46.30
355	30	2	102	7	3	250	134.75	133.27	134.75
356	30	2	136	23	3	50	46.16	44.39	46.16
356	30	4	177	14	2	200	42.93	41.26	42.93
358	26	3	235	23	4	200	inf		
358	34	1	167	20	3	300	inf		
359	22	2	287	20	2	150	inf		
359	35	3	529	27	1	100	inf		
360	24	3	160	29	1	100	34.83	33.05	34.83
360	29	4	40	28	3	300	36.90	35.15	36.90
360	30	4	199	21	3	200	37.31	35.47	37.31
362	20	3	176	27	3	400	inf		
362	22	3	438	33	2	300	inf		
362	23	2	107	35	2	250	inf		
362	28	4	219	19	1	150	inf		
362	32	3	101	24	2	300	inf		
363	33	1	138	33	3	50	44.37	42.62	44.37
363	34	3	267	29	3	50	38.84	37.06	38.84
364	18	2	136	27	2	350	32.47	30.85	32.47
366	14	4	106	29	3	300	34.27	32.50	34.27
366	24	4	60	30	1	350	36.05	34.50	36.05
366	29	3	325	25	4	50	44.59	40.87	44.59
366	32	2	323	24	4	300	35.26	33.47	35.26
366	33	2	322	29	1	300	37.39	35.50	37.39
367	34	1	181	32	4	150	inf		
368	20	2	89	34	1	400	34.33	32.60	34.33
368	21	2	402	35	3	100	34.36	32.06	34.36
368	32	1	103	21	1	50	45.71	43.99	45.71
369	23	4	63	8	4	250	33.79	32.24	33.79
369	31	2	392	28	2	50	40.09	37.60	40.09
369	32	4	76	8	1	150	40.33	38.83	40.33
370	21	1	228	32	1	150	34.79	33.02	34.79
370	24	4	21	14	3	200	35.35	33.64	35.35
370	27	1	36	34	1	400	35.44	33.68	35.44
370	33	1	63	26	4	300	33.11	31.39	33.11
371	21	1	270	27	3	200	33.71	31.81	33.71
371	27	4	89	9	1	200	37.34	35.83	37.34
371	29	3	342	27	4	50	41.82	40.05	41.82
372	17	3	121	25	1	350	30.54	28.92	30.54
372	25	2	171	21	2	50	39.76	37.99	39.76
372	28	2	86	23	2	300	30.20	28.39	30.20
372	34	3	503	29	3	400	34.40	33.10	34.40
373	24	1	153	20	2	400	inf		
373	35	1	432	28	3	300	inf		
373	35	2	100	14	3	300	inf		
374	27	4	545	31	4	250	35.79	33.08	35.79
374	30	3	330	24	1	400	36.06	34.22	36.06
374	32	3	233	33	2	100	38.98	37.15	38.98
374	34	3	443	34	3	50	46.09	43.56	46.09
375	21	4	364	29	2	250	32.39	30.51	32.39
375	24	4	10	7	4	50	156.85	155.09	156.85
375	25	3	271	33	4	50	36.36	34.61	36.36
376	18	1	55	23	4	200	32.98	31.21	32.98
376	20	3	44	8	4	250	33.34	31.81	33.34
376	27	3	175	20	3	400	35.92	34.08	35.92
376	33	4	383	23	1	350	33.94	32.01	33.94
377	22	1	117	16	2	100	35.01	33.23	35.01
377	26	4	158	31	3	100	35.15	33.40	35.15
378	28	3	202	31	3	400	35.02	33.17	35.02
378	31	1	179	32	3	150	37.54	35.73	37.54
379	21	2	258	25	1	300	inf		
379	30	1	43	16	3	300	inf		
379	32	2	310	17	3	400	inf		
379	34	4	81	13	1	250	inf		
381	18	3	295	33	4	50	40.87	39.04	40.87
381	21	3	271	25	4	300	40.05	38.17	40.05
382	21	1	37	35	1	100	inf		
382	29	2	381	23	4	400	inf		
382	33	3	317	33	2	100	inf		
383	20	1	274	26	1	200	inf		
383	32	4	42	25	2	250	inf		
383	32	4	79	7	3	200	inf		
384	35	2	328	26	4	350	35.65	34.04	35.65
385	33	1	275	35	1	250	37.41	35.56	37.41
385	33	3	83	7	1	50	43.13	40.63	43.13
385	34	3	612	32	1	200	36.61	32.97	36.61
386	22	3	77	27	2	150	inf		
386	23	4	373	34	1	400	inf		
386	24	1	387	35	3	150	inf		
387	32	4	529	35	1	100	37.86	34.93	37.86
388	23	1	86	24	1	100	39.66	37.89	39.66
388	24	3	113	28	3	300	38.86	37.10	38.86
388	27	2	244	23	3	150	40.85	38.88	40.85
389	26	4	48	21	4	300	inf		
390	22	3	262	22	3	100	32.31	30.52	32.31
390	25	2	423	28	1	200	32.89	30.77	32.89
390	31	2	163	26	1	50	41.84	39.96	41.84
392	27	3	136	27	3	150	39.97	38.19	39.97
392	28	4	372	31	4	400	35.24	33.38	35.24
393	27	2	41	22	2	100	inf		
393	27	2	77	15	3	400	inf		
393	35	3	589	33	4	300	inf		
394	22	1	360	33	1	200	inf		
394	23	2	207	35	1	150	inf		
395	28	3	47	3	4	300	37.63	36.29	37.63
396	19	2	92	10	1	300	31.37	29.74	31.37
396	21	1	253	22	3	150	33.22	30.83	33.22
396	28	1	293	30	2	250	36.14	34.24	36.14
396	29	3	217	20	4	350	31.53	29.91	31.53
397	23	4	248	18	1	250	inf		
397	28	4	476	31	4	50	inf		
397	31	1	84	18	1	250	inf		
397	34	3	51	22	3	50	inf		
397	34	4	228	27	1	100	inf		
398	18	4	25	18	3	300	inf		
398	19	1	107	24	3	300	inf		
398	21	3	407	34	4	50	inf		
398	21	3	153	31	2	400	inf		
399	32	1	223	20	1	50	45.10	41.37	45.10
401	27	4	85	28	1	200	inf		
402	25	4	40	27	3	400	36.19	34.44	36.19
402	26	2	111	19	2	150	37.19	35.48	37.19
402	26	3	89	31	4	100	38.35	36.60	38.35
402	33	4	225	22	4	250	39.90	38.11	39.90
403	21	2	152	18	3	300	32.20	30.33	32.20
403	28	4	37	32	2	150	35.72	33.95	35.72
404	21	1	76	11	1	350	37.04	35.63	37.04
404	32	4	357	29	1	200	43.55	41.52	43.55
404	35	4	111	17	3	50	53.86	51.06	53.86
405	29	4	59	13	4	300	35.71	34.06	35.71
405	33	4	488	30	3	300	39.28	36.35	39.28
405	35	1	42	6	3	300	35.30	33.87	35.30
406	17	3	150	28	2	250	30.93	29.19	30.93
406	28	2	121	24	4	400	35.12	33.33	35.12
407	22	3	262	21	4	100	33.38	31.42	33.38
410	21	4	280	35	4	200	32.72	30.73	32.72
410	29	1	437	28	4	300	35.88	33.87	35.88
410	34	2	125	29	3	300	38.75	37.18	38.75
410	34	3	56	32	2	50	59.84	58.10	59.84
411	18	2	114	13	3	200	inf		
411	24	2	281	27	4	100	inf		
411	27	2	120	19	1	100	inf		
411	32	3	110	16	2	150	inf		
411	32	4	249	14	1	250	inf		
413	35	4	68	24	1	200	41.80	40.04	41.80
414	31	4	229	28	2	100	36.76	34.95	36.76
414	32	2	126	33	1	250	36.21	34.36	36.21
415	26	3	420	34	1	50	39.34	37.13	39.34
416	27	3	254	17	3	100	34.85	33.03	34.85
416	29	4	196	13	1	50	40.90	39.04	40.90
417	17	2	178	27	1	350	inf		
417	30	2	43	15	2	300	inf		
417	30	2	94	30	4	350	inf		
417	31	4	257	30	3	200	inf		
418	27	1	54	16	3	50	56.54	54.83	56.54
418	27	4	199	15	3	300	33.83	32.00	33.83
418	34	4	61	13	1	150	40.71	39.08	40.71
419	31	2	298	32	2	150	inf		
420	18	2	138	20	2	100	33.46	30.38	33.46
420	34	3	42	12	4	200	39.47	37.82	39.47
421	22	4	30	23	1	50	inf		
422	32	1	188	33	4	400	inf		
422	33	3	64	17	3	350	inf		
422	35	2	474	27	2	400	inf		
423	19	2	160	18	4	150	32.59	30.81	32.59
423	29	1	141	33	3	350	36.19	34.39	36.19
423	29	3	284	28	4	400	35.89	33.71	35.89
423	31	1	120	35	3	250	36.45	34.69	36.45
423	32	4	289	24	1	200	39.14	36.90	39.14
424	23	2	82	7	1	100	33.99	32.52	33.99
424	33	2	121	21	1	200	39.47	37.67	39.47
424	35	4	345	31	1	250	39.96	38.12	39.96
425	35	3	205	27	3	150	39.56	37.82	39.56
426	24	2	238	18	2	300	35.64	33.76	35.64
426	25	3	238	18	1	300	36.39	34.56	36.39
427	20	4	36	24	3	400	34.27	32.55	34.27
427	21	4	124	32	1	300	33.76	31.91	33.76
427	32	3	136	11	4	400	38.28	36.58	38.28
428	21	4	153	27	4	350	37.76	36.15	37.76
428	35	1	260	18	3	400	44.05	42.29	44.05
429	18	3	50	17	1	150	30.53	28.79	30.53
429	26	2	207	23	2	250	33.63	31.69	33.63
430	16	1	122	25	4	100	32.70	30.94	32.70
430	23	1	88	10	4	300	27.23	25.62	27.23
430	33	1	52	12	3	400	37.26	35.59	37.26
431	21	4	42	24	4	100	inf		
431	23	3	255	20	1	200	inf		
431	30	3	450	31	2	150	inf		
431	33	2	421	34	4	50	inf		
432	16	3	15	15	2	200	37.86	36.13	37.86
432	20	3	320	34	4	400	31.56	29.71	31.56
432	24	2	280	23	3	200	32.74	30.88	32.74
432	27	3	280	33	1	100	34.42	32.75	34.42
432	33	4	13	3	4	100	66.54	65.23	66.54
433	16	4	39	34	3	300	inf		
433	20	4	33	28	4	300	inf		
433	24	4	37	5	3	350	inf		
433	30	4	44	20	4	250	inf		
433	32	3	529	35	1	350	inf		
434	24	3	240	33	2	300	33.10	30.74	33.10
434	31	1	233	16	1	250	36.54	34.51	36.54
436	18	4	41	27	1	200	36.70	34.91	36.70
436	20	4	104	12	2	400	37.24	35.39	37.24
437	30	2	64	7	3	400	36.51	34.98	36.51
438	20	3	52	17	3	100	36.52	34.84	36.52
438	22	3	45	34	4	400	35.76	34.00	35.76
438	25	4	312	30	4	250	36.54	34.69	36.54
438	33	1	279	35	1	100	42.48	40.69	42.48
438	33	2	87	31	4	350	39.44	37.98	39.44
438	35	2	29	19	2	400	40.76	38.98	40.76
439	22	2	104	12	3	250	inf		
440	22	3	220	23	1	250	33.27	31.42	33.27
440	30	2	389	35	3	100	38.25	35.18	38.25
440	32	3	312	34	2	200	37.42	35.57	37.42
440	33	1	59	10	2	300	37.48	35.95	37.48
441	24	4	29	3	4	300	31.76	30.43	31.76
441	34	1	206	23	1	100	40.21	38.22	40.21
442	19	1	120	28	1	50	46.37	44.60	46.37
442	31	3	232	28	4	400	35.35	33.51	35.35
442	34	3	85	25	3	50	51.76	49.95	51.76
443	28	4	240	35	1	400	inf		
443	29	1	385	26	4	350	inf		
444	22	3	73	28	3	150	32.57	30.83	32.57
445	26	2	95	30	1	300	41.91	40.19	41.91
445	33	3	506	30	4	350	40.59	38.85	40.59
446	35	1	157	19	4	250	inf		
447	32	2	99	20	2	350	inf		
447	33	1	49	25	2	200	inf		
447	34	1	185	20	2	100	inf		
450	18	4	75	25	3	400	29.76	28.74	29.76
450	29	3	189	35	4	100	35.68	33.60	35.68
451	24	1	153	31	3	300	33.04	31.02	33.04
451	33	4	324	26	2	150	38.66	36.86	38.66
452	26	1	86	13	4	300	40.00	38.26	40.00
452	28	2	139	16	1	150	41.62	39.69	41.62
452	29	1	57	18	4	100	42.45	40.77	42.45
453	32	4	140	24	4	400	inf		
454	17	1	63	27	1	300	inf		
455	29	1	114	15	1	50	47.46	45.73	47.46
455	29	4	359	30	2	250	35.15	33.30	35.15
456	18	4	121	23	1	200	30.43	28.48	30.43
457	21	4	332	34	1	50	inf		
457	25	3	104	19	1	250	inf		
457	33	4	148	33	2	350	inf		
458	19	3	58	11	1	50	inf		
458	33	4	430	26	3	350	inf		
458	34	3	89	12	2	150	inf		
459	33	4	30	15	2	350	35.97	34.43	35.97
460	22	3	62	11	2	50	54.41	52.78	54.41
460	24	2	273	32	2	350	32.54	30.83	32.54
460	27	3	218	28	3	400	33.54	31.74	33.54
461	30	1	130	32	4	100	inf		
462	30	3	171	27	3	350	33.61	31.94	33.61
463	33	4	340	32	2	250	inf		
464	22	3	22	9	1	350	30.58	30.58	30.17
465	22	3	249	32	4	350	31.21	29.58	31.21
465	29	2	419	34	2	150	35.58	33.47	35.58
469	22	3	222	29	3	50	43.79	41.99	43.79
469	28	2	190	34	3	250	36.11	34.16	36.11
470	34	4	441	28	1	350	42.79	40.84	42.79
471	25	3	94	27	4	150	inf		
471	27	3	98	12	4	50	inf		
472	26	3	16	14	1	50	123.26	121.57	123.26
472	27	1	137	25	3	50	48.31	46.55	48.31
473	31	2	55	26	2	150	38.74	37.00	38.74
473	33	4	126	21	3	300	39.17	36.46	39.17
474	25	3	35	7	1	150	39.17	37.67	39.17
474	29	3	374	29	4	300	37.99	35.95	37.99
474	35	4	306	21	1	300	41.04	39.06	41.04
475	23	3	41	4	1	400	31.46	30.06	31.46
475	30	3	219	26	3	250	34.81	32.99	34.81
475	33	4	319	23	1	250	36.68	34.71	36.68
476	25	3	149	31	3	300	32.94	30.96	32.94
476	33	3	446	35	3	300	37.58	35.08	37.58
477	23	4	148	31	2	250	32.97	31.06	32.97
479	28	1	345	30	1	150	inf		
481	28	3	299	26	1	300	35.17	31.89	35.17
483	23	3	129	22	1	100	33.22	30.21	33.22
483	29	4	300	23	4	300	38.05	36.08	38.05
484	30	1	76	14	1	50	53.97	52.26	53.97
484	31	4	221	28	4	350	36.57	34.72	36.57
484	34	3	46	4	4	350	36.66	35.53	36.66
485	28	4	49	15	2	350	37.64	36.24	37.64
485	30	3	426	35	4	350	38.34	36.41	38.34
486	26	2	32	20	3	350	33.13	31.56	33.13
486	26	4	52	13	1	400	32.76	30.87	32.76
487	30	1	159	16	1	300	inf		
487	32	1	82	26	1	300	inf		
488	22	3	203	34	2	200	37.38	34.94	37.38
490	35	3	198	32	1	50	58.56	56.69	58.56
491	29	3	78	8	3	150	inf		
491	30	2	125	14	1	150	inf		
491	31	2	230	16	4	150	inf		
492	21	3	180	29	3	400	31.39	29.54	31.39
492	22	1	164	30	2	300	31.66	29.80	31.66
492	30	1	294	25	3	100	36.84	34.90	36.84
492	31	1	299	22	3	100	37.38	35.66	37.38
493	29	4	178	27	2	250	35.19	33.36	35.19
494	32	3	242	19	1	50	47.53	43.84	47.53
494	34	3	151	17	2	200	38.61	36.88	38.61
495	33	3	420	35	2	350	36.05	34.37	36.05
497	26	3	177	27	3	200	37.43	35.68	37.43
497	33	4	44	14	1	400	39.66	37.97	39.66
498	29	3	389	29	1	50	48.00	46.12	48.00
498	33	1	50	34	2	400	39.68	37.96	39.68
499	30	2	254	26	2	100	inf		
501	24	3	154	21	3	150	inf		
501	28	4	171	33	4	350	inf		
501	34	4	362	27	2	50	inf		
502	20	1	84	33	2	350	inf		
502	32	2	167	25	2	100	inf		
503	25	4	95	25	2	350	inf		
504	27	2	44	25	2	250	33.44	31.66	33.44
504	28	2	261	33	1	300	33.64	31.70	33.64
506	31	2	157	12	2	300	34.87	33.21	34.87
507	19	4	46	29	1	100	41.21	39.46	41.21
507	29	4	208	16	1	400	33.60	31.81	33.60
507	33	1	48	13	2	250	37.70	35.03	37.70
507	35	2	143	10	2	400	38.17	36.58	38.17
509	27	1	96	29	1	250	inf		
511	23	1	252	30	2	150	34.61	32.78	34.61
511	33	1	283	23	1	100	42.16	40.40	42.16
512	26	2	29	29	4	150	36.48	34.75	36.48
513	30	3	102	22	3	100	36.20	34.56	36.20
513	34	4	376	33	2	50	47.71	45.30	47.71
514	29	1	154	12	3	350	inf		
515	28	2	150	25	3	300	37.37	35.40	37.37
516	26	2	77	35	1	150	34.68	32.91	34.68
516	30	3	249	27	3	400	36.64	33.30	36.64
516	30	4	99	10	4	150	35.62	34.07	35.62
516	33	3	304	31	4	250	37.56	35.66	37.56
517	24	2	49	6	4	250	34.10	32.65	34.10
520	30	1	387	30	1	50	49.93	47.41	49.93
521	32	4	42	22	3	100	inf		
522	27	3	123	11	4	300	inf		
523	30	1	296	33	3	50	inf		
524	28	4	76	7	1	250	inf		
524	32	1	344	27	4	250	inf		
525	23	1	125	23	4	250	31.51	29.76	31.51
525	26	3	282	33	2	150	37.38	35.42	37.38
525	34	2	48	17	3	350	63.99	55.33	63.99
528	22	2	187	28	2	100	34.46	32.49	34.46
530	21	1	149	33	1	350	31.14	29.32	31.14
531	30	1	164	32	3	50	56.56	54.82	56.56
532	34	4	42	19	3	400	37.29	35.62	37.29
534	29	1	312	27	2	400	37.40	35.40	37.40
534	34	4	102	23	2	50	57.93	56.23	57.93
536	22	3	83	13	4	250	32.69	30.99	32.69
536	28	1	65	16	1	400	35.29	33.58	35.29
536	33	2	271	19	4	400	37.46	35.65	37.46
536	35	2	196	16	4	100	44.19	42.66	44.19
537	24	1	94	34	3	200	inf		
539	31	3	436	33	4	250	34.96	33.19	34.96
539	32	3	107	27	4	350	34.63	32.98	34.63
539	35	4	105	22	3	300	37.84	36.14	37.84
540	19	4	71	33	1	350	29.91	28.37	29.91
540	24	4	58	20	4	100	42.46	40.74	42.46
541	23	1	201	34	2	300	inf		
541	34	2	40	5	4	50	inf		
543	23	1	94	21	1	350	inf		
543	26	4	189	35	4	200	inf		
544	30	3	147	23	2	400	34.40	32.58	34.40
546	34	1	216	28	3	300	37.69	35.88	37.69
548	33	1	343	27	4	150	inf		
550	30	3	203	22	2	100	35.37	33.60	35.37
552	29	1	54	17	2	350	34.09	32.51	34.09
553	30	2	353	35	4	350	37.14	35.48	37.14
555	27	4	76	15	3	50	67.50	65.79	67.50
555	28	4	97	18	1	150	32.78	31.05	32.78
555	32	3	374	28	2	350	34.55	32.94	34.55
556	20	4	18	14	3	150	inf		
557	29	3	56	15	1	50	inf		
558	30	2	236	23	1	250	33.97	32.16	33.97
559	34	3	226	20	2	250	43.63	41.65	43.63
560	29	4	35	10	2	250	33.81	32.31	33.81
560	33	1	351	28	3	400	35.59	33.79	35.59
562	31	3	230	31	4	50	inf		
562	35	1	83	33	1	400	inf		
563	25	3	38	22	1	250	inf		
564	32	3	320	23	4	300	36.86	34.90	36.86
569	19	4	53	33	4	300	inf		
570	23	3	176	33	1	400	30.70	28.75	30.70
570	31	1	337	27	3	50	55.76	52.26	55.76
570	31	3	286	33	4	200	34.77	32.89	34.77
570	31	3	197	22	1	400	33.78	31.91	33.78
570	33	4	331	32	1	300	35.71	33.88	35.71
571	24	1	64	8	4	350	inf		
571	32	4	192	33	3	300	inf		
571	33	2	36	27	4	50	inf		
571	33	3	115	15	2	50	inf		
575	21	1	18	11	4	250	31.79	30.18	31.79
575	28	4	128	14	4	400	32.46	30.68	32.46
575	33	2	212	34	3	100	39.48	37.65	39.48
576	32	2	160	16	3	50	56.50	54.80	56.50
577	34	4	283	28	3	300	inf		
578	27	4	239	31	4	250	32.86	31.00	32.86
579	30	4	344	30	1	350	inf		
580	27	3	45	6	1	100	41.06	39.60	41.06
580	27	3	197	29	2	150	32.92	31.18	32.92
580	33	1	198	23	3	200	38.08	35.79	38.08
581	24	1	165	27	1	150	34.93	33.11	34.93
581	26	3	67	33	2	350	35.29	33.64	35.29
581	35	4	50	8	1	250	46.22	44.73	46.22
582	21	1	57	26	1	400	34.23	32.49	34.23
582	26	4	163	28	2	150	36.94	35.23	36.94
582	30	3	63	33	1	250	38.65	36.94	38.65
584	27	1	90	25	4	100	37.39	35.67	37.39
584	27	4	22	5	4	250	34.61	33.21	34.61
584	30	2	179	27	4	150	36.93	35.31	36.93
584	33	2	275	25	2	350	37.48	36.08	37.48
585	28	3	53	8	3	400	32.49	30.95	32.49
587	31	4	277	27	3	100	inf		
589	35	2	358	29	4	100	50.57	48.86	50.57
589	35	4	132	33	3	350	38.05	36.28	38.05
590	31	1	318	32	3	50	54.69	52.96	54.69
591	31	4	85	17	3	400	inf		
592	34	3	115	18	3	100	45.77	44.08	45.77
595	31	3	317	31	4	350	34.17	32.71	34.17
596	29	4	48	28	3	250	inf		
597	32	1	21	12	1	350	inf		
598	27	4	123	18	2	200	36.92	35.13	36.92
598	31	1	196	18	3	350	33.83	32.27	33.83
599	35	2	76	22	3	50	inf		
599	35	2	383	29	4	100	inf		
601	27	2	145	27	3	100	inf		
603	34	3	161	22	2	400	38.67	36.82	38.67
604	30	2	192	34	1	250	inf		
604	31	1	106	33	2	300	inf		
604	33	4	56	31	3	150	inf		
605	34	1	70	27	1	200	37.98	36.27	37.98
606	35	4	372	28	2	200	44.45	42.61	44.45
608	32	4	295	25	3	400	35.57	33.83	35.57
609	24	2	127	28	3	250	31.58	29.78	31.58
609	31	1	202	29	2	150	40.79	39.09	40.79
610	22	3	98	27	4	200	32.14	30.28	32.14
610	31	2	196	21	1	400	35.72	33.96	35.72
610	34	4	347	34	2	200	41.35	38.05	41.35
611	34	4	251	27	1	150	40.18	38.36	40.18
611	35	4	81	16	4	250	39.38	37.59	39.38
612	25	4	32	12	4	400	36.62	35.09	36.62
612	34	3	20	20	1	350	37.64	36.04	37.64
613	25	4	109	26	1	100	inf		
613	34	1	244	27	2	200	inf		
616	27	2	65	24	1	300	132.13	132.13	23.25
617	27	4	103	31	1	200	inf		
618	30	3	53	26	2	100	47.25	45.49	47.25
619	23	4	49	27	2	150	inf		
619	24	4	22	13	3	250	inf		
621	33	3	109	34	1	100	41.19	39.50	41.19
623	25	2	72	30	1	200	36.13	34.40	36.13
623	35	2	146	19	1	50	62.76	59.68	62.76
624	26	3	138	31	1	100	35.17	33.35	35.17
624	28	1	119	14	1	50	63.64	61.96	63.64
625	26	3	36	34	1	350	31.00	29.42	31.00
626	34	4	260	26	3	400	inf		
628	34	3	115	31	2	200	inf		
629	28	2	77	33	3	250	33.32	31.70	33.32
631	31	3	316	33	1	300	inf		
631	32	4	55	7	4	250	inf		
632	27	1	10	8	3	350	39.14	37.68	39.14
636	34	1	84	24	3	350	42.10	40.56	42.10
638	30	2	80	35	1	150	36.63	34.93	36.63
638	31	2	135	13	2	100	38.76	35.75	38.76
640	28	3	146	34	4	250	32.16	30.99	32.16
641	23	4	97	34	4	100	inf		
642	32	2	79	22	3	350	43.77	42.31	43.77
646	22	2	51	30	1	250	37.02	35.26	37.02
647	35	3	232	19	1	200	inf		
650	35	2	157	17	1	100	46.04	42.79	46.04
651	31	3	185	32	4	50	68.67	66.66	68.67
655	30	3	101	29	3	100	inf		
656	27	3	41	27	1	300	39.38	37.67	39.38
656	30	2	62	11	4	350	33.06	31.72	33.06
656	35	3	381	32	4	350	43.83	41.05	43.83
659	25	3	25	21	4	150	inf		
660	27	3	136	20	2	300	31.89	30.12	31.89
660	33	1	215	24	4	100	40.30	38.55	40.30
660	35	4	125	26	1	250	43.23	41.56	43.23
661	28	2	190	25	2	350	inf		
661	31	2	45	16	1	300	inf		
661	34	2	76	10	4	350	inf		
662	26	4	55	17	2	50	inf		
664	32	2	111	18	2	400	37.87	35.78	37.87
664	33	3	263	31	2	350	42.78	41.17	42.78
666	29	2	27	27	1	250	35.21	33.48	35.21
666	30	2	218	35	2	100	36.23	34.34	36.23
667	26	1	49	23	3	100	45.35	43.66	45.35
667	31	2	28	7	2	200	36.34	34.91	36.34
668	32	4	297	31	4	150	inf		
674	25	4	50	16	1	250	inf		
675	31	4	123	31	1	400	33.76	32.02	33.76
676	35	2	300	33	2	100	44.47	42.60	44.47
679	33	2	165	20	1	300	39.72	37.76	39.72
683	35	2	29	7	2	50	inf		
685	26	1	91	34	1	300	inf		
686	30	4	95	34	3	400	39.10	37.30	39.10
686	32	3	65	22	2	150	42.02	40.35	42.02
687	29	2	235	34	3	200	inf		
687	29	3	37	32	2	150	inf		
687	31	3	222	25	4	350	inf		
687	35	1	165	32	2	100	inf		
688	24	4	54	19	3	300	31.94	30.23	31.94
688	29	3	147	25	3	350	33.51	31.89	33.51
688	35	2	173	17	2	400	37.83	36.06	37.83
689	30	4	125	15	3	300	33.75	32.23	33.75
689	35	3	131	28	3	300	38.82	37.07	38.82
690	31	3	235	32	1	100	42.13	40.25	42.13
691	35	1	358	31	1	350	inf		
692	32	1	151	34	2	250	inf		
692	33	4	33	31	2	350	inf		
693	34	1	23	5	4	100	62.25	60.87	62.25
698	32	1	15	10	3	250	inf		
700	29	3	208	31	2	300	36.79	34.68	36.79
702	33	1	23	17	2	200	37.94	36.15	37.94
705	34	3	290	31	4	300	37.41	35.63	37.41
706	33	2	95	24	1	150	inf		
707	34	4	96	22	2	400	40.92	39.36	40.92
707	35	4	181	21	2	50	71.86	70.16	71.86
708	33	2	274	34	2	400	36.49	34.49	36.49
709	31	4	58	31	1	300	inf		
709	34	2	282	30	3	300	inf		
709	35	3	190	20	3	150	inf		
710	26	4	67	18	4	250	34.02	32.33	34.02
712	33	4	278	33	3	350	38.49	36.79	38.49
713	25	3	46	19	4	300	32.87	31.16	32.87
714	35	2	215	27	1	200	44.44	42.49	44.44
717	27	1	38	13	2	350	inf		
720	29	3	158	32	1	250	37.34	35.47	37.34
722	34	3	76	22	4	50	85.38	83.70	85.38
724	32	1	107	26	1	200	inf		
729	26	1	83	30	4	400	31.05	29.32	31.05
730	32	3	241	35	3	250	41.75	39.94	41.75
730	33	1	135	27	2	200	39.42	37.95	39.42
730	35	2	112	27	1	200	41.31	39.78	41.31
731	27	2	54	19	1	100	49.16	47.24	49.16
734	26	2	45	29	3	100	inf		
735	31	2	103	27	3	150	36.87	34.19	36.87
736	34	2	215	24	2	250	38.31	36.54	38.31
737	28	2	77	26	4	350	33.56	31.71	33.56
738	34	2	169	30	1	250	41.81	40.02	41.81
740	32	1	137	33	1	100	47.16	45.78	47.16
742	33	2	230	26	3	250	37.30	35.51	37.30
743	34	3	28	17	1	400	inf		
750	33	1	50	23	2	50	95.06	93.40	95.06
752	31	1	98	27	1	250	34.75	33.03	34.75
752	32	3	16	15	3	100	79.71	78.09	79.71
753	32	2	66	16	1	300	inf		
764	28	3	35	26	1	350	inf		
764	32	2	51	19	3	400	inf		
778	33	3	85	15	4	200	inf		
781	33	4	135	25	2	250	44.15	42.45	44.15
786	33	4	56	9	3	400	inf		
787	30	1	100	28	2	350	inf		
791	30	4	87	33	1	200	39.57	37.09	39.57
791	35	1	144	21	1	400	46.74	45.06	46.74
792	29	4	15	9	4	350	33.12	31.58	33.12
797	34	3	189	26	2	250	inf		
801	34	2	64	27	1	400	40.36	38.69	40.36
803	31	1	92	32	1	200	42.65	40.92	42.65
804	31	4	117	22	1	350	34.09	32.36	34.09
807	31	3	140	35	2	150	inf		
808	28	2	42	17	2	50	109.44	107.75	109.44
810	32	2	45	9	1	400	40.08	38.64	40.08
815	34	1	94	20	1	400	inf		
819	33	4	201	32	1	250	41.82	40.07	41.82
834	35	2	195	34	3	250	inf		
835	35	1	118	34	4	350	inf		
843	34	4	107	25	4	200	inf		
846	35	3	171	32	1	50	89.58	87.91	89.58
850	34	2	60	27	3	200	44.62	42.99	44.62
851	34	3	181	33	1	250	40.55	38.80	40.55
870	33	2	56	13	2	400	40.04	38.49	40.04
882	35	2	104	30	4	200	46.43	44.78	46.43
884	32	2	7	5	2	50	254.86	253.58	254.86
885	35	2	114	24	3	400	39.90	38.15	39.90
886	34	2	161	34	3	200	inf		
893	34	2	16	4	2	50	157.85	156.63	157.85
898	30	3	52	30	3	100	inf		
918	34	3	149	31	1	150	46.50	44.53	46.50
930	35	3	39	22	1	200	47.63	45.98	47.63
944	35	3	172	35	4	50	104.02	102.36	104.02
956	34	3	49	33	1	200	inf		
977	34	2	65	33	3	200	inf		
