0512	500	0004	02	722.250000
0512	500	0004	04	690.590000
0512	500	0005	02	578.330000
0512	500	0006	04	484.010000
0512	500	0006	06	498.550000
0512	500	0007	03	423.820000
0512	500	0007	05	431.900000
0512	500	0008	02	342.610000
0512	500	0008	08	385.450000
0512	500	0009	06	349.890000
0512	500	0009	08	360.750000
0512	500	0010	10	340.670000
0512	500	0011	02	272.540000
0512	500	0011	06	295.980000
0512	500	0012	01	230.420000
0512	500	0012	03	254.240000
0512	500	0012	09	283.120000
0512	500	0013	01	245.720000
0512	500	0013	05	257.350000
0512	500	0013	06	256.380000
0512	500	0013	07	264.790000
0512	500	0013	12	282.670000
0512	500	0013	13	300.080000
0512	500	0014	04	239.510000
0512	500	0014	05	239.520000
0512	500	0015	02	212.210000
0512	500	0015	04	221.020000
0512	500	0016	04	206.390000
0512	500	0016	05	193.210000
0512	500	0016	10	216.320000
0512	500	0016	14	223.650000
0512	500	0016	16	230.460000
0512	500	0017	11	217.750000
0512	500	0017	14	231.630000
0512	500	0018	05	175.380000
0512	500	0018	17	219.990000
0512	500	0019	03	180.740000
0512	500	0019	04	183.500000
0512	500	0019	06	183.890000
0512	500	0019	10	204.760000
0512	500	0019	17	216.570000
0512	500	0020	02	157.810000
0512	500	0020	03	156.110000
0512	500	0020	11	178.430000
0512	500	0020	15	186.130000
0512	500	0020	16	182.630000
0512	500	0020	17	193.920000
0512	500	0020	18	181.550000
0512	500	0020	20	188.480000
0512	500	0021	03	164.320000
0512	500	0021	04	160.600000
0512	500	0022	16	172.830000
0512	500	0022	20	190.180000
0512	500	0022	21	176.880000
0512	500	0022	22	185.410000
0512	500	0023	01	146.450000
0512	500	0023	04	152.300000
0512	500	0023	09	164.330000
0512	500	0023	12	174.590000
0512	500	0023	14	174.930000
0512	500	0023	15	178.070000
0512	500	0023	16	175.240000
0512	500	0023	21	183.350000
0512	500	0024	01	125.310000
0512	500	0024	03	129.130000
0512	500	0024	04	133.230000
0512	500	0024	11	146.550000
0512	500	0024	22	158.880000
0512	500	0024	24	157.480000
0512	500	0025	01	122.850000
0512	500	0025	06	139.340000
0512	500	0025	17	149.700000
0512	500	0026	02	137.240000
0512	500	0026	03	130.350000
0512	500	0026	04	140.720000
0512	500	0026	15	148.580000
0512	500	0026	18	150.180000
0512	500	0026	20	155.290000
0512	500	0026	22	158.870000
0512	500	0027	19	145.440000
0512	500	0027	23	150.170000
0512	500	0027	26	152.920000
0512	500	0028	05	127.730000
0512	500	0028	06	117.720000
0512	500	0028	16	135.980000
0512	500	0028	18	134.450000
0512	500	0028	22	135.640000
0512	500	0028	23	135.750000
0512	500	0028	24	143.420000
0512	500	0028	28	139.470000
0512	500	0029	07	131.470000
0512	500	0029	08	139.240000
0512	500	0029	09	134.900000
0512	500	0029	10	147.860000
0512	500	0029	11	140.620000
0512	500	0029	13	151.470000
0512	500	0029	15	145.720000
0512	500	0029	18	150.380000
0512	500	0029	23	156.130000
0512	500	0030	06	114.280000
0512	500	0030	09	114.340000
0512	500	0030	18	134.700000
0512	500	0030	19	128.380000
0512	500	0030	23	140.730000
0512	500	0030	27	132.830000
0512	500	0030	30	145.640000
0512	500	0031	03	118.070000
0512	500	0031	04	119.340000
0512	500	0031	07	132.830000
0512	500	0031	08	130.020000
0512	500	0031	09	129.110000
0512	500	0031	19	144.370000
0512	500	0031	22	143.370000
0512	500	0031	23	147.440000
0512	500	0031	28	150.730000
0512	500	0032	02	92.730000
0512	500	0032	06	105.020000
0512	500	0032	13	115.980000
0512	500	0032	14	121.280000
0512	500	0032	18	123.240000
0512	500	0032	22	113.820000
0512	500	0032	25	118.690000
0512	500	0032	26	130.910000
0512	500	0032	29	121.240000
0512	500	0032	32	121.930000
0512	500	0033	05	114.540000
0512	500	0033	06	117.870000
0512	500	0033	09	113.200000
0512	500	0033	13	122.790000
0512	500	0033	15	124.470000
0512	500	0033	17	127.230000
0512	500	0033	26	122.830000
0512	500	0034	05	107.530000
0512	500	0034	07	110.140000
0512	500	0034	11	116.350000
0512	500	0034	15	125.990000
0512	500	0034	20	121.220000
0512	500	0034	21	134.500000
0512	500	0034	22	130.130000
0512	500	0034	31	127.870000
0512	500	0035	03	94.970000
0512	500	0035	05	100.390000
0512	500	0035	11	103.860000
0512	500	0035	14	115.550000
0512	500	0035	15	114.980000
0512	500	0035	21	114.100000
0512	500	0035	27	114.880000
0512	500	0035	29	119.400000
0512	500	0035	34	112.610000
0512	500	0036	03	92.190000
0512	500	0036	05	97.730000
0512	500	0036	07	102.540000
0512	500	0036	13	111.340000
0512	500	0036	15	109.560000
0512	500	0036	21	112.130000
0512	500	0036	34	113.760000
0512	500	0037	02	94.850000
0512	500	0037	06	106.480000
0512	500	0037	10	111.530000
0512	500	0037	13	119.050000
0512	500	0037	20	127.150000
0512	500	0037	24	123.830000
0512	500	0037	28	129.910000
0512	500	0037	30	130.330000
0512	500	0037	35	135.210000
0512	500	0038	08	106.230000
0512	500	0038	10	105.790000
0512	500	0038	25	124.110000
0512	500	0039	05	91.930000
0512	500	0039	13	106.330000
0512	500	0039	14	117.460000
0512	500	0039	15	110.540000
0512	500	0039	17	115.450000
0512	500	0039	19	108.570000
0512	500	0039	24	120.420000
0512	500	0039	27	110.290000
0512	500	0039	29	112.160000
0512	500	0039	31	117.540000
0512	500	0039	32	121.430000
0512	500	0039	35	130.370000
0512	500	0040	04	80.960000
0512	500	0040	08	88.270000
0512	500	0040	12	97.930000
0512	500	0040	20	97.190000
0512	500	0040	21	104.340000
0512	500	0040	32	97.240000
0512	500	0041	05	96.360000
0512	500	0041	21	120.280000
0512	500	0041	23	120.590000
0512	500	0041	29	130.470000
0512	500	0041	30	121.200000
0512	500	0041	35	137.940000
0512	500	0042	03	78.870000
0512	500	0042	04	77.790000
0512	500	0042	15	93.340000
0512	500	0042	20	94.160000
0512	500	0043	05	92.970000
0512	500	0043	09	103.120000
0512	500	0043	10	105.760000
0512	500	0043	15	105.460000
0512	500	0043	18	108.780000
0512	500	0043	19	109.270000
0512	500	0043	22	109.720000
0512	500	0043	27	119.990000
0512	500	0043	35	134.340000
0512	500	0044	05	78.980000
0512	500	0044	14	90.440000
0512	500	0044	15	94.560000
0512	500	0044	19	91.820000
0512	500	0044	20	89.340000
0512	500	0044	29	96.990000
0512	500	0045	06	83.070000
0512	500	0045	07	82.980000
0512	500	0045	15	94.430000
0512	500	0045	26	95.560000
0512	500	0045	27	93.200000
0512	500	0045	29	103.720000
0512	500	0045	32	96.270000
0512	500	0046	16	90.840000
0512	500	0046	17	97.000000
0512	500	0046	25	103.270000
0512	500	0046	29	100.800000
0512	500	0046	31	113.090000
0512	500	0047	08	90.210000
0512	500	0047	09	87.880000
0512	500	0047	13	98.310000
0512	500	0047	19	114.420000
0512	500	0047	24	107.320000
0512	500	0047	27	107.100000
0512	500	0047	30	109.550000
0512	500	0047	34	109.480000
0512	500	0048	11	79.870000
0512	500	0048	24	90.160000
0512	500	0048	26	85.450000
0512	500	0048	28	97.890000
0512	500	0049	07	72.860000
0512	500	0049	12	79.290000
0512	500	0049	13	80.460000
0512	500	0049	14	83.090000
0512	500	0049	16	79.590000
0512	500	0049	19	85.830000
0512	500	0049	23	85.190000
0512	500	0049	33	91.640000
0512	500	0050	02	62.630000
0512	500	0050	04	66.320000
0512	500	0050	06	67.940000
0512	500	0050	09	70.100000
0512	500	0050	30	83.540000
0512	500	0050	32	93.160000
0512	500	0051	06	78.350000
0512	500	0051	17	89.130000
0512	500	0051	19	89.790000
0512	500	0051	22	86.780000
0512	500	0051	23	94.320000
0512	500	0051	29	94.350000
0512	500	0051	33	90.610000
0512	500	0052	06	67.760000
0512	500	0052	07	69.170000
0512	500	0052	14	83.680000
0512	500	0052	15	78.060000
0512	500	0052	22	83.500000
0512	500	0052	24	89.190000
0512	500	0052	29	89.270000
0512	500	0052	33	93.960000
0512	500	0052	34	91.230000
0512	500	0052	35	100.170000
0512	500	0053	07	77.070000
0512	500	0053	15	90.300000
0512	500	0053	18	105.140000
0512	500	0053	20	96.850000
0512	500	0053	27	97.990000
0512	500	0053	29	100.780000
0512	500	0053	30	98.850000
0512	500	0054	06	73.330000
0512	500	0054	11	75.450000
0512	500	0054	12	75.570000
0512	500	0054	20	81.080000
0512	500	0054	29	85.550000
0512	500	0054	34	82.000000
0512	500	0055	09	69.460000
0512	500	0055	15	74.220000
0512	500	0055	16	75.390000
0512	500	0055	27	81.750000
0512	500	0055	29	85.650000
0512	500	0055	30	75.960000
0512	500	0055	33	92.980000
0512	500	0055	34	77.540000
0512	500	0056	14	76.240000
0512	500	0056	17	71.360000
0512	500	0056	29	79.880000
0512	500	0056	34	75.480000
0512	500	0057	17	77.600000
0512	500	0057	19	76.990000
0512	500	0057	20	90.630000
0512	500	0057	22	79.880000
0512	500	0058	09	74.150000
0512	500	0058	22	88.760000
0512	500	0059	03	67.340000
0512	500	0059	07	74.100000
0512	500	0059	11	79.390000
0512	500	0059	34	95.180000
0512	500	0059	35	95.390000
0512	500	0060	03	58.120000
0512	500	0060	07	64.060000
0512	500	0060	20	73.130000
0512	500	0061	10	75.410000
0512	500	0061	12	76.820000
0512	500	0061	23	84.440000
0512	500	0061	24	102.490000
0512	500	0061	26	90.480000
0512	500	0061	28	88.040000
0512	500	0062	11	72.640000
0512	500	0062	15	79.160000
0512	500	0062	19	83.560000
0512	500	0062	23	76.530000
0512	500	0062	33	84.510000
0512	500	0063	11	66.720000
0512	500	0063	15	69.000000
0512	500	0063	23	69.700000
0512	500	0063	28	76.760000
0512	500	0063	30	74.550000
0512	500	0064	10	64.390000
0512	500	0064	22	65.180000
0512	500	0064	23	63.220000
0512	500	0064	24	65.470000
0512	500	0064	25	71.900000
0512	500	0064	28	66.730000
0512	500	0064	29	69.840000
0512	500	0064	31	68.030000
0512	500	0065	08	59.080000
0512	500	0065	14	66.730000
0512	500	0065	15	65.420000
0512	500	0065	22	72.000000
0512	500	0065	25	80.370000
0512	500	0065	26	70.100000
0512	500	0066	09	57.470000
0512	500	0066	16	63.730000
0512	500	0066	24	67.490000
0512	500	0066	26	68.700000
0512	500	0066	27	68.910000
0512	500	0066	32	71.410000
0512	500	0066	33	65.250000
0512	500	0066	34	68.520000
0512	500	0067	08	67.840000
0512	500	0067	19	71.720000
0512	500	0067	21	75.020000
0512	500	0067	26	83.060000
0512	500	0067	27	80.920000
0512	500	0067	32	90.130000
0512	500	0067	33	87.530000
0512	500	0068	16	72.280000
0512	500	0068	27	79.080000
0512	500	0068	30	69.610000
0512	500	0068	32	73.660000
0512	500	0069	08	59.890000
0512	500	0069	09	65.390000
0512	500	0069	11	62.640000
0512	500	0069	12	66.670000
0512	500	0069	14	69.960000
0512	500	0069	15	70.590000
0512	500	0069	20	68.690000
0512	500	0069	29	80.500000
0512	500	0070	05	50.190000
0512	500	0070	29	60.590000
0512	500	0070	30	58.700000
0512	500	0070	31	71.980000
0512	500	0071	08	62.810000
0512	500	0071	12	71.280000
0512	500	0071	14	72.770000
0512	500	0071	22	74.200000
0512	500	0071	23	76.560000
0512	500	0071	26	81.940000
0512	500	0072	10	57.550000
0512	500	0072	11	57.710000
0512	500	0072	13	59.880000
0512	500	0072	14	66.400000
0512	500	0072	22	59.280000
0512	500	0072	29	62.390000
0512	500	0073	17	71.560000
0512	500	0073	24	67.120000
0512	500	0073	29	83.730000
0512	500	0073	31	85.670000
0512	500	0073	32	77.380000
0512	500	0074	06	55.560000
0512	500	0074	07	61.030000
0512	500	0074	11	58.130000
0512	500	0074	15	63.280000
0512	500	0074	21	73.800000
0512	500	0074	25	70.720000
0512	500	0074	31	76.500000
0512	500	0074	33	79.360000
0512	500	0075	04	50.290000
0512	500	0075	11	57.580000
0512	500	0075	16	66.750000
0512	500	0075	21	62.120000
0512	500	0075	25	87.580000
0512	500	0075	29	68.100000
0512	500	0075	30	63.470000
0512	500	0075	32	62.850000
0512	500	0075	34	61.270000
0512	500	0076	08	53.750000
0512	500	0076	16	58.900000
0512	500	0076	19	60.360000
0512	500	0076	23	63.450000
0512	500	0076	28	70.400000
0512	500	0077	05	47.980000
0512	500	0077	06	50.310000
0512	500	0077	13	59.170000
0512	500	0077	15	55.680000
0512	500	0077	20	55.070000
0512	500	0077	22	56.270000
0512	500	0077	23	58.380000
0512	500	0077	25	60.280000
0512	500	0077	26	56.640000
0512	500	0077	32	68.430000
0512	500	0078	11	55.340000
0512	500	0078	27	64.130000
0512	500	0078	29	61.020000
0512	500	0078	30	59.850000
0512	500	0078	31	59.230000
0512	500	0079	06	56.630000
0512	500	0079	11	62.400000
0512	500	0079	12	65.450000
0512	500	0079	14	69.140000
0512	500	0079	16	67.630000
0512	500	0079	21	66.200000
0512	500	0079	35	84.830000
0512	500	0080	13	52.370000
0512	500	0081	06	53.010000
0512	500	0081	24	56.460000
0512	500	0082	17	61.860000
0512	500	0082	23	62.730000
0512	500	0082	32	70.680000
0512	500	0082	33	68.380000
0512	500	0082	34	77.280000
0512	500	0083	08	56.440000
0512	500	0083	12	60.030000
0512	500	0083	18	66.050000
0512	500	0083	19	69.480000
0512	500	0083	22	65.710000
0512	500	0083	29	72.970000
0512	500	0084	12	53.320000
0512	500	0084	15	58.230000
0512	500	0084	18	54.390000
0512	500	0084	21	62.360000
0512	500	0084	26	55.100000
0512	500	0084	31	67.990000
0512	500	0084	35	57.290000
0512	500	0085	11	57.060000
0512	500	0085	13	54.790000
0512	500	0085	14	57.450000
0512	500	0085	15	54.110000
0512	500	0085	23	64.760000
0512	500	0085	29	65.910000
0512	500	0085	31	62.200000
0512	500	0086	17	55.610000
0512	500	0086	19	56.670000
0512	500	0086	23	63.430000
0512	500	0086	29	61.170000
0512	500	0087	09	50.050000
0512	500	0087	17	55.190000
0512	500	0087	24	56.390000
0512	500	0087	35	65.170000
0512	500	0088	08	46.970000
0512	500	0088	19	50.130000
0512	500	0088	31	57.860000
0512	500	0089	23	60.030000
0512	500	0089	25	64.020000
0512	500	0089	27	69.300000
0512	500	0089	29	70.020000
0512	500	0089	31	70.630000
0512	500	0089	35	74.510000
0512	500	0090	11	48.430000
0512	500	0090	12	49.880000
0512	500	0090	20	50.730000
0512	500	0090	27	53.290000
0512	500	0090	28	56.060000
0512	500	0090	30	57.260000
0512	500	0091	04	39.440000
0512	500	0091	09	47.510000
0512	500	0091	10	46.850000
0512	500	0091	14	49.420000
0512	500	0091	17	55.230000
0512	500	0091	23	56.000000
0512	500	0091	29	59.540000
0512	500	0091	32	52.040000
0512	500	0091	33	55.280000
0512	500	0092	08	47.840000
0512	500	0092	10	46.200000
0512	500	0092	11	46.570000
0512	500	0092	16	55.250000
0512	500	0092	17	52.500000
0512	500	0092	22	51.190000
0512	500	0092	26	53.700000
0512	500	0092	27	56.800000
0512	500	0092	31	53.650000
0512	500	0092	32	59.400000
0512	500	0093	08	46.540000
0512	500	0093	13	51.680000
0512	500	0093	19	51.950000
0512	500	0093	24	56.480000
0512	500	0093	27	65.800000
0512	500	0093	32	67.360000
0512	500	0094	11	49.080000
0512	500	0094	17	54.370000
0512	500	0094	19	61.000000
0512	500	0094	28	56.690000
0512	500	0094	31	60.760000
0512	500	0095	16	49.810000
0512	500	0095	30	55.760000
0512	500	0095	31	58.680000
0512	500	0096	08	45.100000
0512	500	0096	15	48.040000
0512	500	0096	24	48.930000
0512	500	0096	26	48.130000
0512	500	0096	34	45.140000
0512	500	0097	10	56.780000
0512	500	0097	15	59.060000
0512	500	0097	19	61.510000
0512	500	0097	30	63.070000
0512	500	0098	04	35.790000
0512	500	0098	20	44.360000
0512	500	0099	12	49.690000
0512	500	0099	19	50.570000
0512	500	0099	23	53.650000
0512	500	0099	25	53.550000
0512	500	0099	26	54.360000
0512	500	0100	09	44.690000
0512	500	0100	23	49.480000
0512	500	0100	34	47.360000
0512	500	0101	05	43.630000
0512	500	0101	08	47.290000
0512	500	0101	09	51.150000
0512	500	0101	14	55.030000
0512	500	0101	17	57.370000
0512	500	0101	27	61.540000
0512	500	0102	08	41.060000
0512	500	0102	11	42.240000
0512	500	0102	13	45.090000
0512	500	0102	20	44.770000
0512	500	0102	23	52.500000
0512	500	0102	25	48.130000
0512	500	0102	26	54.470000
0512	500	0102	35	52.370000
0512	500	0103	11	45.490000
0512	500	0103	20	53.240000
0512	500	0103	29	63.970000
0512	500	0103	35	60.920000
0512	500	0104	12	46.770000
0512	500	0104	15	54.370000
0512	500	0104	25	48.600000
0512	500	0104	27	61.770000
0512	500	0104	30	50.400000
0512	500	0104	35	50.830000
0512	500	0105	10	45.170000
0512	500	0105	14	47.390000
0512	500	0105	20	45.820000
0512	500	0105	23	57.740000
0512	500	0105	27	50.960000
0512	500	0105	28	50.340000
0512	500	0105	32	48.790000
0512	500	0105	34	48.950000
0512	500	0106	14	61.430000
0512	500	0106	22	51.960000
0512	500	0106	27	67.310000
0512	500	0106	29	55.100000
0512	500	0106	34	54.720000
0512	500	0107	13	50.350000
0512	500	0107	17	54.700000
0512	500	0107	19	50.280000
0512	500	0107	27	58.720000
0512	500	0107	30	59.580000
0512	500	0108	08	40.890000
0512	500	0108	17	47.720000
0512	500	0108	24	48.040000
0512	500	0108	26	49.950000
0512	500	0108	28	42.830000
0512	500	0108	35	43.550000
0512	500	0109	13	50.430000
0512	500	0109	26	52.110000
0512	500	0109	35	65.640000
0512	500	0110	10	38.260000
0512	500	0110	11	37.780000
0512	500	0110	21	42.510000
0512	500	0110	23	39.840000
0512	500	0110	24	40.830000
0512	500	0110	25	40.140000
0512	500	0110	31	40.730000
0512	500	0110	34	46.120000
0512	500	0111	09	40.730000
0512	500	0111	10	42.970000
0512	500	0111	17	44.300000
0512	500	0111	23	45.140000
0512	500	0111	31	58.770000
0512	500	0111	32	54.810000
0512	500	0111	34	54.440000
0512	500	0112	11	39.260000
0512	500	0112	16	45.120000
0512	500	0112	18	39.880000
0512	500	0112	34	42.020000
0512	500	0113	08	43.790000
0512	500	0113	11	49.100000
0512	500	0113	14	50.830000
0512	500	0113	15	54.160000
0512	500	0113	22	51.800000
0512	500	0113	25	52.370000
0512	500	0113	28	65.080000
0512	500	0113	31	56.150000
0512	500	0114	14	42.700000
0512	500	0114	18	45.350000
0512	500	0114	20	42.180000
0512	500	0114	26	47.490000
0512	500	0114	28	43.590000
0512	500	0115	06	34.490000
0512	500	0115	19	44.580000
0512	500	0115	25	46.950000
0512	500	0115	30	50.940000
0512	500	0115	33	47.590000
0512	500	0115	34	46.440000
0512	500	0116	12	39.770000
0512	500	0116	15	43.600000
0512	500	0116	33	49.070000
0512	500	0117	05	37.110000
0512	500	0117	08	40.250000
0512	500	0117	15	49.160000
0512	500	0117	18	45.180000
0512	500	0117	27	47.930000
0512	500	0117	32	46.070000
0512	500	0118	10	42.260000
0512	500	0118	17	48.720000
0512	500	0118	28	48.560000
0512	500	0118	30	53.630000
0512	500	0119	10	39.540000
0512	500	0119	11	41.620000
0512	500	0119	12	39.950000
0512	500	0119	13	40.760000
0512	500	0119	20	40.180000
0512	500	0119	22	41.810000
0512	500	0119	26	41.370000
0512	500	0119	27	47.490000
0512	500	0119	34	42.930000
0512	500	0120	11	36.230000
0512	500	0120	12	42.920000
0512	500	0120	14	39.110000
0512	500	0120	24	42.210000
0512	500	0120	32	40.030000
0512	500	0120	33	40.920000
0512	500	0121	08	33.560000
0512	500	0121	09	34.830000
0512	500	0121	10	40.210000
0512	500	0121	19	39.160000
0512	500	0121	20	39.050000
0512	500	0121	22	40.590000
0512	500	0121	23	38.460000
0512	500	0121	32	45.620000
0512	500	0122	06	38.350000
0512	500	0122	07	37.490000
0512	500	0122	16	43.240000
0512	500	0122	17	46.920000
0512	500	0122	21	52.130000
0512	500	0122	26	53.830000
0512	500	0122	28	51.340000
0512	500	0122	34	55.720000
0512	500	0123	07	36.970000
0512	500	0123	29	47.570000
0512	500	0123	31	46.690000
0512	500	0124	10	39.170000
0512	500	0124	17	43.480000
0512	500	0124	19	42.810000
0512	500	0125	12	35.830000
0512	500	0125	14	37.880000
0512	500	0125	20	36.740000
0512	500	0125	23	41.830000
0512	500	0125	25	46.080000
0512	500	0125	28	38.500000
0512	500	0125	34	40.250000
0512	500	0126	09	35.320000
0512	500	0126	10	40.420000
0512	500	0126	15	39.790000
0512	500	0126	18	39.560000
0512	500	0126	22	38.890000
0512	500	0126	26	40.380000
0512	500	0127	10	43.960000
0512	500	0127	16	49.710000
0512	500	0127	26	47.280000
0512	500	0127	30	50.990000
0512	500	0128	09	37.240000
0512	500	0128	12	37.490000
0512	500	0128	16	53.990000
0512	500	0128	19	44.930000
0512	500	0128	22	38.610000
0512	500	0128	24	39.860000
0512	500	0128	25	39.260000
0512	500	0128	26	44.500000
0512	500	0129	05	34.110000
0512	500	0129	18	41.510000
0512	500	0129	20	41.400000
0512	500	0129	27	47.730000
0512	500	0129	34	46.730000
0512	500	0130	13	36.220000
0512	500	0130	15	35.650000
0512	500	0130	17	37.320000
0512	500	0130	20	35.920000
0512	500	0130	21	37.640000
0512	500	0130	25	39.770000
0512	500	0130	26	38.180000
0512	500	0130	28	48.660000
0512	500	0131	19	54.870000
0512	500	0131	25	48.900000
0512	500	0131	26	44.240000
0512	500	0131	28	45.290000
0512	500	0132	13	38.200000
0512	500	0132	14	37.870000
0512	500	0132	18	43.130000
0512	500	0132	21	38.740000
0512	500	0132	22	37.740000
0512	500	0132	30	38.680000
0512	500	0132	32	37.570000
0512	500	0133	30	44.280000
0512	500	0133	33	40.120000
0512	500	0133	35	42.270000
0512	500	0134	09	38.730000
0512	500	0134	13	38.840000
0512	500	0134	23	53.320000
0512	500	0134	28	46.240000
0512	500	0134	29	47.670000
0512	500	0135	14	41.200000
0512	500	0135	16	43.880000
0512	500	0135	22	40.290000
0512	500	0136	16	49.120000
0512	500	0136	20	35.350000
0512	500	0136	30	39.240000
0512	500	0136	34	45.520000
0512	500	0137	09	36.050000
0512	500	0137	20	48.490000
0512	500	0137	24	45.220000
0512	500	0137	30	56.150000
0512	500	0137	32	48.110000
0512	500	0137	33	50.860000
0512	500	0138	09	31.840000
0512	500	0138	10	34.030000
0512	500	0138	14	35.270000
0512	500	0138	15	36.190000
0512	500	0138	22	37.870000
0512	500	0138	28	38.160000
0512	500	0139	10	46.390000
0512	500	0139	12	41.900000
0512	500	0139	13	39.360000
0512	500	0139	15	43.930000
0512	500	0139	16	42.890000
0512	500	0139	18	42.970000
0512	500	0139	21	50.290000
0512	500	0139	32	48.260000
0512	500	0140	15	34.960000
0512	500	0140	19	35.230000
0512	500	0140	21	42.120000
0512	500	0140	23	39.910000
0512	500	0140	31	41.100000
0512	500	0140	34	46.020000
0512	500	0141	13	35.260000
0512	500	0141	14	37.640000
0512	500	0141	25	58.320000
0512	500	0141	29	41.820000
0512	500	0141	32	44.350000
0512	500	0141	34	45.820000
0512	500	0142	16	41.700000
0512	500	0142	22	41.050000
0512	500	0142	27	43.120000
0512	500	0142	31	45.940000
0512	500	0142	32	52.750000
0512	500	0142	33	44.820000
0512	500	0143	10	39.320000
0512	500	0143	14	32.720000
0512	500	0143	17	36.700000
0512	500	0143	18	36.010000
0512	500	0143	20	33.710000
0512	500	0143	24	34.420000
0512	500	0143	33	41.570000
0512	500	0144	15	34.380000
0512	500	0144	16	33.980000
0512	500	0144	18	34.840000
0512	500	0144	19	38.720000
0512	500	0144	22	33.900000
0512	500	0144	25	39.720000
0512	500	0144	26	41.150000
0512	500	0144	28	35.310000
0512	500	0145	10	31.360000
0512	500	0145	13	37.300000
0512	500	0146	15	36.990000
0512	500	0146	17	38.080000
0512	500	0146	30	44.710000
0512	500	0146	32	42.980000
0512	500	0146	33	48.240000
0512	500	0147	14	33.130000
0512	500	0147	15	36.170000
0512	500	0147	16	38.640000
0512	500	0147	20	38.190000
0512	500	0147	34	36.280000
0512	500	0147	35	36.540000
0512	500	0148	10	34.120000
0512	500	0148	11	30.770000
0512	500	0148	12	35.080000
0512	500	0148	13	33.870000
0512	500	0148	16	40.960000
0512	500	0148	22	37.720000
0512	500	0148	27	40.450000
0512	500	0148	29	39.380000
0512	500	0149	17	39.860000
0512	500	0149	19	45.870000
0512	500	0149	23	49.660000
0512	500	0149	26	48.530000
0512	500	0149	27	47.590000
0512	500	0149	28	48.520000
0512	500	0149	33	52.310000
0512	500	0150	17	36.190000
0512	500	0150	26	40.690000
0512	500	0150	27	33.060000
0512	500	0150	33	47.370000
0512	500	0151	11	40.540000
0512	500	0151	12	38.580000
0512	500	0151	20	44.550000
0512	500	0151	25	44.110000
0512	500	0151	30	49.470000
0512	500	0151	32	46.570000
0512	500	0152	16	37.420000
0512	500	0152	19	33.270000
0512	500	0152	24	39.470000
0512	500	0152	25	38.640000
0512	500	0152	29	50.410000
0512	500	0152	30	42.420000
0512	500	0153	08	32.690000
0512	500	0153	25	52.640000
0512	500	0153	27	42.380000
0512	500	0153	28	47.150000
0512	500	0153	30	42.330000
0512	500	0154	10	27.430000
0512	500	0154	13	30.760000
0512	500	0154	18	35.770000
0512	500	0154	24	35.400000
0512	500	0154	32	32.380000
0512	500	0154	33	31.840000
0512	500	0155	16	35.870000
0512	500	0155	29	40.940000
0512	500	0155	30	38.840000
0512	500	0156	28	36.440000
0512	500	0156	31	47.120000
0512	500	0157	11	39.130000
0512	500	0157	14	39.040000
0512	500	0157	22	41.390000
0512	500	0157	24	43.330000
0512	500	0157	26	44.900000
0512	500	0157	27	44.980000
0512	500	0157	32	50.340000
0512	500	0157	33	46.930000
0512	500	0158	15	39.180000
0512	500	0158	19	40.010000
0512	500	0158	21	36.770000
0512	500	0158	22	38.330000
0512	500	0158	24	37.870000
0512	500	0158	33	43.010000
0512	500	0159	22	34.590000
0512	500	0159	25	41.200000
0512	500	0159	32	40.210000
0512	500	0160	08	28.140000
0512	500	0160	11	30.450000
0512	500	0160	18	34.330000
0512	500	0160	25	35.220000
0512	500	0160	26	36.940000
0512	500	0160	29	30.820000
0512	500	0161	15	34.760000
0512	500	0161	18	34.560000
0512	500	0161	26	32.940000
0512	500	0161	27	34.130000
0512	500	0161	30	45.850000
0512	500	0161	34	42.420000
0512	500	0162	10	30.590000
0512	500	0162	11	31.280000
0512	500	0162	16	35.390000
0512	500	0162	23	33.540000
0512	500	0162	27	37.320000
0512	500	0162	31	34.510000
0512	500	0162	32	36.340000
0512	500	0162	33	34.840000
0512	500	0163	12	35.580000
0512	500	0163	20	38.310000
0512	500	0163	30	45.240000
0512	500	0164	12	31.280000
0512	500	0164	13	34.810000
0512	500	0164	25	36.040000
0512	500	0164	26	39.070000
0512	500	0164	32	39.750000
0512	500	0165	12	30.960000
0512	500	0165	15	33.840000
0512	500	0165	17	32.420000
0512	500	0165	18	34.060000
0512	500	0165	19	34.820000
0512	500	0165	26	33.240000
0512	500	0166	13	32.660000
0512	500	0166	21	44.630000
0512	500	0166	22	34.900000
0512	500	0166	25	38.080000
0512	500	0166	28	36.900000
0512	500	0166	29	40.280000
0512	500	0166	32	41.930000
0512	500	0167	13	39.390000
0512	500	0167	15	42.140000
0512	500	0167	16	41.800000
0512	500	0167	19	38.300000
0512	500	0167	23	45.680000
0512	500	0167	27	43.270000
0512	500	0167	34	45.670000
0512	500	0168	10	28.000000
0512	500	0168	12	28.360000
0512	500	0168	19	32.950000
0512	500	0168	28	34.840000
0512	500	0168	29	32.700000
0512	500	0168	33	30.440000
0512	500	0168	34	31.300000
0512	500	0168	35	31.320000
0512	500	0169	12	26.900000
0512	500	0169	18	29.230000
0512	500	0169	19	30.480000
0512	500	0169	24	36.850000
0512	500	0169	25	31.810000
0512	500	0169	28	28.640000
0512	500	0169	31	31.500000
0512	500	0169	33	33.170000
0512	500	0170	12	26.660000
0512	500	0170	14	32.250000
0512	500	0170	17	30.990000
0512	500	0170	19	29.040000
0512	500	0170	22	29.830000
0512	500	0170	26	38.620000
0512	500	0171	10	30.970000
0512	500	0171	30	41.330000
0512	500	0171	31	57.420000
0512	500	0172	17	33.080000
0512	500	0172	19	30.870000
0512	500	0172	20	35.960000
0512	500	0172	21	34.220000
0512	500	0172	23	32.040000
0512	500	0172	24	30.550000
0512	500	0172	33	42.790000
0512	500	0173	12	31.980000
0512	500	0173	13	35.210000
0512	500	0173	32	38.590000
0512	500	0174	12	27.580000
0512	500	0174	20	31.440000
0512	500	0174	23	31.980000
0512	500	0174	25	44.470000
0512	500	0174	26	32.000000
0512	500	0174	28	30.830000
0512	500	0174	35	37.180000
0512	500	0175	13	30.140000
0512	500	0175	14	29.980000
0512	500	0175	20	30.810000
0512	500	0175	27	30.060000
0512	500	0175	30	37.780000
0512	500	0175	32	34.400000
0512	500	0176	11	26.500000
0512	500	0176	12	28.130000
0512	500	0176	17	29.080000
0512	500	0176	20	31.270000
0512	500	0176	30	31.580000
0512	500	0177	10	28.030000
0512	500	0177	14	30.610000
0512	500	0177	17	32.340000
0512	500	0177	23	40.080000
0512	500	0178	15	37.650000
0512	500	0178	17	32.390000
0512	500	0178	23	35.040000
0512	500	0178	25	34.270000
0512	500	0178	29	38.880000
0512	500	0178	30	40.330000
0512	500	0178	31	39.240000
0512	500	0179	18	34.070000
0512	500	0179	30	39.610000
0512	500	0179	33	39.810000
0512	500	0180	21	40.140000
0512	500	0180	23	28.220000
0512	500	0180	25	33.460000
0512	500	0180	27	34.110000
0512	500	0180	31	30.750000
0512	500	0181	13	32.990000
0512	500	0181	18	35.890000
0512	500	0181	19	31.860000
0512	500	0181	21	35.290000
0512	500	0181	24	38.120000
0512	500	0181	33	41.600000
0512	500	0182	20	27.200000
0512	500	0182	30	30.320000
0512	500	0182	31	29.250000
0512	500	0183	17	36.130000
0512	500	0183	19	31.080000
0512	500	0183	27	32.530000
0512	500	0183	30	40.480000
0512	500	0183	31	37.540000
0512	500	0183	35	45.530000
0512	500	0184	09	26.350000
0512	500	0184	17	32.410000
0512	500	0184	19	36.720000
0512	500	0184	22	36.140000
0512	500	0184	30	33.560000
0512	500	0184	35	36.260000
0512	500	0185	20	33.040000
0512	500	0185	24	35.950000
0512	500	0185	27	30.610000
0512	500	0185	29	31.520000
0512	500	0186	09	27.870000
0512	500	0186	11	26.100000
0512	500	0186	13	32.200000
0512	500	0186	15	32.250000
0512	500	0187	13	25.880000
0512	500	0187	16	29.540000
0512	500	0187	17	27.550000
0512	500	0187	22	27.080000
0512	500	0188	16	31.450000
0512	500	0188	17	30.730000
0512	500	0188	26	30.810000
0512	500	0188	29	31.800000
0512	500	0189	21	35.790000
0512	500	0189	31	31.890000
0512	500	0189	32	47.770000
0512	500	0190	15	25.330000
0512	500	0190	25	32.700000
0512	500	0190	31	27.710000
0512	500	0191	12	29.740000
0512	500	0191	14	32.280000
0512	500	0191	26	33.590000
0512	500	0191	35	42.270000
0512	500	0192	15	28.310000
0512	500	0192	20	26.370000
0512	500	0192	22	31.200000
0512	500	0192	25	27.390000
0512	500	0192	31	28.430000
0512	500	0193	07	26.920000
0512	500	0193	16	35.210000
0512	500	0193	17	34.860000
0512	500	0193	20	33.270000
0512	500	0193	21	37.240000
0512	500	0193	22	33.280000
0512	500	0193	28	40.810000
0512	500	0193	31	41.990000
0512	500	0194	15	33.070000
0512	500	0194	16	31.720000
0512	500	0194	23	47.440000
0512	500	0194	25	35.650000
0512	500	0194	27	32.410000
0512	500	0194	28	36.930000
0512	500	0195	20	32.840000
0512	500	0195	27	34.200000
0512	500	0195	28	32.280000
0512	500	0195	29	33.630000
0512	500	0195	33	33.720000
0512	500	0196	17	31.670000
0512	500	0196	21	31.350000
0512	500	0196	22	30.360000
0512	500	0196	29	29.460000
0512	500	0196	34	29.490000
0512	500	0196	35	34.910000
0512	500	0197	29	44.640000
0512	500	0197	31	37.990000
0512	500	0198	10	28.520000
0512	500	0198	11	27.070000
0512	500	0198	24	31.350000
0512	500	0198	31	27.770000
0512	500	0199	16	35.990000
0512	500	0199	17	33.030000
0512	500	0199	18	35.020000
0512	500	0199	23	39.250000
0512	500	0199	25	36.710000
0512	500	0199	29	47.020000
0512	500	0199	31	38.780000
0512	500	0199	32	37.370000
0512	500	0200	12	26.450000
0512	500	0200	13	26.580000
0512	500	0200	14	26.460000
0512	500	0200	25	28.000000
0512	500	0200	31	29.980000
0512	500	0200	33	29.740000
0512	500	0200	34	29.240000
0512	500	0200	35	30.100000
0512	500	0201	11	25.240000
0512	500	0201	16	31.410000
0512	500	0201	31	37.140000
0512	500	0201	32	43.220000
0512	500	0202	18	28.370000
0512	500	0202	20	30.190000
0512	500	0202	24	32.720000
0512	500	0203	15	24.300000
0512	500	0203	24	29.110000
0512	500	0203	27	27.450000
0512	500	0203	29	31.130000
0512	500	0203	35	34.200000
0512	500	0204	12	25.540000
0512	500	0204	16	26.560000
0512	500	0204	28	32.560000
0512	500	0204	30	32.400000
0512	500	0205	10	24.000000
0512	500	0205	13	25.060000
0512	500	0205	15	26.030000
0512	500	0205	27	36.610000
0512	500	0205	29	29.390000
0512	500	0205	31	31.420000
0512	500	0206	13	25.980000
0512	500	0206	15	26.720000
0512	500	0206	22	29.870000
0512	500	0206	29	33.060000
0512	500	0206	35	36.500000
0512	500	0207	25	33.520000
0512	500	0208	11	23.720000
0512	500	0208	15	25.180000
0512	500	0208	28	31.630000
0512	500	0208	29	28.370000
0512	500	0209	15	26.200000
0512	500	0209	20	25.460000
0512	500	0209	25	34.460000
0512	500	0210	10	24.480000
0512	500	0210	12	23.920000
0512	500	0210	19	27.710000
0512	500	0210	20	25.880000
0512	500	0210	22	25.060000
0512	500	0211	14	31.430000
0512	500	0211	18	34.960000
0512	500	0211	23	36.270000
0512	500	0211	25	40.280000
0512	500	0211	29	36.020000
0512	500	0211	33	37.050000
0512	500	0212	08	23.440000
0512	500	0212	09	23.580000
0512	500	0212	11	24.530000
0512	500	0212	12	24.890000
0512	500	0212	23	33.700000
0512	500	0212	31	31.310000
0512	500	0212	33	34.370000
0512	500	0212	34	32.800000
0512	500	0213	18	27.900000
0512	500	0213	25	31.380000
0512	500	0213	33	35.500000
0512	500	0213	34	36.190000
0512	500	0214	17	29.740000
0512	500	0214	18	28.260000
0512	500	0214	21	31.450000
0512	500	0214	28	30.350000
0512	500	0214	30	30.830000
0512	500	0214	31	32.550000
0512	500	0215	10	23.110000
0512	500	0215	20	26.510000
0512	500	0215	26	25.500000
0512	500	0215	28	30.470000
0512	500	0215	33	30.960000
0512	500	0216	18	25.250000
0512	500	0216	19	22.970000
0512	500	0216	21	23.150000
0512	500	0216	24	24.820000
0512	500	0216	29	28.660000
0512	500	0216	30	27.650000
0512	500	0216	32	24.380000
0512	500	0217	11	25.240000
0512	500	0217	18	23.990000
0512	500	0217	21	26.120000
0512	500	0217	26	27.530000
0512	500	0217	28	29.240000
0512	500	0217	31	30.900000
0512	500	0218	11	24.400000
0512	500	0218	14	25.860000
0512	500	0218	24	32.960000
0512	500	0218	28	30.350000
0512	500	0219	25	30.200000
0512	500	0219	29	31.450000
0512	500	0219	30	28.630000
0512	500	0219	32	31.080000
0512	500	0220	14	26.260000
0512	500	0220	24	27.130000
0512	500	0220	29	26.840000
0512	500	0221	10	21.400000
0512	500	0221	18	22.330000
0512	500	0221	22	26.620000
0512	500	0221	24	22.660000
0512	500	0221	29	28.850000
0512	500	0221	30	27.860000
0512	500	0221	35	27.760000
0512	500	0222	18	28.790000
0512	500	0222	30	40.250000
0512	500	0222	33	30.460000
0512	500	0223	24	32.210000
0512	500	0223	25	34.000000
0512	500	0223	29	34.370000
0512	500	0224	14	24.430000
0512	500	0224	16	29.160000
0512	500	0224	19	22.910000
0512	500	0224	21	25.420000
0512	500	0224	30	26.010000
0512	500	0225	30	26.080000
0512	500	0225	31	31.190000
0512	500	0226	11	24.460000
0512	500	0226	17	29.010000
0512	500	0226	24	30.140000
0512	500	0226	33	35.710000
0512	500	0226	34	38.370000
0512	500	0227	12	28.440000
0512	500	0227	13	29.610000
0512	500	0227	16	34.060000
0512	500	0227	20	37.750000
0512	500	0227	26	34.220000
0512	500	0227	33	41.930000
0512	500	0228	23	32.110000
0512	500	0228	24	27.070000
0512	500	0228	34	28.080000
0512	500	0229	15	30.290000
0512	500	0229	16	32.820000
0512	500	0229	20	33.290000
0512	500	0229	23	34.130000
0512	500	0229	24	33.260000
0512	500	0229	25	37.660000
0512	500	0229	26	37.510000
0512	500	0229	32	42.510000
0512	500	0230	15	23.820000
0512	500	0230	19	22.720000
0512	500	0230	21	23.620000
0512	500	0230	22	25.720000
0512	500	0230	26	25.360000
0512	500	0230	30	28.500000
0512	500	0231	17	25.770000
0512	500	0231	24	26.500000
0512	500	0231	27	28.440000
0512	500	0231	32	28.920000
0512	500	0231	33	27.110000
0512	500	0232	24	25.450000
0512	500	0232	34	33.810000
0512	500	0233	10	27.590000
0512	500	0233	21	31.540000
0512	500	0234	27	25.840000
0512	500	0234	33	26.780000
0512	500	0234	34	31.770000
0512	500	0235	21	26.200000
0512	500	0235	24	27.100000
0512	500	0235	29	30.680000
0512	500	0235	31	27.420000
0512	500	0236	19	25.940000
0512	500	0236	22	26.600000
0512	500	0237	17	25.500000
0512	500	0237	19	32.920000
0512	500	0237	20	26.240000
0512	500	0237	30	29.140000
0512	500	0237	34	32.850000
0512	500	0238	12	21.630000
0512	500	0238	15	22.080000
0512	500	0238	16	21.490000
0512	500	0238	26	25.800000
0512	500	0238	28	22.590000
0512	500	0238	29	23.660000
0512	500	0238	31	25.220000
0512	500	0238	33	24.320000
0512	500	0239	14	29.270000
0512	500	0239	26	35.620000
0512	500	0239	28	34.800000
0512	500	0239	30	35.070000
0512	500	0239	32	35.280000
0512	500	0239	34	35.850000
0512	500	0240	13	22.620000
0512	500	0240	19	24.490000
0512	500	0240	21	26.600000
0512	500	0241	15	30.150000
0512	500	0241	24	32.360000
0512	500	0242	21	20.360000
0512	500	0242	27	24.810000
0512	500	0242	28	24.420000
0512	500	0242	32	23.660000
0512	500	0242	35	27.200000
0512	500	0243	15	24.280000
0512	500	0243	22	23.540000
0512	500	0243	26	28.420000
0512	500	0243	28	35.250000
0512	500	0243	35	26.940000
0512	500	0244	18	27.050000
0512	500	0244	25	26.050000
0512	500	0244	30	29.430000
0512	500	0244	31	27.100000
0512	500	0244	33	31.630000
0512	500	0244	35	33.560000
0512	500	0245	13	22.190000
0512	500	0245	15	25.730000
0512	500	0245	18	24.190000
0512	500	0245	26	24.440000
0512	500	0245	32	24.090000
0512	500	0245	34	25.820000
0512	500	0246	13	21.590000
0512	500	0246	24	24.500000
0512	500	0247	12	19.550000
0512	500	0247	13	20.600000
0512	500	0247	20	21.930000
0512	500	0247	31	26.200000
0512	500	0247	33	22.570000
0512	500	0248	11	21.570000
0512	500	0248	20	24.830000
0512	500	0248	23	26.220000
0512	500	0249	26	27.420000
0512	500	0249	27	31.510000
0512	500	0249	29	31.250000
0512	500	0250	20	26.700000
0512	500	0250	21	27.170000
0512	500	0250	24	23.360000
0512	500	0250	26	28.470000
0512	500	0250	34	27.230000
0512	500	0251	13	29.150000
0512	500	0251	24	31.550000
0512	500	0251	26	35.180000
0512	500	0251	35	38.020000
0512	500	0252	29	22.340000
0512	500	0253	20	24.250000
0512	500	0253	27	26.060000
0512	500	0253	28	23.140000
0512	500	0254	18	26.900000
0512	500	0254	27	27.140000
0512	500	0254	31	37.820000
0512	500	0254	34	27.010000
0512	500	0255	24	26.930000
0512	500	0255	31	29.680000
0512	500	0256	16	20.380000
0512	500	0256	22	27.590000
0512	500	0256	23	22.000000
0512	500	0256	27	22.980000
0512	500	0257	26	27.920000
0512	500	0257	32	31.440000
0512	500	0257	34	30.180000
0512	500	0258	16	20.560000
0512	500	0258	27	26.900000
0512	500	0258	31	24.190000
0512	500	0258	35	26.350000
0512	500	0259	13	20.430000
0512	500	0259	19	26.450000
0512	500	0259	20	24.390000
0512	500	0259	21	22.310000
0512	500	0259	27	22.690000
0512	500	0259	31	30.820000
0512	500	0259	34	28.630000
0512	500	0260	21	23.300000
0512	500	0260	25	22.940000
0512	500	0260	29	24.170000
0512	500	0261	14	26.040000
0512	500	0261	28	29.750000
0512	500	0261	31	28.410000
0512	500	0261	33	30.590000
0512	500	0262	23	23.980000
0512	500	0262	28	24.780000
0512	500	0263	33	29.060000
0512	500	0264	13	20.070000
0512	500	0264	35	23.230000
0512	500	0265	16	20.610000
0512	500	0265	19	22.550000
0512	500	0265	26	23.900000
0512	500	0266	13	18.510000
0512	500	0266	22	23.920000
0512	500	0266	28	26.770000
0512	500	0266	32	28.260000
0512	500	0267	19	27.240000
0512	500	0267	21	24.840000
0512	500	0267	23	23.790000
0512	500	0267	35	27.160000
0512	500	0268	10	20.130000
0512	500	0268	11	19.330000
0512	500	0268	20	26.390000
0512	500	0268	35	32.690000
0512	500	0269	23	27.220000
0512	500	0269	27	30.560000
0512	500	0269	32	29.260000
0512	500	0270	18	21.670000
0512	500	0270	22	24.250000
0512	500	0270	32	25.660000
0512	500	0271	29	27.140000
0512	500	0271	31	27.610000
0512	500	0272	17	21.400000
0512	500	0272	18	20.300000
0512	500	0272	19	21.860000
0512	500	0272	23	22.330000
0512	500	0272	24	20.980000
0512	500	0272	25	25.420000
0512	500	0272	33	25.540000
0512	500	0273	15	27.490000
0512	500	0273	19	22.300000
0512	500	0273	31	31.250000
0512	500	0273	32	27.700000
0512	500	0273	34	23.080000
0512	500	0274	12	20.740000
0512	500	0274	14	21.250000
0512	500	0275	30	22.910000
0512	500	0275	33	26.400000
0512	500	0276	14	19.550000
0512	500	0276	23	24.230000
0512	500	0276	34	23.280000
0512	500	0277	23	25.590000
0512	500	0277	24	29.560000
0512	500	0277	31	26.870000
0512	500	0277	34	28.120000
0512	500	0277	35	33.700000
0512	500	0278	19	23.990000
0512	500	0278	20	29.630000
0512	500	0278	23	24.560000
0512	500	0278	27	24.920000
0512	500	0278	29	30.050000
0512	500	0279	16	22.970000
0512	500	0279	25	26.130000
0512	500	0279	27	28.620000
0512	500	0280	16	20.440000
0512	500	0280	19	23.130000
0512	500	0280	35	25.290000
0512	500	0281	12	21.550000
0512	500	0281	18	23.320000
0512	500	0281	23	26.670000
0512	500	0283	12	21.610000
0512	500	0283	24	24.650000
0512	500	0283	27	28.860000
0512	500	0283	28	26.220000
0512	500	0283	29	35.570000
0512	500	0283	32	28.980000
0512	500	0284	16	19.650000
0512	500	0284	23	23.520000
0512	500	0284	27	27.270000
0512	500	0285	23	23.380000
0512	500	0285	26	28.260000
0512	500	0286	16	23.130000
0512	500	0286	23	21.860000
0512	500	0286	24	22.860000
0512	500	0286	27	18.380000
0512	500	0286	34	26.670000
0512	500	0287	20	23.910000
0512	500	0287	21	19.870000
0512	500	0287	35	22.910000
0512	500	0288	12	18.400000
0512	500	0288	20	19.710000
0512	500	0288	24	20.540000
0512	500	0288	34	19.990000
0512	500	0288	35	20.400000
0512	500	0289	25	19.400000
0512	500	0289	28	19.380000
0512	500	0289	29	27.310000
0512	500	0289	32	22.220000
0512	500	0289	33	24.770000
0512	500	0290	19	18.340000
0512	500	0290	23	19.820000
0512	500	0290	34	23.000000
0512	500	0291	16	21.390000
0512	500	0291	20	23.600000
0512	500	0291	22	21.990000
0512	500	0292	30	26.170000
0512	500	0293	24	33.860000
0512	500	0293	29	29.490000
0512	500	0293	33	29.350000
0512	500	0293	34	30.080000
0512	500	0294	22	24.170000
0512	500	0294	25	20.080000
0512	500	0294	31	22.240000
0512	500	0294	32	21.640000
0512	500	0295	20	19.510000
0512	500	0295	29	25.390000
0512	500	0295	33	23.350000
0512	500	0296	15	20.120000
0512	500	0296	17	19.710000
0512	500	0296	30	23.140000
0512	500	0296	34	26.880000
0512	500	0297	20	21.750000
0512	500	0297	33	25.320000
0512	500	0298	21	24.440000
0512	500	0298	26	24.070000
0512	500	0298	33	27.540000
0512	500	0299	12	17.500000
0512	500	0299	21	19.400000
0512	500	0299	31	21.600000
0512	500	0300	26	23.590000
0512	500	0300	27	19.840000
0512	500	0300	33	22.460000
0512	500	0301	15	17.940000
0512	500	0301	31	20.510000
0512	500	0301	35	23.180000
0512	500	0302	23	23.240000
0512	500	0302	26	25.440000
0512	500	0302	33	29.400000
0512	500	0303	28	29.760000
0512	500	0304	30	23.900000
0512	500	0305	16	19.140000
0512	500	0305	23	24.100000
0512	500	0305	27	25.510000
0512	500	0305	28	24.580000
0512	500	0306	21	23.540000
0512	500	0306	31	26.610000
0512	500	0306	35	31.610000
0512	500	0307	18	23.010000
0512	500	0307	20	23.110000
0512	500	0307	28	26.180000
0512	500	0308	13	18.450000
0512	500	0308	33	23.790000
0512	500	0309	15	19.540000
0512	500	0309	19	19.430000
0512	500	0309	20	19.060000
0512	500	0309	25	24.560000
0512	500	0309	31	24.470000
0512	500	0310	23	19.640000
0512	500	0310	31	20.770000
0512	500	0311	13	22.400000
0512	500	0311	24	27.220000
0512	500	0311	27	29.500000
0512	500	0311	29	28.230000
0512	500	0312	16	18.510000
0512	500	0312	19	27.130000
0512	500	0312	20	20.940000
0512	500	0312	35	24.330000
0512	500	0313	15	22.840000
0512	500	0313	18	25.780000
0512	500	0313	25	28.010000
0512	500	0313	28	29.050000
0512	500	0314	14	25.400000
0512	500	0314	17	21.290000
0512	500	0314	24	24.900000
0512	500	0315	19	25.330000
0512	500	0315	21	19.420000
0512	500	0315	23	19.390000
0512	500	0315	24	19.050000
0512	500	0315	26	20.900000
0512	500	0316	21	19.390000
0512	500	0316	35	25.040000
0512	500	0317	24	26.610000
0512	500	0317	28	28.490000
0512	500	0317	32	27.100000
0512	500	0318	23	20.640000
0512	500	0318	27	19.290000
0512	500	0318	34	22.400000
0512	500	0319	23	17.460000
0512	500	0319	24	20.090000
0512	500	0320	17	20.250000
0512	500	0320	19	18.630000
0512	500	0320	22	18.660000
0512	500	0320	29	18.370000
0512	500	0320	33	21.160000
0512	500	0321	22	22.870000
0512	500	0321	26	20.820000
0512	500	0321	31	24.520000
0512	500	0322	25	21.040000
0512	500	0322	30	17.990000
0512	500	0322	34	25.350000
0512	500	0323	18	17.540000
0512	500	0323	27	17.350000
0512	500	0323	28	17.870000
0512	500	0323	29	19.630000
0512	500	0323	32	19.820000
0512	500	0324	14	17.780000
0512	500	0324	28	17.960000
0512	500	0324	34	20.960000
0512	500	0325	20	21.800000
0512	500	0325	24	23.290000
0512	500	0325	33	22.100000
0512	500	0325	35	24.240000
0512	500	0326	22	21.900000
0512	500	0326	23	23.440000
0512	500	0326	26	25.840000
0512	500	0326	30	22.660000
0512	500	0327	16	17.820000
0512	500	0327	34	24.570000
0512	500	0328	15	18.030000
0512	500	0328	22	22.580000
0512	500	0328	24	24.660000
0512	500	0328	28	24.780000
0512	500	0328	32	22.880000
0512	500	0329	13	16.940000
0512	500	0329	15	16.470000
0512	500	0329	29	19.440000
0512	500	0330	21	19.920000
0512	500	0330	34	21.320000
0512	500	0330	35	21.390000
0512	500	0331	18	24.020000
0512	500	0331	35	32.510000
0512	500	0332	18	18.620000
0512	500	0332	25	23.950000
0512	500	0332	35	23.080000
0512	500	0333	23	20.890000
0512	500	0333	30	22.010000
0512	500	0333	34	25.720000
0512	500	0334	13	19.970000
0512	500	0334	26	24.020000
0512	500	0334	27	25.130000
0512	500	0334	28	23.520000
0512	500	0335	14	17.380000
0512	500	0335	18	18.330000
0512	500	0335	20	17.640000
0512	500	0336	16	17.730000
0512	500	0336	24	22.260000
0512	500	0336	25	19.340000
0512	500	0336	26	18.060000
0512	500	0336	28	24.960000
0512	500	0337	18	22.770000
0512	500	0337	22	27.570000
0512	500	0337	23	25.680000
0512	500	0337	31	27.660000
0512	500	0338	17	15.740000
0512	500	0338	25	16.990000
0512	500	0339	17	21.290000
0512	500	0339	21	21.360000
0512	500	0339	22	19.120000
0512	500	0339	25	20.230000
0512	500	0339	26	35.340000
0512	500	0339	29	21.730000
0512	500	0339	31	24.100000
0512	500	0339	32	23.800000
0512	500	0339	34	30.670000
0512	500	0340	13	16.790000
0512	500	0340	22	20.610000
0512	500	0340	23	19.610000
0512	500	0340	25	21.630000
0512	500	0340	31	33.680000
0512	500	0340	32	20.680000
0512	500	0341	18	16.880000
0512	500	0342	21	19.760000
0512	500	0342	30	25.230000
0512	500	0343	27	25.590000
0512	500	0344	20	17.570000
0512	500	0344	32	24.250000
0512	500	0345	33	22.410000
0512	500	0346	18	17.890000
0512	500	0346	22	18.490000
0512	500	0346	23	19.030000
0512	500	0346	28	30.430000
0512	500	0346	30	22.950000
0512	500	0346	33	21.600000
0512	500	0347	17	22.720000
0512	500	0347	22	25.720000
0512	500	0347	26	31.720000
0512	500	0347	27	28.680000
0512	500	0347	29	31.360000
0512	500	0347	30	28.610000
0512	500	0348	20	16.690000
0512	500	0348	26	18.590000
0512	500	0349	25	26.090000
0512	500	0349	35	28.880000
0512	500	0350	17	19.310000
0512	500	0351	24	20.290000
0512	500	0351	25	18.800000
0512	500	0352	24	21.870000
0512	500	0352	25	17.230000
0512	500	0352	35	21.790000
0512	500	0353	15	22.550000
0512	500	0353	21	23.230000
0512	500	0353	22	23.550000
0512	500	0353	23	26.020000
0512	500	0353	34	28.820000
0512	500	0354	20	17.410000
0512	500	0354	26	19.200000
0512	500	0354	29	20.130000
0512	500	0354	30	21.320000
0512	500	0354	32	19.520000
0512	500	0354	33	21.270000
0512	500	0355	28	21.810000
0512	500	0355	34	24.930000
0512	500	0356	27	19.710000
0512	500	0357	22	19.070000
0512	500	0357	30	22.480000
0512	500	0358	28	27.260000
0512	500	0359	14	23.160000
0512	500	0359	20	25.500000
0512	500	0359	27	26.950000
0512	500	0360	18	17.680000
0512	500	0360	24	16.280000
0512	500	0360	31	22.100000
0512	500	0361	28	26.600000
0512	500	0361	35	29.320000
0512	500	0362	21	18.530000
0512	500	0362	28	22.390000
0512	500	0362	35	22.560000
0512	500	0363	34	20.720000
0512	500	0364	16	16.760000
0512	500	0364	28	20.520000
0512	500	0365	17	17.050000
0512	500	0365	27	18.840000
0512	500	0365	33	20.620000
0512	500	0365	34	41.720000
0512	500	0366	23	17.170000
0512	500	0366	33	21.740000
0512	500	0367	24	24.500000
0512	500	0367	29	26.880000
0512	500	0368	19	15.890000
0512	500	0368	25	19.090000
0512	500	0368	26	20.770000
0512	500	0368	30	18.530000
0512	500	0368	31	19.750000
0512	500	0369	27	21.820000
0512	500	0369	28	21.520000
0512	500	0370	19	15.320000
0512	500	0370	25	18.390000
0512	500	0370	31	19.760000
0512	500	0371	24	25.480000
0512	500	0371	27	18.260000
0512	500	0371	35	22.150000
0512	500	0372	24	17.150000
0512	500	0372	31	20.520000
0512	500	0372	32	22.160000
0512	500	0373	35	31.580000
0512	500	0374	19	14.670000
0512	500	0374	22	14.800000
0512	500	0374	24	15.230000
0512	500	0374	27	17.680000
0512	500	0375	27	18.360000
0512	500	0375	33	19.610000
0512	500	0375	35	24.970000
0512	500	0376	15	16.450000
0512	500	0376	20	17.150000
0512	500	0376	28	21.020000
0512	500	0377	26	16.700000
0512	500	0378	18	17.160000
0512	500	0378	30	24.860000
0512	500	0378	32	18.020000
0512	500	0379	25	24.290000
0512	500	0379	30	28.970000
0512	500	0380	29	17.960000
0512	500	0380	32	19.990000
0512	500	0380	33	21.600000
0512	500	0380	34	18.510000
0512	500	0381	23	21.510000
0512	500	0381	24	19.990000
0512	500	0381	25	19.670000
0512	500	0381	30	20.500000
0512	500	0381	33	21.110000
0512	500	0381	34	22.360000
0512	500	0382	29	27.280000
0512	500	0382	30	21.660000
0512	500	0382	33	24.850000
0512	500	0382	34	21.460000
0512	500	0383	21	22.960000
0512	500	0383	28	27.470000
0512	500	0384	18	15.740000
0512	500	0384	26	17.350000
0512	500	0384	31	20.330000
0512	500	0384	35	19.980000
0512	500	0385	16	17.640000
0512	500	0385	27	18.720000
0512	500	0385	29	21.290000
0512	500	0385	30	18.920000
0512	500	0385	32	21.580000
0512	500	0386	15	17.960000
0512	500	0386	17	16.840000
0512	500	0386	18	17.550000
0512	500	0386	20	18.610000
0512	500	0386	28	19.920000
0512	500	0387	17	17.430000
0512	500	0387	23	17.730000
0512	500	0388	19	16.070000
0512	500	0388	32	21.250000
0512	500	0389	25	25.730000
0512	500	0389	32	29.730000
0512	500	0389	35	35.330000
0512	500	0390	21	16.860000
0512	500	0390	27	17.610000
0512	500	0390	29	17.990000
0512	500	0391	32	18.910000
0512	500	0391	35	16.170000
0512	500	0392	15	15.890000
0512	500	0392	29	19.870000
0512	500	0392	32	18.550000
0512	500	0392	33	16.610000
0512	500	0393	35	22.600000
0512	500	0394	20	17.630000
0512	500	0394	30	22.890000
0512	500	0394	34	21.590000
0512	500	0395	22	16.900000
0512	500	0395	28	20.720000
0512	500	0396	17	15.510000
0512	500	0396	33	21.410000
0512	500	0397	29	31.040000
0512	500	0397	34	31.370000
0512	500	0398	35	22.270000
0512	500	0399	28	20.150000
0512	500	0399	31	22.720000
0512	500	0399	34	22.730000
0512	500	0401	20	22.690000
0512	500	0401	21	26.640000
0512	500	0401	23	24.160000
0512	500	0401	29	26.990000
0512	500	0401	35	28.150000
0512	500	0402	24	16.380000
0512	500	0402	26	17.180000
0512	500	0402	33	25.220000
0512	500	0403	16	14.890000
0512	500	0403	21	15.390000
0512	500	0403	35	19.760000
0512	500	0405	29	20.070000
0512	500	0405	34	19.390000
0512	500	0406	22	14.890000
0512	500	0406	29	15.530000
0512	500	0407	18	15.610000
0512	500	0407	21	15.320000
0512	500	0407	34	18.130000
0512	500	0408	23	16.030000
0512	500	0408	26	21.170000
0512	500	0409	17	23.660000
0512	500	0409	23	23.410000
0512	500	0409	25	24.470000
0512	500	0409	26	24.480000
0512	500	0409	32	26.570000
0512	500	0410	26	15.500000
0512	500	0411	19	15.850000
0512	500	0411	20	16.200000
0512	500	0412	19	14.840000
0512	500	0412	20	14.800000
0512	500	0412	26	16.320000
0512	500	0412	27	17.620000
0512	500	0412	28	17.090000
0512	500	0412	29	18.310000
0512	500	0412	30	23.770000
0512	500	0412	35	19.310000
0512	500	0413	20	15.680000
0512	500	0413	21	15.310000
0512	500	0413	27	18.250000
0512	500	0413	31	17.550000
0512	500	0413	32	20.710000
0512	500	0413	35	18.980000
0512	500	0414	28	19.490000
0512	500	0414	34	22.290000
0512	500	0415	28	21.180000
0512	500	0415	32	19.110000
0512	500	0415	34	18.760000
0512	500	0416	21	15.000000
0512	500	0416	25	15.680000
0512	500	0416	26	15.050000
0512	500	0416	27	16.000000
0512	500	0416	35	20.060000
0512	500	0417	20	15.800000
0512	500	0417	22	16.860000
0512	500	0417	35	19.620000
0512	500	0418	24	14.240000
0512	500	0418	29	14.730000
0512	500	0418	33	22.810000
0512	500	0419	28	27.640000
0512	500	0420	20	16.000000
0512	500	0420	34	17.120000
0512	500	0421	26	24.150000
0512	500	0421	33	28.560000
0512	500	0422	19	17.080000
0512	500	0422	33	29.500000
0512	500	0424	26	15.890000
0512	500	0424	33	17.790000
0512	500	0424	34	19.330000
0512	500	0425	20	16.300000
0512	500	0425	22	16.610000
0512	500	0425	28	16.530000
0512	500	0425	32	18.630000
0512	500	0426	33	21.010000
0512	500	0426	34	18.820000
0512	500	0427	24	15.570000
0512	500	0427	33	18.190000
0512	500	0428	31	20.000000
0512	500	0428	34	21.640000
0512	500	0428	35	21.140000
0512	500	0429	20	17.290000
0512	500	0429	24	18.310000
0512	500	0429	26	17.240000
0512	500	0429	30	17.160000
0512	500	0429	33	19.930000
0512	500	0430	35	19.030000
0512	500	0431	23	24.640000
0512	500	0431	31	26.470000
0512	500	0431	35	27.680000
0512	500	0432	31	17.930000
0512	500	0433	33	28.270000
0512	500	0434	17	14.230000
0512	500	0435	18	16.950000
0512	500	0435	26	16.560000
0512	500	0435	33	19.480000
0512	500	0436	25	16.080000
0512	500	0436	31	19.460000
0512	500	0436	35	22.100000
0512	500	0437	18	24.420000
0512	500	0437	19	22.700000
0512	500	0437	22	22.780000
0512	500	0437	25	24.870000
0512	500	0437	27	25.160000
0512	500	0438	22	17.860000
0512	500	0438	26	15.400000
0512	500	0438	29	16.050000
0512	500	0438	31	17.790000
0512	500	0438	32	17.630000
0512	500	0439	26	32.200000
0512	500	0439	27	30.750000
0512	500	0440	20	16.050000
0512	500	0440	26	16.490000
0512	500	0440	35	20.480000
0512	500	0441	23	16.350000
0512	500	0442	22	13.040000
0512	500	0442	33	20.610000
0512	500	0443	25	23.750000
0512	500	0443	33	30.650000
0512	500	0444	26	16.780000
0512	500	0444	27	15.190000
0512	500	0444	28	15.630000
0512	500	0444	30	15.770000
0512	500	0444	32	20.330000
0512	500	0445	18	14.400000
0512	500	0445	34	18.860000
0512	500	0446	33	21.850000
0512	500	0447	21	15.570000
0512	500	0447	30	20.880000
0512	500	0447	33	24.010000
0512	500	0447	34	19.350000
0512	500	0447	35	23.340000
0512	500	0448	28	15.390000
0512	500	0449	34	28.800000
0512	500	0450	32	18.230000
0512	500	0450	34	20.280000
0512	500	0451	20	13.820000
0512	500	0451	28	15.050000
0512	500	0452	22	16.760000
0512	500	0452	30	17.390000
0512	500	0452	32	18.000000
0512	500	0453	28	21.390000
0512	500	0453	32	20.740000
0512	500	0453	35	24.810000
0512	500	0454	29	19.700000
0512	500	0454	34	24.370000
0512	500	0455	17	16.040000
0512	500	0456	21	15.530000
0512	500	0457	28	26.700000
0512	500	0459	28	16.240000
0512	500	0459	29	16.080000
0512	500	0459	33	16.890000
0512	500	0459	34	17.500000
0512	500	0460	26	14.510000
0512	500	0460	31	16.030000
0512	500	0460	35	17.340000
0512	500	0461	21	22.370000
0512	500	0461	25	23.760000
0512	500	0461	29	25.580000
0512	500	0461	33	28.080000
0512	500	0462	24	16.530000
0512	500	0462	33	17.370000
0512	500	0463	29	24.400000
0512	500	0463	31	25.490000
0512	500	0463	32	25.980000
0512	500	0463	33	26.300000
0512	500	0464	22	13.820000
0512	500	0464	32	15.100000
0512	500	0465	30	22.860000
0512	500	0466	18	16.850000
0512	500	0466	19	16.590000
0512	500	0466	24	18.470000
0512	500	0466	25	19.300000
0512	500	0466	31	20.160000
0512	500	0466	34	27.370000
0512	500	0467	26	23.440000
0512	500	0467	30	24.540000
0512	500	0467	33	26.580000
0512	500	0467	34	28.320000
0512	500	0468	23	14.040000
0512	500	0469	29	15.690000
0512	500	0470	21	13.180000
0512	500	0470	27	15.410000
0512	500	0471	22	15.960000
0512	500	0471	28	17.450000
0512	500	0472	24	15.070000
0512	500	0472	35	19.590000
0512	500	0473	35	15.560000
0512	500	0474	27	16.090000
0512	500	0475	22	14.950000
0512	500	0476	27	16.100000
0512	500	0476	29	16.150000
0512	500	0476	33	18.330000
0512	500	0477	27	16.430000
0512	500	0479	20	21.480000
0512	500	0479	33	25.690000
0512	500	0479	35	29.760000
0512	500	0480	30	14.260000
0512	500	0480	32	14.630000
0512	500	0481	18	13.420000
0512	500	0481	23	13.610000
0512	500	0481	29	15.000000
0512	500	0482	30	19.440000
0512	500	0482	34	23.730000
0512	500	0483	27	15.490000
0512	500	0484	35	16.280000
0512	500	0485	24	14.720000
0512	500	0486	19	14.750000
0512	500	0486	25	15.330000
0512	500	0486	27	16.610000
0512	500	0486	33	16.000000
0512	500	0487	22	25.310000
0512	500	0487	26	23.300000
0512	500	0487	28	23.660000
0512	500	0488	31	17.170000
0512	500	0490	25	14.850000
0512	500	0490	28	15.660000
0512	500	0492	30	15.600000
0512	500	0493	20	13.770000
0512	500	0493	27	13.430000
0512	500	0493	30	14.160000
0512	500	0495	24	15.010000
0512	500	0495	26	16.060000
0512	500	0495	31	15.770000
0512	500	0495	35	17.980000
0512	500	0496	22	13.600000
0512	500	0497	22	13.590000
0512	500	0497	24	16.330000
0512	500	0497	27	15.290000
0512	500	0497	31	16.620000
0512	500	0497	34	15.980000
0512	500	0498	26	14.570000
0512	500	0498	28	17.130000
0512	500	0498	31	15.720000
0512	500	0499	28	24.350000
0512	500	0499	31	24.920000
0512	500	0500	35	17.300000
0512	500	0502	26	17.740000
0512	500	0502	32	19.670000
0512	500	0503	25	23.380000
0512	500	0504	24	13.900000
0512	500	0504	29	14.740000
0512	500	0504	32	14.360000
0512	500	0505	30	17.000000
0512	500	0506	34	13.270000
0512	500	0507	28	14.990000
0512	500	0507	31	15.180000
0512	500	0508	22	13.610000
0512	500	0508	27	30.490000
0512	500	0509	27	23.660000
0512	500	0510	31	15.480000
0512	500	0510	33	14.820000
0512	500	0510	35	18.750000
0512	500	0511	28	14.340000
0512	500	0511	31	14.450000
0512	500	0512	25	14.300000
0512	500	0512	34	14.670000
0512	500	0514	30	16.720000
0512	500	0515	25	14.140000
0512	500	0516	26	14.470000
0512	500	0516	28	15.470000
0512	500	0517	32	13.110000
0512	500	0518	29	13.600000
0512	500	0518	30	12.810000
0512	500	0519	24	14.310000
0512	500	0519	29	14.570000
0512	500	0519	32	15.900000
0512	500	0520	24	21.640000
0512	500	0523	27	19.580000
0512	500	0523	29	18.480000
0512	500	0523	30	18.570000
0512	500	0523	35	22.710000
0512	500	0524	20	12.580000
0512	500	0524	21	12.960000
0512	500	0524	35	18.550000
0512	500	0525	25	15.990000
0512	500	0526	23	15.690000
0512	500	0526	30	16.150000
0512	500	0527	27	13.500000
0512	500	0527	33	14.040000
0512	500	0528	29	14.700000
0512	500	0528	33	14.730000
0512	500	0529	24	12.540000
0512	500	0529	35	13.760000
0512	500	0531	30	15.800000
0512	500	0532	29	13.540000
0512	500	0532	35	14.580000
0512	500	0533	26	13.000000
0512	500	0533	35	19.780000
0512	500	0534	32	14.770000
0512	500	0535	31	14.290000
0512	500	0536	25	13.870000
0512	500	0538	27	15.530000
0512	500	0539	28	15.180000
0512	500	0539	30	14.260000
0512	500	0540	23	14.400000
0512	500	0541	30	18.570000
0512	500	0543	33	17.270000
0512	500	0544	30	14.700000
0512	500	0544	31	14.090000
0512	500	0545	29	14.200000
0512	500	0545	32	14.060000
0512	500	0547	21	16.030000
0512	500	0547	27	17.740000
0512	500	0547	28	18.110000
0512	500	0548	27	13.900000
0512	500	0549	25	15.100000
0512	500	0550	26	14.410000
0512	500	0550	28	15.170000
0512	500	0551	33	12.720000
0512	500	0552	29	13.360000
0512	500	0553	23	12.760000
0512	500	0555	28	14.450000
0512	500	0555	31	16.720000
0512	500	0556	29	15.630000
0512	500	0557	30	19.520000
0512	500	0558	30	14.780000
0512	500	0558	33	14.920000
0512	500	0559	22	13.060000
0512	500	0559	28	12.640000
0512	500	0559	35	13.590000
0512	500	0560	26	15.350000
0512	500	0561	27	16.440000
0512	500	0561	32	14.920000
0512	500	0562	28	15.720000
0512	500	0562	30	16.420000
0512	500	0564	26	14.280000
0512	500	0564	29	13.670000
0512	500	0564	33	15.240000
0512	500	0566	25	14.660000
0512	500	0567	30	15.050000
0512	500	0567	34	17.460000
0512	500	0568	27	14.230000
0512	500	0568	32	15.880000
0512	500	0569	32	20.280000
0512	500	0570	28	13.510000
0512	500	0570	35	15.110000
0512	500	0572	28	13.960000
0512	500	0573	27	15.810000
0512	500	0573	32	16.040000
0512	500	0574	29	12.780000
0512	500	0575	28	14.970000
0512	500	0575	31	15.080000
0512	500	0575	35	16.740000
0512	500	0576	23	12.530000
0512	500	0578	33	12.440000
0512	500	0578	34	12.970000
0512	500	0580	34	13.990000
0512	500	0580	35	14.360000
0512	500	0581	22	12.650000
0512	500	0582	29	13.950000
0512	500	0582	33	15.600000
0512	500	0583	35	14.240000
0512	500	0585	29	13.880000
0512	500	0585	30	16.040000
0512	500	0585	32	16.630000
0512	500	0585	34	14.560000
0512	500	0585	35	15.610000
0512	500	0588	30	15.310000
0512	500	0589	26	12.620000
0512	500	0590	35	13.560000
0512	500	0591	26	14.560000
0512	500	0595	27	14.800000
0512	500	0596	35	16.450000
0512	500	0598	29	13.380000
0512	500	0598	33	14.220000
0512	500	0599	33	19.670000
0512	500	0600	27	13.530000
0512	500	0600	31	14.360000
0512	500	0600	32	12.600000
0512	500	0600	34	13.650000
0512	500	0601	27	18.800000
0512	500	0602	32	13.680000
0512	500	0602	34	13.170000
0512	500	0603	34	15.230000
0512	500	0604	23	14.040000
0512	500	0605	27	13.550000
0512	500	0605	28	13.760000
0512	500	0605	29	15.800000
0512	500	0606	27	13.380000
0512	500	0606	28	13.380000
0512	500	0606	35	16.290000
0512	500	0607	30	20.490000
0512	500	0607	34	21.830000
0512	500	0608	35	13.910000
0512	500	0609	27	13.690000
0512	500	0610	30	13.620000
0512	500	0610	31	14.920000
0512	500	0610	33	13.300000
0512	500	0611	31	13.330000
0512	500	0612	24	13.500000
0512	500	0615	30	15.100000
0512	500	0615	35	15.670000
0512	500	0616	28	13.090000
0512	500	0616	30	12.940000
0512	500	0617	33	20.020000
0512	500	0618	32	15.580000
0512	500	0619	29	24.040000
0512	500	0621	35	15.110000
0512	500	0624	32	14.170000
0512	500	0626	28	15.020000
0512	500	0626	31	15.980000
0512	500	0626	35	16.880000
0512	500	0627	25	13.810000
0512	500	0630	29	14.600000
0512	500	0631	34	20.500000
0512	500	0632	33	15.720000
0512	500	0634	35	18.240000
0512	500	0635	29	13.890000
0512	500	0636	31	12.520000
0512	500	0636	33	14.360000
0512	500	0638	35	13.590000
0512	500	0640	32	13.120000
0512	500	0641	32	19.340000
0512	500	0642	33	13.090000
0512	500	0643	29	19.250000
0512	500	0645	25	12.860000
0512	500	0645	35	14.610000
0512	500	0647	35	21.590000
0512	500	0649	26	13.030000
0512	500	0650	31	13.500000
0512	500	0650	34	14.550000
0512	500	0651	27	13.130000
0512	500	0651	34	25.120000
0512	500	0654	26	12.050000
0512	500	0655	31	13.850000
0512	500	0658	35	15.560000
0512	500	0659	27	17.410000
0512	500	0659	34	21.210000
0512	500	0660	27	13.830000
0512	500	0660	29	13.720000
0512	500	0661	31	19.460000
0512	500	0663	23	14.050000
0512	500	0663	32	14.050000
0512	500	0665	33	14.720000
0512	500	0666	27	12.990000
0512	500	0666	32	14.000000
0512	500	0667	33	11.520000
0512	500	0667	34	13.620000
0512	500	0668	24	12.640000
0512	500	0668	25	12.950000
0512	500	0669	30	14.560000
0512	500	0670	31	11.660000
0512	500	0670	34	12.220000
0512	500	0672	34	15.810000
0512	500	0672	35	13.120000
0512	500	0673	33	20.320000
0512	500	0673	35	21.730000
0512	500	0676	35	12.840000
0512	500	0680	30	14.520000
0512	500	0680	32	15.010000
0512	500	0681	27	14.240000
0512	500	0681	31	17.860000
0512	500	0682	35	12.110000
0512	500	0685	29	14.430000
0512	500	0687	31	14.880000
0512	500	0693	29	13.900000
0512	500	0693	35	14.130000
0512	500	0694	34	20.810000
0512	500	0695	30	13.100000
0512	500	0695	33	13.730000
0512	500	0696	27	12.170000
0512	500	0696	34	12.190000
0512	500	0698	28	14.900000
0512	500	0699	33	14.670000
0512	500	0699	35	15.510000
0512	500	0700	32	13.960000
0512	500	0702	33	12.250000
0512	500	0702	34	12.830000
0512	500	0711	31	13.820000
0512	500	0713	35	11.870000
0512	500	0714	29	11.770000
0512	500	0714	35	12.920000
0512	500	0726	32	13.010000
0512	500	0728	28	15.130000
0512	500	0729	32	12.440000
0512	500	0732	28	12.840000
0512	500	0734	31	15.870000
0512	500	0735	26	12.290000
0512	500	0736	32	15.030000
0512	500	0737	30	12.100000
0512	500	0737	32	11.990000
0512	500	0741	35	15.630000
0512	500	0743	33	20.660000
0512	500	0744	34	13.940000
0512	500	0748	31	11.610000
0512	500	0749	31	25.190000
0512	500	0750	35	14.140000
0512	500	0751	34	20.690000
0512	500	0752	32	13.150000
0512	500	0752	35	13.820000
0512	500	0762	29	11.910000
0512	500	0763	35	16.120000
0512	500	0767	35	11.970000
0512	500	0768	33	12.730000
0512	500	0769	35	21.530000
0512	500	0774	31	12.600000
0512	500	0776	34	13.390000
0512	500	0780	30	12.600000
0512	500	0780	32	12.320000
0512	500	0786	33	16.330000
0512	500	0788	29	12.370000
0512	500	0788	31	12.720000
0512	500	0788	35	17.960000
0512	500	0792	35	13.950000
0512	500	0801	30	12.670000
0512	500	0804	35	13.610000
0512	500	0805	31	12.270000
0512	500	0819	34	13.580000
0512	500	0821	31	19.710000
0512	500	0821	35	21.270000
0512	500	0824	34	12.870000
0512	500	0828	31	12.040000
0512	500	0842	34	16.300000
0512	500	0847	32	12.340000
0512	500	0850	32	13.190000
0512	500	0853	31	19.310000
0512	500	0854	35	12.250000
0512	500	0869	35	12.810000
0512	500	0880	34	12.440000
0512	500	0885	33	13.800000
0512	500	0886	34	16.230000
0512	500	0891	32	12.300000
0512	500	0905	33	11.590000
0512	500	0921	33	15.650000
0512	500	0941	34	21.120000
0512	500	0005	04	584.930000
0512	500	0009	08	352.120000
0512	500	0011	10	323.020000
0512	500	0013	06	259.220000
0512	500	0013	12	275.210000
0512	500	0014	02	257.190000
0512	500	0020	03	160.320000
0512	500	0020	17	182.330000
0512	500	0026	06	139.720000
0512	500	0030	09	121.710000
0512	500	0031	19	139.020000
0512	500	0033	12	115.880000
0512	500	0033	23	122.690000
0512	500	0033	30	122.510000
0512	500	0035	17	108.890000
0512	500	0036	34	114.980000
0512	500	0037	13	117.580000
0512	500	0038	22	111.470000
0512	500	0040	11	90.470000
0512	500	0040	23	92.610000
0512	500	0041	34	122.360000
0512	500	0044	07	80.730000
0512	500	0044	25	91.470000
0512	500	0044	35	95.980000
0512	500	0045	32	90.590000
0512	500	0046	31	103.790000
0512	500	0046	33	105.580000
0512	500	0047	16	96.460000
0512	500	0050	04	66.170000
0512	500	0050	27	80.650000
0512	500	0051	28	88.590000
0512	500	0052	33	86.210000
0512	500	0053	09	81.740000
0512	500	0053	15	88.280000
0512	500	0053	18	89.200000
0512	500	0053	27	95.910000
0512	500	0056	29	72.520000
0512	500	0058	16	77.180000
0512	500	0062	14	74.600000
0512	500	0065	22	67.710000
0512	500	0066	09	76.820000
0512	500	0067	13	88.760000
0512	500	0069	12	63.970000
0512	500	0070	14	59.110000
0512	500	0070	28	59.620000
0512	500	0071	09	92.920000
0512	500	0072	05	53.090000
0512	500	0072	12	57.620000
0512	500	0073	20	69.830000
0512	500	0074	17	62.320000
0512	500	0074	22	66.490000
0512	500	0074	24	64.430000
0512	500	0074	33	71.970000
0512	500	0075	30	59.830000
0512	500	0077	25	55.150000
0512	500	0078	11	102.210000
0512	500	0081	21	56.200000
0512	500	0081	22	57.570000
0512	500	0082	24	63.540000
0512	500	0084	12	52.160000
0512	500	0086	11	80.410000
0512	500	0087	16	53.690000
0512	500	0087	17	54.560000
0512	500	0087	27	57.610000
0512	500	0089	19	60.330000
0512	500	0092	26	52.910000
0512	500	0093	15	51.260000
0512	500	0095	18	47.800000
0512	500	0096	24	48.810000
0512	500	0097	04	45.010000
0512	500	0098	19	42.730000
0512	500	0099	12	148.480000
0512	500	0099	25	51.290000
0512	500	0099	30	52.530000
0512	500	0099	32	49.840000
0512	500	0104	17	48.430000
0512	500	0104	35	51.220000
0512	500	0105	14	70.100000
0512	500	0106	23	50.500000
0512	500	0107	32	57.220000
0512	500	0109	17	71.150000
0512	500	0109	31	54.670000
0512	500	0110	11	165.610000
0512	500	0112	16	39.360000
0512	500	0115	17	67.260000
0512	500	0115	33	48.940000
0512	500	0117	25	45.690000
0512	500	0118	28	52.750000
0512	500	0119	32	42.990000
0512	500	0121	20	57.470000
0512	500	0122	17	88.310000
0512	500	0122	22	46.850000
0512	500	0123	20	49.790000
0512	500	0125	14	89.330000
0512	500	0125	25	36.850000
0512	500	0126	15	79.880000
0512	500	0127	09	43.640000
0512	500	0127	29	53.990000
0512	500	0128	26	36.270000
0512	500	0129	18	49.870000
0512	500	0130	10	34.510000
0512	500	0130	31	41.150000
0512	500	0131	14	44.750000
0512	500	0132	12	36.980000
0512	500	0132	33	38.020000
0512	500	0133	08	31.740000
0512	500	0133	30	40.610000
0512	500	0134	24	40.990000
0512	500	0135	13	38.210000
0512	500	0135	20	38.870000
0512	500	0136	08	34.440000
0512	500	0136	15	217.860000
0512	500	0136	20	34.790000
0512	500	0137	11	38.850000
0512	500	0138	14	178.010000
0512	500	0142	07	32.490000
0512	500	0142	32	44.510000
0512	500	0143	28	34.420000
0512	500	0145	05	32.330000
0512	500	0146	34	43.780000
0512	500	0147	27	34.260000
0512	500	0148	23	66.500000
0512	500	0148	29	37.190000
0512	500	0151	06	32.760000
0512	500	0151	09	37.920000
0512	500	0152	19	73.800000
0512	500	0154	10	28.030000
0512	500	0154	13	29.280000
0512	500	0154	21	84.240000
0512	500	0154	31	29.300000
0512	500	0156	35	36.140000
0512	500	0157	22	120.920000
0512	500	0157	23	41.370000
0512	500	0158	22	68.480000
0512	500	0160	26	35.140000
0512	500	0162	10	30.310000
0512	500	0163	14	39.400000
0512	500	0164	30	36.760000
0512	500	0165	15	33.550000
0512	500	0165	19	77.470000
0512	500	0165	20	124.250000
0512	500	0166	25	49.650000
0512	500	0167	30	47.630000
0512	500	0170	09	25.250000
0512	500	0170	14	27.660000
0512	500	0170	29	31.140000
0512	500	0173	21	78.490000
0512	500	0174	17	29.200000
0512	500	0174	35	38.080000
0512	500	0177	17	30.320000
0512	500	0180	08	26.170000
0512	500	0182	19	162.360000
0512	500	0185	14	27.530000
0512	500	0189	33	28.950000
0512	500	0191	12	33.720000
0512	500	0191	32	37.990000
0512	500	0192	27	66.840000
0512	500	0192	33	27.350000
0512	500	0193	14	33.470000
0512	500	0196	35	26.700000
0512	500	0200	10	25.250000
0512	500	0201	09	25.500000
0512	500	0201	10	25.040000
0512	500	0202	18	31.670000
0512	500	0204	14	26.020000
0512	500	0205	27	50.090000
0512	500	0206	22	148.670000
0512	500	0207	08	25.330000
0512	500	0207	31	33.390000
0512	500	0209	16	24.130000
0512	500	0210	21	185.600000
0512	500	0211	21	34.530000
0512	500	0212	31	34.690000
0512	500	0213	29	67.090000
0512	500	0216	21	23.670000
0512	500	0219	26	141.290000
0512	500	0222	30	52.790000
0512	500	0223	15	32.820000
0512	500	0223	30	89.890000
0512	500	0224	19	24.200000
0512	500	0226	20	26.550000
0512	500	0226	29	57.020000
0512	500	0226	33	51.620000
0512	500	0228	24	30.760000
0512	500	0229	27	188.630000
0512	500	0232	28	137.020000
0512	500	0234	33	77.000000
0512	500	0235	11	20.640000
0512	500	0237	34	33.070000
0512	500	0238	15	20.340000
0512	500	0241	30	139.050000
0512	500	0243	21	25.390000
0512	500	0245	10	21.310000
0512	500	0246	17	27.350000
0512	500	0248	28	89.670000
0512	500	0251	18	28.330000
0512	500	0252	10	20.620000
0512	500	0255	25	25.300000
0512	500	0256	21	20.880000
0512	500	0258	24	24.150000
0512	500	0260	28	181.670000
0512	500	0261	25	23.820000
0512	500	0264	24	20.930000
0512	500	0264	33	49.800000
0512	500	0265	14	20.850000
0512	500	0265	29	144.880000
0512	500	0266	24	21.950000
0512	500	0267	12	21.170000
0512	500	0267	25	25.060000
0512	500	0268	18	21.520000
0512	500	0268	27	167.330000
0512	500	0269	10	21.960000
0512	500	0270	21	22.730000
0512	500	0270	28	146.810000
0512	500	0272	14	20.180000
0512	500	0272	16	21.450000
0512	500	0272	25	21.620000
0512	500	0272	33	77.880000
0512	500	0274	25	23.700000
0512	500	0277	16	23.290000
0512	500	0277	23	24.740000
0512	500	0277	25	26.600000
0512	500	0277	34	101.800000
0512	500	0278	20	22.330000
0512	500	0278	23	25.430000
0512	500	0279	15	22.540000
0512	500	0279	27	23.770000
0512	500	0280	10	20.460000
0512	500	0280	16	20.590000
0512	500	0280	32	143.850000
0512	500	0281	19	23.390000
0512	500	0283	11	21.570000
0512	500	0284	14	18.990000
0512	500	0289	28	19.070000
0512	500	0290	24	21.550000
0512	500	0294	18	19.460000
0512	500	0295	29	22.230000
0512	500	0296	14	18.780000
0512	500	0296	18	20.710000
0512	500	0296	31	158.370000
0512	500	0297	14	20.300000
0512	500	0297	27	21.310000
0512	500	0301	17	18.390000
0512	500	0301	31	26.360000
0512	500	0302	18	21.850000
0512	500	0304	23	18.580000
0512	500	0306	25	21.100000
0512	500	0306	33	133.010000
0512	500	0309	14	18.170000
0512	500	0309	16	18.450000
0512	500	0311	19	23.640000
0512	500	0311	29	28.470000
0512	500	0311	32	173.400000
0512	500	0313	27	28.660000
0512	500	0314	25	23.960000
0512	500	0315	30	23.060000
0512	500	0317	31	28.110000
0512	500	0318	16	17.930000
0512	500	0318	27	21.170000
0512	500	0319	23	18.300000
0512	500	0319	26	18.600000
0512	500	0322	16	16.680000
0512	500	0323	24	17.320000
0512	500	0324	28	18.800000
0512	500	0326	12	19.870000
0512	500	0327	11	17.900000
0512	500	0331	15	22.550000
0512	500	0334	19	20.380000
0512	500	0334	26	23.390000
0512	500	0337	18	23.560000
0512	500	0337	33	29.840000
0512	500	0339	19	18.560000
0512	500	0339	25	19.980000
0512	500	0340	27	19.230000
0512	500	0341	13	16.860000
0512	500	0342	21	19.440000
0512	500	0343	14	17.210000
0512	500	0343	33	19.200000
0512	500	0344	18	16.610000
0512	500	0346	30	22.520000
0512	500	0346	33	23.490000
0512	500	0347	22	24.550000
0512	500	0348	20	17.580000
0512	500	0349	17	22.640000
0512	500	0352	23	16.400000
0512	500	0353	20	23.040000
0512	500	0354	13	16.240000
0512	500	0354	16	16.420000
0512	500	0354	35	22.560000
0512	500	0356	23	17.670000
0512	500	0361	13	22.530000
0512	500	0363	14	19.260000
0512	500	0368	26	19.900000
0512	500	0370	14	15.210000
0512	500	0372	22	17.020000
0512	500	0373	21	23.070000
0512	500	0373	22	23.320000
0512	500	0373	24	27.460000
0512	500	0375	28	18.300000
0512	500	0375	35	20.130000
0512	500	0377	26	16.040000
0512	500	0378	13	16.390000
0512	500	0380	29	16.550000
0512	500	0381	23	18.980000
0512	500	0381	34	25.140000
0512	500	0384	14	17.010000
0512	500	0384	19	16.070000
0512	500	0386	26	21.630000
0512	500	0392	21	16.410000
0512	500	0392	29	18.770000
0512	500	0393	22	16.470000
0512	500	0399	17	16.870000
0512	500	0401	16	22.680000
0512	500	0401	30	27.930000
0512	500	0402	32	18.330000
0512	500	0406	35	15.520000
0512	500	0407	34	17.800000
0512	500	0413	27	17.480000
0512	500	0414	23	18.820000
0512	500	0416	33	17.350000
0512	500	0421	18	22.720000
0512	500	0421	33	28.910000
0512	500	0424	22	15.050000
0512	500	0426	26	15.790000
0512	500	0428	16	15.180000
0512	500	0429	19	16.760000
0512	500	0430	23	15.670000
0512	500	0432	20	14.870000
0512	500	0434	27	14.810000
0512	500	0435	29	23.110000
0512	500	0436	33	17.630000
0512	500	0437	27	25.700000
0512	500	0439	25	23.350000
0512	500	0440	22	15.280000
0512	500	0441	22	15.210000
0512	500	0441	31	16.640000
0512	500	0444	16	13.970000
0512	500	0444	24	14.610000
0512	500	0445	15	14.290000
0512	500	0447	34	20.330000
0512	500	0447	35	20.410000
0512	500	0450	18	16.860000
0512	500	0450	27	15.520000
0512	500	0455	17	15.760000
0512	500	0456	23	15.090000
0512	500	0472	29	18.670000
0512	500	0478	18	16.600000
0512	500	0480	34	16.600000
0512	500	0484	26	13.730000
0512	500	0486	28	13.950000
0512	500	0487	35	27.080000
0512	500	0489	33	21.450000
0512	500	0490	24	14.050000
0512	500	0491	25	22.770000
0512	500	0498	19	14.490000
0512	500	0498	30	15.130000
0512	500	0499	17	21.040000
0512	500	0500	19	14.280000
0512	500	0503	27	22.680000
0512	500	0505	20	13.920000
0512	500	0505	21	13.910000
0512	500	0505	30	20.160000
0512	500	0506	27	12.460000
0512	500	0507	34	18.610000
0512	500	0509	25	20.880000
0512	500	0510	35	15.890000
0512	500	0511	21	13.200000
0512	500	0512	23	12.960000
0512	500	0512	25	15.540000
0512	500	0516	29	15.400000
0512	500	0516	32	14.800000
0512	500	0519	21	13.650000
0512	500	0521	26	17.220000
0512	500	0521	32	19.160000
0512	500	0522	23	14.540000
0512	500	0522	25	14.540000
0512	500	0524	20	12.750000
0512	500	0527	26	12.840000
0512	500	0527	34	13.100000
0512	500	0531	30	15.470000
0512	500	0532	28	13.890000
0512	500	0534	20	13.010000
0512	500	0534	27	13.690000
0512	500	0536	31	14.990000
0512	500	0537	18	13.500000
0512	500	0540	18	13.150000
0512	500	0541	33	21.520000
0512	500	0546	31	16.290000
0512	500	0548	29	14.400000
0512	500	0556	30	14.070000
0512	500	0557	30	18.300000
0512	500	0560	26	13.760000
0512	500	0564	27	13.290000
0512	500	0565	31	14.610000
0512	500	0567	35	14.740000
0512	500	0568	25	13.760000
0512	500	0570	20	12.600000
0512	500	0573	23	13.100000
0512	500	0577	35	21.090000
0512	500	0587	35	21.330000
0512	500	0588	21	13.590000
0512	500	0591	23	13.300000
0512	500	0593	32	19.000000
0512	500	0595	33	15.400000
0512	500	0596	29	14.100000
0512	500	0605	29	13.080000
0512	500	0607	32	24.920000
0512	500	0608	27	12.610000
0512	500	0611	21	11.920000
0512	500	0611	26	11.500000
0512	500	0618	21	12.410000
0512	500	0621	22	13.080000
0512	500	0622	24	14.190000
0512	500	0629	30	11.460000
0512	500	0632	34	14.750000
0512	500	0637	33	13.270000
0512	500	0639	32	14.670000
0512	500	0641	32	19.390000
0512	500	0646	23	11.320000
0512	500	0652	25	13.080000
0512	500	0653	34	20.310000
0512	500	0654	31	15.120000
0512	500	0658	27	11.340000
0512	500	0660	24	11.910000
0512	500	0670	28	11.990000
0512	500	0670	32	11.920000
0512	500	0673	29	18.630000
0512	500	0675	33	13.750000
0512	500	0679	35	13.420000
0512	500	0680	35	13.590000
0512	500	0683	30	18.910000
0512	500	0683	33	19.880000
0512	500	0685	32	12.740000
0512	500	0691	31	19.390000
0512	500	0697	30	11.300000
0512	500	0698	27	14.220000
0512	500	0699	34	15.450000
0512	500	0700	25	11.820000
0512	500	0707	34	13.430000
0512	500	0710	26	11.690000
0512	500	0710	29	11.850000
0512	500	0722	25	9.680000
0512	500	0727	27	17.670000
0512	500	0728	30	12.470000
0512	500	0737	29	10.790000
0512	500	0742	26	11.560000
0512	500	0743	29	21.230000
0512	500	0744	25	12.150000
0512	500	0750	28	12.220000
0512	500	0752	32	12.230000
0512	500	0755	31	12.480000
0512	500	0757	32	20.060000
0512	500	0758	26	14.400000
0512	500	0759	26	13.000000
0512	500	0762	30	11.720000
0512	500	0767	26	10.810000
0512	500	0769	35	20.770000
0512	500	0772	33	12.380000
0512	500	0773	34	20.770000
0512	500	0778	28	15.570000
0512	500	0778	29	15.510000
0512	500	0779	34	12.170000
0512	500	0782	32	10.610000
0512	500	0782	33	10.850000
0512	500	0784	27	12.800000
0512	500	0787	27	18.380000
0512	500	0796	31	11.990000
0512	500	0797	29	18.480000
0512	500	0802	28	14.440000
0512	500	0803	29	11.690000
0512	500	0804	31	11.850000
0512	500	0807	30	12.150000
0512	500	0810	29	11.910000
0512	500	0810	32	12.290000
0512	500	0813	34	12.350000
0512	500	0820	30	10.990000
0512	500	0821	29	18.990000
0512	500	0837	28	13.010000
0512	500	0838	30	15.230000
0512	500	0839	32	19.900000
0512	500	0844	32	13.600000
0512	500	0850	35	12.780000
0512	500	0854	30	10.500000
0512	500	0854	35	12.200000
0512	500	0859	35	21.060000
0512	500	0862	34	15.440000
0512	500	0872	33	12.480000
0512	500	0874	33	10.520000
0512	500	0878	30	15.260000
0512	500	0880	30	11.680000
0512	500	0891	35	12.680000
0512	500	0896	31	11.030000
0512	500	0919	33	20.050000
0512	500	0920	33	12.970000
0512	500	0927	33	11.470000
0512	500	0928	31	12.110000
0512	500	0944	33	12.800000
0512	500	0984	34	12.870000
0512	500	1017	34	11.800000
0512	500	1043	35	12.180000
