0512	500	0003	01	24.080000
0512	500	0003	02	25.800000
0512	500	0004	02	13.630000
0512	500	0004	04	19.490000
0512	500	0006	03	15.240000
0512	500	0007	01	37.610000
0512	500	0007	05	19.240000
0512	500	0007	06	26.080000
0512	500	0007	07	16.370000
0512	500	0008	01	18.200000
0512	500	0008	04	13.700000
0512	500	0008	08	22.810000
0512	500	0009	05	18.070000
0512	500	0009	08	14.240000
0512	500	0009	09	20.230000
0512	500	0010	02	10.670000
0512	500	0010	06	20.040000
0512	500	0011	06	18.520000
0512	500	0011	07	21.270000
0512	500	0011	10	14.280000
0512	500	0012	11	10.770000
0512	500	0013	01	21.440000
0512	500	0013	02	17.030000
0512	500	0013	04	22.430000
0512	500	0013	06	25.590000
0512	500	0013	07	13.950000
0512	500	0013	08	25.110000
0512	500	0013	09	20.210000
0512	500	0013	13	10.490000
0512	500	0014	01	15.830000
0512	500	0014	03	19.280000
0512	500	0014	05	16.540000
0512	500	0014	07	15.280000
0512	500	0014	10	7.690000
0512	500	0015	06	17.900000
0512	500	0015	07	12.980000
0512	500	0015	09	18.190000
0512	500	0015	15	13.340000
0512	500	0016	07	7.780000
0512	500	0016	10	11.230000
0512	500	0016	11	11.580000
0512	500	0016	12	13.240000
0512	500	0016	13	13.460000
0512	500	0016	14	10.120000
0512	500	0017	02	15.000000
0512	500	0017	05	13.280000
0512	500	0017	06	17.470000
0512	500	0017	11	17.130000
0512	500	0017	14	14.380000
0512	500	0017	16	13.670000
0512	500	0018	05	13.560000
0512	500	0018	06	8.730000
0512	500	0018	13	10.340000
0512	500	0018	17	9.380000
0512	500	0018	18	10.260000
0512	500	0019	11	19.060000
0512	500	0019	17	10.430000
0512	500	0019	19	9.710000
0512	500	0020	07	9.240000
0512	500	0020	09	13.450000
0512	500	0020	12	12.520000
0512	500	0020	14	20.090000
0512	500	0020	17	17.170000
0512	500	0021	05	21.820000
0512	500	0021	06	11.490000
0512	500	0021	12	11.980000
0512	500	0021	19	14.280000
0512	500	0021	20	7.170000
0512	500	0022	03	7.900000
0512	500	0022	08	12.340000
0512	500	0022	09	11.320000
0512	500	0022	13	10.580000
0512	500	0022	15	16.920000
0512	500	0022	16	13.250000
0512	500	0022	18	9.980000
0512	500	0022	21	9.030000
0512	500	0023	04	19.910000
0512	500	0023	05	11.890000
0512	500	0023	08	11.330000
0512	500	0023	20	33.370000
0512	500	0024	09	13.250000
0512	500	0024	18	11.680000
0512	500	0024	20	10.270000
0512	500	0024	23	10.600000
0512	500	0025	09	6.910000
0512	500	0025	12	9.190000
0512	500	0025	22	26.950000
0512	500	0026	07	10.460000
0512	500	0026	11	14.040000
0512	500	0026	13	10.840000
0512	500	0026	25	10.800000
0512	500	0026	26	7.870000
0512	500	0027	10	9.080000
0512	500	0028	05	26.040000
0512	500	0028	15	9.930000
0512	500	0028	17	10.150000
0512	500	0028	19	8.770000
0512	500	0028	20	14.680000
0512	500	0028	26	8.060000
0512	500	0028	27	6.800000
0512	500	0029	07	6.930000
0512	500	0029	10	13.690000
0512	500	0029	19	17.250000
0512	500	0029	20	13.940000
0512	500	0029	25	13.080000
0512	500	0029	27	7.210000
0512	500	0029	29	6.750000
0512	500	0030	04	6.470000
0512	500	0030	08	9.600000
0512	500	0030	09	7.130000
0512	500	0030	15	17.110000
0512	500	0030	16	10.540000
0512	500	0030	17	8.030000
0512	500	0030	21	10.050000
0512	500	0030	22	14.180000
0512	500	0030	23	11.760000
0512	500	0031	02	16.680000
0512	500	0031	05	31.090000
0512	500	0031	10	6.740000
0512	500	0031	12	10.180000
0512	500	0031	15	8.550000
0512	500	0031	19	6.560000
0512	500	0031	20	11.890000
0512	500	0031	22	6.920000
0512	500	0031	23	9.280000
0512	500	0031	24	10.970000
0512	500	0031	26	7.380000
0512	500	0031	29	8.280000
0512	500	0031	30	15.870000
0512	500	0031	31	8.660000
0512	500	0032	10	7.510000
0512	500	0032	14	6.970000
0512	500	0032	24	7.840000
0512	500	0032	27	6.920000
0512	500	0032	30	11.110000
0512	500	0032	32	7.550000
0512	500	0033	09	6.210000
0512	500	0033	13	13.330000
0512	500	0033	18	11.230000
0512	500	0033	20	20.200000
0512	500	0033	21	8.740000
0512	500	0033	22	12.990000
0512	500	0033	24	20.950000
0512	500	0033	25	7.270000
0512	500	0033	30	10.920000
0512	500	0034	02	8.320000
0512	500	0034	08	10.500000
0512	500	0034	14	8.540000
0512	500	0034	15	7.630000
0512	500	0034	26	7.390000
0512	500	0034	27	7.200000
0512	500	0034	32	8.510000
0512	500	0034	34	9.530000
0512	500	0035	06	9.590000
0512	500	0035	08	11.860000
0512	500	0035	18	10.300000
0512	500	0035	19	7.660000
0512	500	0035	24	7.810000
0512	500	0035	25	10.920000
0512	500	0035	26	11.230000
0512	500	0035	30	10.110000
0512	500	0035	34	12.390000
0512	500	0036	05	8.260000
0512	500	0036	08	7.490000
0512	500	0036	10	7.550000
0512	500	0036	17	12.320000
0512	500	0036	19	10.700000
0512	500	0036	20	9.610000
0512	500	0036	26	7.460000
0512	500	0036	27	10.270000
0512	500	0036	31	7.600000
0512	500	0037	04	10.280000
0512	500	0037	07	14.180000
0512	500	0037	09	11.070000
0512	500	0037	11	9.470000
0512	500	0037	12	15.550000
0512	500	0037	14	9.590000
0512	500	0037	17	6.670000
0512	500	0037	18	13.510000
0512	500	0037	21	11.720000
0512	500	0037	22	8.170000
0512	500	0037	28	20.990000
0512	500	0037	30	10.040000
0512	500	0037	31	12.090000
0512	500	0037	32	10.320000
0512	500	0037	33	11.460000
0512	500	0038	02	8.700000
0512	500	0038	03	9.270000
0512	500	0038	08	9.060000
0512	500	0038	15	18.890000
0512	500	0038	22	9.120000
0512	500	0038	27	6.350000
0512	500	0038	28	8.830000
0512	500	0038	29	9.860000
0512	500	0038	33	13.360000
0512	500	0038	34	8.990000
0512	500	0038	35	19.750000
0512	500	0039	08	10.370000
0512	500	0039	10	11.770000
0512	500	0039	13	7.070000
0512	500	0039	20	11.870000
0512	500	0039	23	8.770000
0512	500	0039	29	8.110000
0512	500	0039	30	8.700000
0512	500	0039	35	11.020000
0512	500	0040	03	18.810000
0512	500	0040	04	33.970000
0512	500	0040	09	10.640000
0512	500	0040	20	11.250000
0512	500	0040	21	12.730000
0512	500	0040	27	10.660000
0512	500	0040	30	6.960000
0512	500	0040	35	10.500000
0512	500	0041	05	5.990000
0512	500	0041	09	11.150000
0512	500	0041	14	24.030000
0512	500	0041	15	10.270000
0512	500	0041	18	9.610000
0512	500	0041	22	10.330000
0512	500	0041	31	10.010000
0512	500	0042	02	6.300000
0512	500	0042	06	11.580000
0512	500	0042	08	10.260000
0512	500	0042	09	8.540000
0512	500	0042	15	9.180000
0512	500	0042	18	7.550000
0512	500	0042	20	22.110000
0512	500	0042	33	6.430000
0512	500	0043	03	13.430000
0512	500	0043	07	11.230000
0512	500	0043	22	17.390000
0512	500	0043	24	8.120000
0512	500	0043	25	33.460000
0512	500	0043	27	9.360000
0512	500	0044	10	10.940000
0512	500	0044	13	7.400000
0512	500	0044	24	8.550000
0512	500	0044	26	8.330000
0512	500	0044	28	7.710000
0512	500	0044	32	8.660000
0512	500	0044	33	10.610000
0512	500	0044	35	17.580000
0512	500	0045	04	10.350000
0512	500	0045	08	8.850000
0512	500	0045	11	11.820000
0512	500	0045	12	12.490000
0512	500	0045	13	41.990000
0512	500	0045	14	19.810000
0512	500	0045	17	20.390000
0512	500	0045	20	11.170000
0512	500	0045	23	7.120000
0512	500	0045	24	7.370000
0512	500	0045	33	8.750000
0512	500	0046	04	9.430000
0512	500	0046	06	12.810000
0512	500	0046	11	7.030000
0512	500	0046	21	7.650000
0512	500	0046	22	6.140000
0512	500	0046	24	5.910000
0512	500	0046	26	8.570000
0512	500	0046	27	9.250000
0512	500	0046	30	7.210000
0512	500	0046	33	8.680000
0512	500	0046	35	7.300000
0512	500	0047	11	8.600000
0512	500	0047	15	10.880000
0512	500	0047	17	10.930000
0512	500	0047	20	34.730000
0512	500	0048	03	11.120000
0512	500	0048	04	10.820000
0512	500	0048	09	7.530000
0512	500	0048	10	6.510000
0512	500	0048	12	8.600000
0512	500	0048	20	9.200000
0512	500	0048	31	10.590000
0512	500	0048	35	8.190000
0512	500	0049	03	10.280000
0512	500	0049	05	9.160000
0512	500	0049	10	6.240000
0512	500	0049	12	9.040000
0512	500	0049	14	8.060000
0512	500	0049	17	10.040000
0512	500	0049	19	62.140000
0512	500	0049	21	10.970000
0512	500	0049	31	17.710000
0512	500	0050	21	8.000000
0512	500	0051	04	5.500000
0512	500	0051	05	10.370000
0512	500	0051	06	9.940000
0512	500	0051	10	8.180000
0512	500	0051	14	6.970000
0512	500	0051	17	8.390000
0512	500	0051	21	26.020000
0512	500	0051	22	14.780000
0512	500	0051	23	8.970000
0512	500	0051	26	12.380000
0512	500	0051	29	7.900000
0512	500	0052	06	11.080000
0512	500	0052	12	11.210000
0512	500	0052	22	12.980000
0512	500	0052	25	12.710000
0512	500	0052	26	11.540000
0512	500	0052	32	60.190000
0512	500	0053	03	8.550000
0512	500	0053	05	11.030000
0512	500	0053	06	8.940000
0512	500	0053	12	8.880000
0512	500	0053	18	10.740000
0512	500	0053	20	10.540000
0512	500	0053	21	10.520000
0512	500	0053	27	14.620000
0512	500	0053	31	12.530000
0512	500	0053	32	9.600000
0512	500	0054	07	12.040000
0512	500	0054	08	9.040000
0512	500	0054	22	7.810000
0512	500	0054	27	12.800000
0512	500	0054	33	10.990000
0512	500	0054	35	10.130000
0512	500	0055	08	17.670000
0512	500	0055	11	10.380000
0512	500	0055	15	7.090000
0512	500	0055	22	11.800000
0512	500	0055	26	8.140000
0512	500	0055	27	12.430000
0512	500	0055	32	14.930000
0512	500	0055	35	10.930000
0512	500	0056	03	12.730000
0512	500	0056	04	8.390000
0512	500	0056	08	5.640000
0512	500	0056	17	7.780000
0512	500	0056	18	8.480000
0512	500	0056	19	11.150000
0512	500	0056	20	6.470000
0512	500	0056	23	5.670000
0512	500	0056	24	27.160000
0512	500	0056	25	14.770000
0512	500	0056	27	12.290000
0512	500	0056	29	6.420000
0512	500	0057	08	10.490000
0512	500	0057	09	11.950000
0512	500	0057	13	8.450000
0512	500	0057	15	10.190000
0512	500	0057	22	28.620000
0512	500	0057	27	9.520000
0512	500	0057	30	12.570000
0512	500	0057	31	11.310000
0512	500	0057	33	12.990000
0512	500	0057	34	14.110000
0512	500	0058	07	14.960000
0512	500	0058	12	10.740000
0512	500	0058	20	11.770000
0512	500	0058	25	15.630000
0512	500	0058	28	33.860000
0512	500	0058	30	13.230000
0512	500	0058	33	8.960000
0512	500	0058	35	9.890000
0512	500	0059	08	7.820000
0512	500	0059	15	11.170000
0512	500	0059	20	9.280000
0512	500	0059	24	13.050000
0512	500	0059	26	13.460000
0512	500	0059	28	9.690000
0512	500	0059	29	30.160000
0512	500	0059	31	13.250000
0512	500	0059	35	8.690000
0512	500	0060	08	7.340000
0512	500	0060	27	7.230000
0512	500	0060	28	10.630000
0512	500	0060	32	9.140000
0512	500	0060	33	11.510000
0512	500	0060	35	7.720000
0512	500	0061	07	9.030000
0512	500	0061	08	8.040000
0512	500	0061	11	7.920000
0512	500	0061	24	8.960000
0512	500	0061	32	15.710000
0512	500	0061	34	8.620000
0512	500	0062	10	7.880000
0512	500	0062	19	6.930000
0512	500	0062	31	7.850000
0512	500	0063	07	10.460000
0512	500	0063	20	9.110000
0512	500	0063	28	7.090000
0512	500	0063	30	6.290000
0512	500	0063	32	6.720000
0512	500	0063	35	7.680000
0512	500	0064	09	7.730000
0512	500	0064	10	5.780000
0512	500	0064	14	14.850000
0512	500	0064	21	8.090000
0512	500	0064	24	7.620000
0512	500	0064	25	5.450000
0512	500	0064	27	6.670000
0512	500	0064	28	15.860000
0512	500	0064	31	7.180000
0512	500	0064	35	7.070000
0512	500	0065	14	20.340000
0512	500	0065	16	11.380000
0512	500	0065	19	10.460000
0512	500	0065	20	14.520000
0512	500	0065	21	12.390000
0512	500	0065	25	19.000000
0512	500	0065	29	13.650000
0512	500	0065	32	42.080000
0512	500	0065	33	15.390000
0512	500	0066	23	13.260000
0512	500	0066	24	34.310000
0512	500	0066	26	12.700000
0512	500	0066	27	17.310000
0512	500	0066	28	30.900000
0512	500	0066	34	12.650000
0512	500	0067	05	12.690000
0512	500	0067	10	19.820000
0512	500	0067	14	14.040000
0512	500	0067	16	25.180000
0512	500	0067	18	15.020000
0512	500	0067	19	11.730000
0512	500	0067	20	7.160000
0512	500	0067	21	15.380000
0512	500	0067	31	10.150000
0512	500	0067	32	10.790000
0512	500	0068	05	10.680000
0512	500	0068	14	9.900000
0512	500	0068	16	9.600000
0512	500	0068	20	11.100000
0512	500	0068	26	10.570000
0512	500	0068	34	10.850000
0512	500	0068	35	11.590000
0512	500	0069	06	11.710000
0512	500	0069	07	9.990000
0512	500	0069	15	13.020000
0512	500	0069	16	13.070000
0512	500	0069	18	9.140000
0512	500	0069	20	10.800000
0512	500	0069	22	10.270000
0512	500	0069	24	13.050000
0512	500	0069	29	13.130000
0512	500	0069	34	23.510000
0512	500	0070	13	8.390000
0512	500	0070	15	12.720000
0512	500	0070	16	13.300000
0512	500	0070	18	8.020000
0512	500	0070	20	8.800000
0512	500	0070	25	10.360000
0512	500	0070	30	14.680000
0512	500	0070	34	38.880000
0512	500	0071	13	16.830000
0512	500	0071	15	7.340000
0512	500	0071	19	14.580000
0512	500	0071	20	9.750000
0512	500	0071	21	9.530000
0512	500	0071	25	13.910000
0512	500	0071	26	11.170000
0512	500	0071	27	13.780000
0512	500	0071	30	16.930000
0512	500	0071	32	16.130000
0512	500	0071	33	12.200000
0512	500	0072	04	8.570000
0512	500	0072	11	11.180000
0512	500	0072	14	10.590000
0512	500	0072	18	6.490000
0512	500	0072	19	6.570000
0512	500	0072	25	17.100000
0512	500	0072	26	4.760000
0512	500	0072	29	6.330000
0512	500	0072	31	9.700000
0512	500	0072	32	6.580000
0512	500	0072	33	9.260000
0512	500	0072	35	9.700000
0512	500	0073	06	7.150000
0512	500	0073	07	6.940000
0512	500	0073	15	6.570000
0512	500	0073	23	5.380000
0512	500	0073	30	8.090000
0512	500	0073	31	11.450000
0512	500	0074	06	9.510000
0512	500	0074	15	16.080000
0512	500	0074	27	15.490000
0512	500	0074	28	19.000000
0512	500	0075	14	9.850000
0512	500	0075	18	11.620000
0512	500	0075	21	14.880000
0512	500	0075	24	18.560000
0512	500	0075	34	9.570000
0512	500	0075	35	12.420000
0512	500	0076	08	17.130000
0512	500	0076	14	10.410000
0512	500	0076	15	10.870000
0512	500	0076	18	14.290000
0512	500	0076	22	11.340000
0512	500	0076	24	13.820000
0512	500	0076	28	13.010000
0512	500	0076	31	17.250000
0512	500	0076	33	15.520000
0512	500	0077	07	11.880000
0512	500	0077	16	10.320000
0512	500	0077	18	13.100000
0512	500	0077	21	11.150000
0512	500	0077	22	16.090000
0512	500	0077	23	11.420000
0512	500	0077	33	9.330000
0512	500	0078	13	12.750000
0512	500	0078	23	8.460000
0512	500	0078	31	14.150000
0512	500	0078	32	12.640000
0512	500	0079	08	14.420000
0512	500	0079	27	13.770000
0512	500	0079	30	14.930000
0512	500	0079	32	12.870000
0512	500	0079	34	14.870000
0512	500	0080	22	11.120000
0512	500	0080	26	11.550000
0512	500	0080	28	8.750000
0512	500	0080	30	17.510000
0512	500	0081	11	9.200000
0512	500	0081	13	10.750000
0512	500	0081	15	6.780000
0512	500	0081	16	11.060000
0512	500	0081	32	9.620000
0512	500	0081	35	8.180000
0512	500	0082	11	7.570000
0512	500	0082	15	9.940000
0512	500	0082	23	5.920000
0512	500	0082	29	19.660000
0512	500	0083	09	9.930000
0512	500	0083	11	8.500000
0512	500	0083	12	7.460000
0512	500	0083	15	8.240000
0512	500	0083	17	8.860000
0512	500	0083	22	14.040000
0512	500	0083	24	17.850000
0512	500	0083	29	7.410000
0512	500	0083	30	8.100000
0512	500	0083	32	9.330000
0512	500	0084	07	5.830000
0512	500	0084	13	9.600000
0512	500	0084	18	8.330000
0512	500	0084	19	8.210000
0512	500	0084	21	8.890000
0512	500	0084	28	7.360000
0512	500	0084	29	8.630000
0512	500	0084	30	9.060000
0512	500	0084	34	8.990000
0512	500	0084	35	7.820000
0512	500	0085	17	9.710000
0512	500	0085	19	5.950000
0512	500	0085	22	9.120000
0512	500	0085	31	7.910000
0512	500	0086	09	10.770000
0512	500	0086	10	9.240000
0512	500	0086	19	10.340000
0512	500	0086	20	28.150000
0512	500	0086	23	12.060000
0512	500	0086	25	25.980000
0512	500	0086	31	15.030000
0512	500	0087	09	27.160000
0512	500	0087	11	19.080000
0512	500	0087	17	13.460000
0512	500	0087	20	14.490000
0512	500	0087	22	29.480000
0512	500	0087	23	19.660000
0512	500	0087	35	15.500000
0512	500	0088	07	11.140000
0512	500	0088	09	10.920000
0512	500	0088	16	10.140000
0512	500	0088	23	43.120000
0512	500	0088	26	13.190000
0512	500	0088	28	14.030000
0512	500	0088	29	9.880000
0512	500	0088	30	26.500000
0512	500	0089	09	16.650000
0512	500	0089	13	14.610000
0512	500	0089	30	17.630000
0512	500	0089	34	12.340000
0512	500	0089	35	13.030000
0512	500	0090	14	16.330000
0512	500	0090	30	51.450000
0512	500	0090	31	11.750000
0512	500	0090	33	16.720000
0512	500	0091	13	9.550000
0512	500	0091	27	9.080000
0512	500	0091	35	13.300000
0512	500	0092	05	17.810000
0512	500	0092	15	12.900000
0512	500	0092	18	9.710000
0512	500	0092	21	19.610000
0512	500	0092	23	35.540000
0512	500	0092	25	16.930000
0512	500	0092	26	11.270000
0512	500	0093	07	13.610000
0512	500	0093	09	11.890000
0512	500	0093	10	18.770000
0512	500	0093	13	11.270000
0512	500	0093	17	10.980000
0512	500	0093	20	8.980000
0512	500	0093	25	16.450000
0512	500	0093	26	17.030000
0512	500	0093	27	11.420000
0512	500	0094	12	8.770000
0512	500	0094	17	14.490000
0512	500	0094	20	9.270000
0512	500	0094	22	12.670000
0512	500	0094	24	20.740000
0512	500	0094	27	10.330000
0512	500	0094	29	9.710000
0512	500	0094	34	14.310000
0512	500	0095	09	12.790000
0512	500	0095	21	14.100000
0512	500	0095	25	17.120000
0512	500	0095	33	11.690000
0512	500	0095	35	13.650000
0512	500	0096	04	11.440000
0512	500	0096	08	10.260000
0512	500	0096	11	10.700000
0512	500	0096	21	9.080000
0512	500	0096	29	8.910000
0512	500	0096	31	12.950000
0512	500	0096	35	12.330000
0512	500	0097	07	8.600000
0512	500	0097	09	9.270000
0512	500	0097	14	7.990000
0512	500	0097	17	12.060000
0512	500	0097	28	18.080000
0512	500	0097	31	9.920000
0512	500	0097	33	10.070000
0512	500	0097	34	18.170000
0512	500	0098	10	9.160000
0512	500	0098	20	12.880000
0512	500	0098	25	12.910000
0512	500	0098	26	10.460000
0512	500	0098	31	11.300000
0512	500	0098	33	7.910000
0512	500	0099	10	14.590000
0512	500	0099	17	10.780000
0512	500	0099	21	8.450000
0512	500	0099	23	11.740000
0512	500	0099	24	14.950000
0512	500	0099	27	14.020000
0512	500	0099	28	14.040000
0512	500	0099	29	24.810000
0512	500	0100	05	7.730000
0512	500	0100	14	7.390000
0512	500	0100	15	20.410000
0512	500	0100	18	8.140000
0512	500	0100	20	10.920000
0512	500	0100	22	12.890000
0512	500	0100	27	8.420000
0512	500	0100	32	17.640000
0512	500	0100	33	18.490000
0512	500	0101	05	8.550000
0512	500	0101	06	8.380000
0512	500	0101	09	8.080000
0512	500	0101	14	6.610000
0512	500	0101	18	7.440000
0512	500	0101	21	11.470000
0512	500	0101	25	4.570000
0512	500	0101	26	9.270000
0512	500	0101	27	7.650000
0512	500	0101	28	6.180000
0512	500	0101	29	9.290000
0512	500	0101	31	12.000000
0512	500	0101	33	9.270000
0512	500	0102	08	6.060000
0512	500	0102	14	5.860000
0512	500	0102	24	9.530000
0512	500	0102	34	8.100000
0512	500	0102	35	9.940000
0512	500	0103	09	10.000000
0512	500	0103	21	12.450000
0512	500	0103	25	14.930000
0512	500	0103	30	15.610000
0512	500	0104	15	13.820000
0512	500	0104	16	10.170000
0512	500	0104	17	16.370000
0512	500	0104	20	11.200000
0512	500	0104	22	16.090000
0512	500	0104	29	13.750000
0512	500	0104	31	24.430000
0512	500	0104	33	12.310000
0512	500	0104	34	13.380000
0512	500	0105	09	11.470000
0512	500	0105	17	11.280000
0512	500	0105	23	14.120000
0512	500	0105	25	13.730000
0512	500	0105	28	19.650000
0512	500	0105	32	10.160000
0512	500	0106	12	10.120000
0512	500	0106	19	11.230000
0512	500	0106	23	12.590000
0512	500	0106	27	15.960000
0512	500	0106	31	20.490000
0512	500	0106	33	13.360000
0512	500	0106	34	16.110000
0512	500	0107	16	10.640000
0512	500	0107	17	13.720000
0512	500	0107	28	10.460000
0512	500	0107	30	14.030000
0512	500	0107	31	12.690000
0512	500	0107	35	13.710000
0512	500	0108	07	13.840000
0512	500	0108	10	13.500000
0512	500	0108	19	13.650000
0512	500	0108	27	13.920000
0512	500	0108	30	11.730000
0512	500	0109	15	37.940000
0512	500	0109	17	15.350000
0512	500	0109	26	45.040000
0512	500	0109	28	12.590000
0512	500	0109	29	12.170000
0512	500	0109	35	17.390000
0512	500	0110	06	9.020000
0512	500	0110	10	10.520000
0512	500	0110	21	12.140000
0512	500	0110	24	12.750000
0512	500	0110	25	13.460000
0512	500	0110	34	13.930000
0512	500	0111	20	10.800000
0512	500	0111	22	11.550000
0512	500	0111	29	11.830000
0512	500	0112	09	13.240000
0512	500	0112	13	12.410000
0512	500	0112	14	12.300000
0512	500	0112	19	16.170000
0512	500	0112	20	26.030000
0512	500	0112	23	9.410000
0512	500	0112	25	14.160000
0512	500	0112	26	10.490000
0512	500	0112	30	20.000000
0512	500	0112	32	17.630000
0512	500	0113	08	10.150000
0512	500	0113	18	36.260000
0512	500	0113	20	13.610000
0512	500	0113	22	11.180000
0512	500	0113	23	14.930000
0512	500	0113	25	9.890000
0512	500	0113	31	17.740000
0512	500	0114	06	29.740000
0512	500	0114	21	20.450000
0512	500	0114	24	12.050000
0512	500	0114	27	11.180000
0512	500	0114	30	10.610000
0512	500	0114	33	32.740000
0512	500	0114	35	10.350000
0512	500	0115	10	15.860000
0512	500	0115	16	12.190000
0512	500	0115	17	26.180000
0512	500	0115	24	18.490000
0512	500	0115	26	17.040000
0512	500	0115	27	15.020000
0512	500	0115	32	10.650000
0512	500	0115	35	10.610000
0512	500	0116	26	12.000000
0512	500	0116	27	11.770000
0512	500	0117	10	10.370000
0512	500	0117	11	34.050000
0512	500	0117	19	12.170000
0512	500	0117	26	9.270000
0512	500	0117	27	11.370000
0512	500	0118	14	8.480000
0512	500	0118	15	8.450000
0512	500	0118	16	9.730000
0512	500	0118	28	11.590000
0512	500	0119	08	13.150000
0512	500	0119	09	12.560000
0512	500	0119	17	9.690000
0512	500	0119	18	11.310000
0512	500	0119	22	10.470000
0512	500	0119	27	16.750000
0512	500	0119	31	10.320000
0512	500	0120	10	12.780000
0512	500	0120	13	12.490000
0512	500	0120	16	17.880000
0512	500	0120	17	13.860000
0512	500	0120	19	7.500000
0512	500	0120	23	11.870000
0512	500	0120	25	11.090000
0512	500	0120	28	8.180000
0512	500	0120	29	13.620000
0512	500	0120	30	9.530000
0512	500	0121	07	8.770000
0512	500	0121	12	8.610000
0512	500	0121	17	9.240000
0512	500	0121	18	10.760000
0512	500	0121	20	16.250000
0512	500	0121	30	11.060000
0512	500	0121	35	12.440000
0512	500	0122	05	11.340000
0512	500	0122	06	9.790000
0512	500	0122	07	12.220000
0512	500	0122	11	9.780000
0512	500	0122	12	9.640000
0512	500	0122	14	11.070000
0512	500	0122	17	17.190000
0512	500	0122	18	12.340000
0512	500	0122	21	13.970000
0512	500	0122	28	10.040000
0512	500	0122	31	13.450000
0512	500	0123	08	7.910000
0512	500	0123	15	13.540000
0512	500	0123	22	9.310000
0512	500	0123	23	7.280000
0512	500	0123	24	8.990000
0512	500	0123	25	10.490000
0512	500	0123	28	9.900000
0512	500	0123	31	10.540000
0512	500	0123	35	11.580000
0512	500	0124	10	12.670000
0512	500	0124	20	11.050000
0512	500	0124	22	9.140000
0512	500	0124	25	9.250000
0512	500	0124	26	9.910000
0512	500	0124	31	8.230000
0512	500	0125	09	21.610000
0512	500	0125	17	11.720000
0512	500	0125	20	11.660000
0512	500	0125	30	8.310000
0512	500	0125	31	7.260000
0512	500	0125	35	10.850000
0512	500	0126	25	12.660000
0512	500	0126	31	7.960000
0512	500	0126	32	7.180000
0512	500	0126	33	7.170000
0512	500	0127	24	6.680000
0512	500	0127	26	6.600000
0512	500	0127	29	5.200000
0512	500	0127	31	7.250000
0512	500	0127	33	10.750000
0512	500	0127	34	6.180000
0512	500	0128	08	11.770000
0512	500	0128	14	6.450000
0512	500	0128	16	6.000000
0512	500	0128	27	5.720000
0512	500	0128	29	6.560000
0512	500	0128	30	5.880000
0512	500	0128	33	7.370000
0512	500	0129	06	15.410000
0512	500	0129	10	15.210000
0512	500	0129	18	14.080000
0512	500	0129	19	13.600000
0512	500	0129	23	23.070000
0512	500	0129	26	19.630000
0512	500	0129	30	15.470000
0512	500	0129	32	30.730000
0512	500	0130	08	12.400000
0512	500	0130	12	13.060000
0512	500	0130	16	42.490000
0512	500	0130	27	18.360000
0512	500	0130	31	22.850000
0512	500	0131	13	16.680000
0512	500	0131	17	16.370000
0512	500	0131	21	18.670000
0512	500	0131	22	20.040000
0512	500	0131	25	15.670000
0512	500	0131	30	17.000000
0512	500	0132	06	29.440000
0512	500	0132	07	14.340000
0512	500	0132	10	12.210000
0512	500	0132	32	69.050000
0512	500	0132	35	17.540000
0512	500	0133	14	26.340000
0512	500	0133	26	15.080000
0512	500	0133	29	29.120000
0512	500	0133	30	12.110000
0512	500	0134	13	12.560000
0512	500	0134	14	15.480000
0512	500	0134	23	13.670000
0512	500	0134	25	14.620000
0512	500	0134	28	18.010000
0512	500	0135	15	12.660000
0512	500	0135	16	13.210000
0512	500	0135	29	12.780000
0512	500	0135	30	14.110000
0512	500	0136	12	15.240000
0512	500	0136	19	15.390000
0512	500	0136	21	36.480000
0512	500	0136	25	21.550000
0512	500	0136	27	20.440000
0512	500	0136	30	14.900000
0512	500	0136	32	17.170000
0512	500	0136	35	14.090000
0512	500	0137	09	13.720000
0512	500	0137	16	12.430000
0512	500	0137	18	19.820000
0512	500	0137	20	19.850000
0512	500	0137	22	12.150000
0512	500	0137	28	18.110000
0512	500	0138	13	12.280000
0512	500	0138	21	14.830000
0512	500	0138	26	16.970000
0512	500	0138	29	17.550000
0512	500	0138	31	24.880000
0512	500	0138	35	16.390000
0512	500	0139	10	12.940000
0512	500	0139	15	17.950000
0512	500	0139	24	49.590000
0512	500	0139	29	12.570000
0512	500	0140	22	14.900000
0512	500	0140	23	16.210000
0512	500	0140	26	20.050000
0512	500	0141	15	45.200000
0512	500	0141	21	14.360000
0512	500	0141	25	19.810000
0512	500	0141	29	13.730000
0512	500	0141	31	15.800000
0512	500	0141	34	12.370000
0512	500	0142	12	14.530000
0512	500	0142	18	10.760000
0512	500	0142	21	16.920000
0512	500	0142	22	10.680000
0512	500	0142	26	16.520000
0512	500	0142	28	16.210000
0512	500	0142	31	16.770000
0512	500	0142	33	14.390000
0512	500	0142	34	15.080000
0512	500	0143	06	20.310000
0512	500	0143	14	11.980000
0512	500	0143	17	11.290000
0512	500	0143	18	14.730000
0512	500	0143	26	15.110000
0512	500	0143	27	15.650000
0512	500	0143	33	17.100000
0512	500	0144	07	10.800000
0512	500	0144	16	16.380000
0512	500	0144	17	10.270000
0512	500	0144	18	13.850000
0512	500	0144	19	19.090000
0512	500	0144	22	13.860000
0512	500	0144	30	13.080000
0512	500	0145	08	12.070000
0512	500	0145	09	14.250000
0512	500	0145	16	11.930000
0512	500	0145	28	17.390000
0512	500	0145	31	21.040000
0512	500	0146	21	20.290000
0512	500	0146	29	12.760000
0512	500	0146	31	14.880000
0512	500	0147	16	12.150000
0512	500	0147	17	21.870000
0512	500	0147	21	13.160000
0512	500	0147	33	17.380000
0512	500	0147	34	60.480000
0512	500	0148	10	10.110000
0512	500	0148	13	11.600000
0512	500	0148	16	15.530000
0512	500	0148	17	20.040000
0512	500	0148	18	10.160000
0512	500	0148	19	13.900000
0512	500	0148	23	11.800000
0512	500	0148	24	11.170000
0512	500	0148	25	17.020000
0512	500	0148	27	23.780000
0512	500	0148	34	28.310000
0512	500	0148	35	12.980000
0512	500	0149	15	10.560000
0512	500	0149	17	17.440000
0512	500	0149	18	11.700000
0512	500	0149	20	10.380000
0512	500	0149	21	12.470000
0512	500	0149	32	16.510000
0512	500	0149	35	15.070000
0512	500	0150	11	30.670000
0512	500	0150	12	15.260000
0512	500	0150	17	17.200000
0512	500	0150	20	17.930000
0512	500	0150	26	17.710000
0512	500	0150	28	19.670000
0512	500	0151	18	15.420000
0512	500	0151	19	12.770000
0512	500	0151	21	18.560000
0512	500	0152	17	22.660000
0512	500	0152	19	15.040000
0512	500	0152	23	12.570000
0512	500	0152	24	18.590000
0512	500	0152	31	11.500000
0512	500	0153	09	16.840000
0512	500	0153	10	13.430000
0512	500	0153	11	16.600000
0512	500	0153	12	13.420000
0512	500	0153	24	20.120000
0512	500	0153	28	9.560000
0512	500	0153	33	10.400000
0512	500	0154	08	16.610000
0512	500	0154	09	26.610000
0512	500	0154	11	15.970000
0512	500	0154	16	15.500000
0512	500	0154	22	10.810000
0512	500	0154	24	59.590000
0512	500	0154	31	13.350000
0512	500	0154	34	18.970000
0512	500	0155	11	13.320000
0512	500	0155	12	10.260000
0512	500	0155	22	12.690000
0512	500	0155	25	12.860000
0512	500	0155	26	19.250000
0512	500	0155	32	11.130000
0512	500	0155	35	10.780000
0512	500	0156	20	15.520000
0512	500	0156	21	10.420000
0512	500	0156	23	12.280000
0512	500	0156	26	9.900000
0512	500	0157	06	12.690000
0512	500	0157	07	13.580000
0512	500	0157	08	13.440000
0512	500	0157	09	12.850000
0512	500	0157	17	12.440000
0512	500	0157	21	20.680000
0512	500	0157	23	10.550000
0512	500	0157	25	12.480000
0512	500	0157	27	16.590000
0512	500	0157	31	17.030000
0512	500	0158	16	14.030000
0512	500	0158	23	17.090000
0512	500	0158	24	8.950000
0512	500	0158	29	13.600000
0512	500	0159	13	8.920000
0512	500	0159	20	21.480000
0512	500	0159	24	19.050000
0512	500	0159	27	16.490000
0512	500	0159	34	11.520000
0512	500	0160	11	10.370000
0512	500	0160	17	9.780000
0512	500	0160	22	12.840000
0512	500	0160	31	9.420000
0512	500	0161	09	11.600000
0512	500	0161	20	8.930000
0512	500	0161	22	9.960000
0512	500	0161	35	11.400000
0512	500	0162	11	12.890000
0512	500	0162	20	11.240000
0512	500	0162	21	10.930000
0512	500	0162	25	16.380000
0512	500	0162	26	15.600000
0512	500	0162	30	13.570000
0512	500	0162	35	63.430000
0512	500	0163	15	13.300000
0512	500	0163	17	13.580000
0512	500	0163	24	10.990000
0512	500	0163	33	12.120000
0512	500	0164	13	14.920000
0512	500	0164	17	13.780000
0512	500	0164	24	13.770000
0512	500	0164	27	14.350000
0512	500	0164	30	15.230000
0512	500	0164	32	17.240000
0512	500	0164	33	19.240000
0512	500	0164	35	16.720000
0512	500	0165	16	11.970000
0512	500	0165	22	14.530000
0512	500	0165	23	22.590000
0512	500	0165	32	11.640000
0512	500	0166	12	10.520000
0512	500	0166	16	11.280000
0512	500	0166	20	11.370000
0512	500	0166	22	22.540000
0512	500	0167	14	14.350000
0512	500	0167	15	10.010000
0512	500	0167	19	9.960000
0512	500	0167	25	9.340000
0512	500	0167	30	10.130000
0512	500	0167	34	12.240000
0512	500	0168	15	9.240000
0512	500	0168	18	7.240000
0512	500	0168	24	19.540000
0512	500	0168	25	43.700000
0512	500	0168	27	9.360000
0512	500	0168	31	10.020000
0512	500	0168	32	10.240000
0512	500	0168	34	7.920000
0512	500	0169	14	20.240000
0512	500	0169	15	8.090000
0512	500	0169	20	5.700000
0512	500	0169	21	12.760000
0512	500	0169	24	21.460000
0512	500	0169	32	8.660000
0512	500	0169	35	8.030000
0512	500	0170	15	7.270000
0512	500	0170	18	15.650000
0512	500	0170	22	7.300000
0512	500	0170	24	7.630000
0512	500	0170	27	8.640000
0512	500	0170	31	53.670000
0512	500	0170	34	12.160000
0512	500	0171	10	20.820000
0512	500	0171	24	17.930000
0512	500	0171	31	17.450000
0512	500	0171	32	22.880000
0512	500	0171	34	20.160000
0512	500	0172	19	28.890000
0512	500	0172	24	14.760000
0512	500	0172	27	18.940000
0512	500	0172	31	17.070000
0512	500	0172	32	20.330000
0512	500	0172	34	20.640000
0512	500	0173	17	17.540000
0512	500	0173	23	16.870000
0512	500	0173	29	18.160000
0512	500	0174	09	25.430000
0512	500	0174	18	16.560000
0512	500	0174	24	17.020000
0512	500	0174	33	15.230000
0512	500	0175	22	20.120000
0512	500	0175	24	16.190000
0512	500	0175	25	21.080000
0512	500	0175	31	17.760000
0512	500	0176	17	18.980000
0512	500	0176	25	18.630000
0512	500	0176	26	21.680000
0512	500	0176	27	30.340000
0512	500	0176	34	22.340000
0512	500	0177	11	22.330000
0512	500	0177	12	17.410000
0512	500	0177	15	15.740000
0512	500	0177	27	19.950000
0512	500	0178	10	16.620000
0512	500	0178	13	22.060000
0512	500	0178	14	17.720000
0512	500	0178	15	17.550000
0512	500	0178	20	20.370000
0512	500	0178	21	16.310000
0512	500	0178	23	19.970000
0512	500	0178	24	19.240000
0512	500	0178	33	19.020000
0512	500	0178	35	17.050000
0512	500	0179	09	20.310000
0512	500	0179	12	14.370000
0512	500	0179	23	18.920000
0512	500	0179	25	17.790000
0512	500	0179	26	20.720000
0512	500	0179	27	16.600000
0512	500	0179	29	20.330000
0512	500	0180	11	20.350000
0512	500	0180	13	17.540000
0512	500	0180	16	22.070000
0512	500	0180	20	21.960000
0512	500	0180	24	64.680000
0512	500	0180	27	33.710000
0512	500	0180	28	42.800000
0512	500	0180	32	73.850000
0512	500	0181	20	20.850000
0512	500	0181	22	14.120000
0512	500	0181	25	18.960000
0512	500	0182	17	16.900000
0512	500	0182	22	21.530000
0512	500	0182	23	25.660000
0512	500	0182	26	16.810000
0512	500	0182	28	20.600000
0512	500	0182	32	28.290000
0512	500	0182	35	17.830000
0512	500	0183	11	16.110000
0512	500	0183	21	13.810000
0512	500	0183	27	16.060000
0512	500	0183	29	18.570000
0512	500	0183	31	22.780000
0512	500	0184	08	18.570000
0512	500	0184	13	14.350000
0512	500	0184	21	20.460000
0512	500	0184	22	17.860000
0512	500	0184	24	22.640000
0512	500	0184	26	17.340000
0512	500	0185	10	17.710000
0512	500	0185	11	14.510000
0512	500	0185	13	18.890000
0512	500	0185	22	19.290000
0512	500	0185	23	21.680000
0512	500	0185	25	17.240000
0512	500	0185	30	17.760000
0512	500	0186	13	19.470000
0512	500	0186	22	17.990000
0512	500	0186	26	53.510000
0512	500	0186	30	14.370000
0512	500	0187	12	15.330000
0512	500	0187	15	17.460000
0512	500	0187	18	21.610000
0512	500	0187	26	38.180000
0512	500	0187	31	29.230000
0512	500	0188	09	18.230000
0512	500	0188	12	17.500000
0512	500	0188	16	16.050000
0512	500	0188	21	23.190000
0512	500	0188	35	15.200000
0512	500	0189	10	19.530000
0512	500	0189	11	24.820000
0512	500	0189	18	21.260000
0512	500	0189	20	14.250000
0512	500	0189	28	28.640000
0512	500	0189	32	16.440000
0512	500	0190	12	16.900000
0512	500	0190	14	20.520000
0512	500	0190	25	17.170000
0512	500	0191	10	20.050000
0512	500	0191	14	20.470000
0512	500	0191	17	49.370000
0512	500	0191	28	17.070000
0512	500	0191	29	14.190000
0512	500	0191	33	19.580000
0512	500	0191	35	21.300000
0512	500	0192	13	18.040000
0512	500	0192	16	12.430000
0512	500	0192	19	15.230000
0512	500	0192	20	17.050000
0512	500	0192	23	21.330000
0512	500	0192	26	14.870000
0512	500	0192	27	72.250000
0512	500	0192	32	21.080000
0512	500	0192	33	13.710000
0512	500	0192	35	23.170000
0512	500	0193	17	15.840000
0512	500	0193	18	19.180000
0512	500	0193	22	13.940000
0512	500	0193	26	13.430000
0512	500	0193	27	14.770000
0512	500	0193	29	19.440000
0512	500	0193	32	15.260000
0512	500	0194	10	16.890000
0512	500	0194	12	45.800000
0512	500	0194	13	17.940000
0512	500	0194	14	22.000000
0512	500	0194	22	25.240000
0512	500	0194	23	14.900000
0512	500	0194	29	24.190000
0512	500	0194	35	18.000000
0512	500	0195	20	16.630000
0512	500	0195	25	19.610000
0512	500	0195	26	18.160000
0512	500	0195	29	16.550000
0512	500	0195	30	21.320000
0512	500	0195	31	12.570000
0512	500	0196	17	14.270000
0512	500	0196	25	22.540000
0512	500	0196	28	14.590000
0512	500	0196	29	20.580000
0512	500	0196	30	17.550000
0512	500	0197	08	18.170000
0512	500	0197	13	20.620000
0512	500	0197	16	16.000000
0512	500	0197	17	16.280000
0512	500	0197	24	19.220000
0512	500	0197	26	17.420000
0512	500	0197	32	18.130000
0512	500	0197	33	15.850000
0512	500	0197	34	16.710000
0512	500	0198	10	17.260000
0512	500	0198	20	37.540000
0512	500	0198	23	14.890000
0512	500	0199	15	16.740000
0512	500	0199	18	17.500000
0512	500	0199	27	13.250000
0512	500	0199	29	18.000000
0512	500	0199	31	20.300000
0512	500	0200	15	58.560000
0512	500	0200	26	14.750000
0512	500	0201	19	10.910000
0512	500	0201	26	52.720000
0512	500	0201	29	21.670000
0512	500	0201	32	22.620000
0512	500	0202	11	12.130000
0512	500	0202	15	16.460000
0512	500	0202	22	12.990000
0512	500	0202	29	32.880000
0512	500	0203	15	28.390000
0512	500	0203	17	18.480000
0512	500	0203	22	21.480000
0512	500	0203	26	20.600000
0512	500	0203	31	15.770000
0512	500	0204	09	16.320000
0512	500	0204	12	17.160000
0512	500	0204	16	21.310000
0512	500	0204	20	14.950000
0512	500	0204	22	12.870000
0512	500	0204	23	16.030000
0512	500	0204	25	17.390000
0512	500	0204	26	14.720000
0512	500	0204	30	31.260000
0512	500	0204	32	15.150000
0512	500	0205	11	13.600000
0512	500	0205	17	12.360000
0512	500	0205	20	11.940000
0512	500	0205	28	17.580000
0512	500	0205	29	11.820000
0512	500	0205	34	12.510000
0512	500	0206	13	12.590000
0512	500	0206	18	25.770000
0512	500	0206	21	23.670000
0512	500	0206	25	36.840000
0512	500	0206	27	16.290000
0512	500	0207	12	12.950000
0512	500	0207	22	72.510000
0512	500	0207	23	22.220000
0512	500	0207	30	17.620000
0512	500	0207	33	22.000000
0512	500	0208	18	11.770000
0512	500	0208	22	62.590000
0512	500	0208	28	11.880000
0512	500	0208	29	11.680000
0512	500	0208	32	11.920000
0512	500	0209	15	14.230000
0512	500	0209	17	12.020000
0512	500	0209	19	17.020000
0512	500	0209	24	13.940000
0512	500	0209	27	26.670000
0512	500	0209	28	14.550000
0512	500	0209	30	27.180000
0512	500	0209	35	19.070000
0512	500	0210	27	15.250000
0512	500	0210	30	22.280000
0512	500	0210	31	61.070000
0512	500	0210	32	20.400000
0512	500	0210	34	15.260000
0512	500	0211	14	16.030000
0512	500	0211	20	15.060000
0512	500	0211	21	12.390000
0512	500	0211	30	15.110000
0512	500	0211	32	18.850000
0512	500	0211	34	19.340000
0512	500	0212	14	10.130000
0512	500	0212	17	20.600000
0512	500	0212	26	17.370000
0512	500	0213	13	11.900000
0512	500	0213	20	23.090000
0512	500	0213	25	13.350000
0512	500	0213	28	15.090000
0512	500	0213	35	13.650000
0512	500	0214	22	15.940000
0512	500	0214	24	13.480000
0512	500	0214	28	15.610000
0512	500	0215	33	15.170000
0512	500	0216	14	41.200000
0512	500	0216	18	16.260000
0512	500	0216	20	11.500000
0512	500	0216	25	16.360000
0512	500	0216	29	21.050000
0512	500	0216	34	11.120000
0512	500	0216	35	12.020000
0512	500	0217	18	19.020000
0512	500	0217	22	17.820000
0512	500	0217	28	11.700000
0512	500	0218	09	13.730000
0512	500	0218	16	14.230000
0512	500	0218	17	12.210000
0512	500	0218	20	17.850000
0512	500	0218	21	18.840000
0512	500	0218	25	15.980000
0512	500	0218	29	14.260000
0512	500	0218	32	24.430000
0512	500	0219	19	14.460000
0512	500	0219	32	14.280000
0512	500	0220	12	16.560000
0512	500	0220	15	25.670000
0512	500	0220	20	12.270000
0512	500	0220	22	14.420000
0512	500	0220	30	15.310000
0512	500	0220	32	14.660000
0512	500	0220	33	12.680000
0512	500	0221	29	11.890000
0512	500	0221	30	13.410000
0512	500	0222	11	22.120000
0512	500	0222	19	14.640000
0512	500	0222	25	31.470000
0512	500	0222	26	17.100000
0512	500	0222	27	12.630000
0512	500	0222	30	15.400000
0512	500	0223	12	18.060000
0512	500	0223	18	19.470000
0512	500	0223	19	9.220000
0512	500	0223	24	11.520000
0512	500	0223	31	23.750000
0512	500	0224	20	17.880000
0512	500	0224	27	15.250000
0512	500	0224	31	16.590000
0512	500	0224	32	27.920000
0512	500	0225	16	17.600000
0512	500	0225	18	17.110000
0512	500	0225	22	15.560000
0512	500	0225	32	25.020000
0512	500	0225	34	14.050000
0512	500	0225	35	14.280000
0512	500	0226	19	33.410000
0512	500	0226	26	11.890000
0512	500	0226	28	20.480000
0512	500	0226	30	15.610000
0512	500	0226	35	19.860000
0512	500	0227	15	9.240000
0512	500	0227	17	13.020000
0512	500	0227	18	31.880000
0512	500	0227	19	19.430000
0512	500	0227	32	46.030000
0512	500	0227	34	18.280000
0512	500	0228	24	12.380000
0512	500	0229	12	14.410000
0512	500	0229	16	18.160000
0512	500	0229	24	22.090000
0512	500	0229	29	28.250000
0512	500	0230	15	13.560000
0512	500	0230	22	17.380000
0512	500	0230	27	12.730000
0512	500	0230	33	12.050000
0512	500	0230	35	20.710000
0512	500	0231	13	10.310000
0512	500	0231	18	19.240000
0512	500	0231	20	19.970000
0512	500	0231	23	13.190000
0512	500	0231	30	18.690000
0512	500	0232	20	18.980000
0512	500	0232	25	18.150000
0512	500	0232	27	9.350000
0512	500	0232	29	18.620000
0512	500	0233	18	24.310000
0512	500	0233	25	21.060000
0512	500	0233	28	16.530000
0512	500	0233	31	11.930000
0512	500	0234	20	14.160000
0512	500	0234	25	12.150000
0512	500	0234	26	14.180000
0512	500	0234	29	13.230000
0512	500	0234	30	16.740000
0512	500	0234	32	13.730000
0512	500	0234	35	13.420000
0512	500	0235	23	15.350000
0512	500	0236	13	14.040000
0512	500	0236	16	11.220000
0512	500	0236	27	23.630000
0512	500	0236	30	10.790000
0512	500	0236	32	10.770000
0512	500	0236	35	18.310000
0512	500	0237	13	16.610000
0512	500	0237	27	13.500000
0512	500	0238	10	12.880000
0512	500	0238	14	22.790000
0512	500	0238	23	13.540000
0512	500	0238	24	63.770000
0512	500	0239	10	30.870000
0512	500	0239	16	14.390000
0512	500	0239	17	24.050000
0512	500	0239	18	9.660000
0512	500	0239	19	15.430000
0512	500	0239	20	65.730000
0512	500	0239	24	24.140000
0512	500	0239	31	40.940000
0512	500	0239	33	14.900000
0512	500	0240	11	10.480000
0512	500	0240	14	29.070000
0512	500	0240	25	11.210000
0512	500	0240	31	16.100000
0512	500	0241	13	10.200000
0512	500	0241	20	11.690000
0512	500	0241	23	12.790000
0512	500	0241	28	11.120000
0512	500	0241	35	13.100000
0512	500	0242	29	23.220000
0512	500	0242	32	9.550000
0512	500	0242	35	18.910000
0512	500	0243	11	14.060000
0512	500	0243	20	17.130000
0512	500	0243	24	11.960000
0512	500	0243	32	13.200000
0512	500	0244	12	8.720000
0512	500	0244	23	11.790000
0512	500	0244	24	11.990000
0512	500	0244	30	14.240000
0512	500	0245	18	12.680000
0512	500	0245	26	15.560000
0512	500	0245	27	15.880000
0512	500	0246	12	12.150000
0512	500	0246	30	15.890000
0512	500	0247	25	13.250000
0512	500	0247	30	18.100000
0512	500	0247	35	24.210000
0512	500	0248	17	16.780000
0512	500	0248	20	15.470000
0512	500	0248	24	20.000000
0512	500	0248	31	10.730000
0512	500	0249	17	12.600000
0512	500	0249	19	15.160000
0512	500	0249	22	12.960000
0512	500	0249	23	11.350000
0512	500	0249	26	66.950000
0512	500	0249	31	15.300000
0512	500	0249	32	10.920000
0512	500	0250	20	11.990000
0512	500	0250	24	11.510000
0512	500	0250	28	20.640000
0512	500	0250	30	11.350000
0512	500	0251	20	30.520000
0512	500	0251	29	29.110000
0512	500	0251	32	13.500000
0512	500	0251	34	8.970000
0512	500	0252	13	11.860000
0512	500	0252	29	7.560000
0512	500	0253	14	11.760000
0512	500	0253	15	6.060000
0512	500	0253	18	79.840000
0512	500	0253	19	51.450000
0512	500	0253	28	8.050000
0512	500	0253	30	6.950000
0512	500	0253	31	8.480000
0512	500	0253	33	10.150000
0512	500	0254	16	5.980000
0512	500	0254	17	9.540000
0512	500	0254	22	6.800000
0512	500	0254	25	7.980000
0512	500	0254	27	7.200000
0512	500	0254	32	10.150000
0512	500	0254	35	8.560000
0512	500	0255	11	15.260000
0512	500	0255	28	10.460000
0512	500	0255	29	8.380000
0512	500	0255	33	6.070000
0512	500	0255	34	7.400000
0512	500	0256	33	9.800000
0512	500	0256	34	35.950000
0512	500	0257	20	38.380000
0512	500	0257	26	27.070000
0512	500	0257	28	69.200000
0512	500	0257	29	23.580000
0512	500	0257	31	26.440000
0512	500	0257	32	25.190000
0512	500	0258	26	43.400000
0512	500	0259	11	28.290000
0512	500	0259	31	24.010000
0512	500	0259	35	24.520000
0512	500	0260	16	23.120000
0512	500	0260	26	29.490000
0512	500	0261	16	27.610000
0512	500	0262	12	19.260000
0512	500	0262	13	42.720000
0512	500	0262	19	22.790000
0512	500	0262	22	288.220000
0512	500	0262	25	48.600000
0512	500	0263	16	23.510000
0512	500	0263	17	23.080000
0512	500	0263	31	30.860000
0512	500	0264	17	18.990000
0512	500	0264	18	31.110000
0512	500	0264	24	29.000000
0512	500	0264	25	21.820000
0512	500	0264	26	26.730000
0512	500	0264	28	24.020000
0512	500	0264	32	26.170000
0512	500	0264	33	24.350000
0512	500	0264	34	25.830000
0512	500	0266	22	32.030000
0512	500	0266	23	22.850000
0512	500	0266	25	29.600000
0512	500	0266	29	21.550000
0512	500	0267	21	23.150000
0512	500	0267	25	33.020000
0512	500	0267	27	26.690000
0512	500	0267	34	30.880000
0512	500	0268	13	25.780000
0512	500	0268	19	18.650000
0512	500	0269	17	27.800000
0512	500	0269	20	22.970000
0512	500	0269	21	22.580000
0512	500	0269	23	23.920000
0512	500	0269	24	22.570000
0512	500	0269	29	48.620000
0512	500	0270	23	33.180000
0512	500	0271	18	21.610000
0512	500	0271	19	25.070000
0512	500	0271	25	27.650000
0512	500	0271	31	22.530000
0512	500	0271	32	23.760000
0512	500	0271	33	23.020000
0512	500	0272	14	18.920000
0512	500	0272	17	23.360000
0512	500	0272	29	28.710000
0512	500	0272	30	20.760000
0512	500	0272	31	20.110000
0512	500	0273	18	23.160000
0512	500	0273	23	24.020000
0512	500	0273	24	20.910000
0512	500	0273	28	30.920000
0512	500	0273	29	21.400000
0512	500	0273	34	21.790000
0512	500	0274	15	19.820000
0512	500	0274	23	28.670000
0512	500	0274	30	27.340000
0512	500	0274	31	24.190000
0512	500	0274	33	20.630000
0512	500	0274	34	26.900000
0512	500	0275	14	28.390000
0512	500	0275	18	32.870000
0512	500	0275	25	27.390000
0512	500	0275	32	24.400000
0512	500	0275	34	21.230000
0512	500	0276	10	23.890000
0512	500	0276	22	21.700000
0512	500	0276	24	27.280000
0512	500	0276	28	21.870000
0512	500	0277	11	21.640000
0512	500	0277	15	57.060000
0512	500	0277	22	22.430000
0512	500	0277	30	24.800000
0512	500	0277	31	29.280000
0512	500	0278	17	31.130000
0512	500	0278	26	65.460000
0512	500	0278	28	20.940000
0512	500	0279	19	19.580000
0512	500	0279	22	28.060000
0512	500	0279	23	19.100000
0512	500	0279	26	26.770000
0512	500	0279	28	23.560000
0512	500	0280	11	24.480000
0512	500	0280	17	22.420000
0512	500	0280	24	26.420000
0512	500	0280	25	24.980000
0512	500	0280	35	28.370000
0512	500	0281	33	20.330000
0512	500	0282	12	24.070000
0512	500	0282	15	21.530000
0512	500	0282	16	23.590000
0512	500	0282	24	28.000000
0512	500	0282	30	28.300000
0512	500	0282	31	22.530000
0512	500	0283	17	24.630000
0512	500	0283	23	21.350000
0512	500	0284	14	22.150000
0512	500	0284	26	20.970000
0512	500	0284	28	22.910000
0512	500	0284	29	31.870000
0512	500	0284	34	26.290000
0512	500	0285	20	21.920000
0512	500	0285	25	26.090000
0512	500	0285	31	24.140000
0512	500	0285	33	28.390000
0512	500	0286	21	25.200000
0512	500	0286	29	35.620000
0512	500	0286	32	28.390000
0512	500	0287	18	25.120000
0512	500	0287	22	25.160000
0512	500	0287	30	18.590000
0512	500	0287	35	27.590000
0512	500	0288	15	21.540000
0512	500	0288	29	21.660000
0512	500	0288	32	21.370000
0512	500	0289	12	20.400000
0512	500	0289	17	28.440000
0512	500	0289	19	18.620000
0512	500	0290	14	23.740000
0512	500	0290	19	24.210000
0512	500	0290	22	16.490000
0512	500	0290	26	25.740000
0512	500	0290	27	26.020000
0512	500	0290	29	29.200000
0512	500	0290	32	29.100000
0512	500	0291	24	22.450000
0512	500	0291	30	26.250000
0512	500	0291	35	47.160000
0512	500	0292	21	59.740000
0512	500	0292	24	17.810000
0512	500	0292	27	21.450000
0512	500	0292	28	25.420000
0512	500	0292	30	20.470000
0512	500	0292	34	25.270000
0512	500	0292	35	24.690000
0512	500	0293	20	23.510000
0512	500	0293	22	22.190000
0512	500	0293	34	26.950000
0512	500	0294	22	19.930000
0512	500	0294	24	24.150000
0512	500	0294	27	53.110000
0512	500	0294	33	22.150000
0512	500	0295	16	26.670000
0512	500	0295	22	64.160000
0512	500	0295	28	21.970000
0512	500	0295	30	28.610000
0512	500	0295	31	26.880000
0512	500	0295	33	24.460000
0512	500	0295	35	23.770000
0512	500	0296	25	53.770000
0512	500	0296	28	27.040000
0512	500	0296	35	16.900000
0512	500	0297	11	23.780000
0512	500	0297	19	18.820000
0512	500	0297	22	48.430000
0512	500	0297	27	17.600000
0512	500	0297	32	26.610000
0512	500	0297	33	23.210000
0512	500	0297	34	21.570000
0512	500	0298	16	19.610000
0512	500	0298	23	18.300000
0512	500	0298	30	22.800000
0512	500	0299	13	22.620000
0512	500	0299	16	64.470000
0512	500	0299	22	29.780000
0512	500	0299	32	16.340000
0512	500	0299	35	32.460000
0512	500	0300	22	38.330000
0512	500	0300	30	26.830000
0512	500	0300	31	17.860000
0512	500	0300	35	23.470000
0512	500	0301	20	24.030000
0512	500	0301	24	31.090000
0512	500	0301	27	31.130000
0512	500	0301	29	21.790000
0512	500	0302	21	25.320000
0512	500	0302	22	63.460000
0512	500	0303	21	19.750000
0512	500	0304	19	25.890000
0512	500	0304	21	17.060000
0512	500	0304	23	23.880000
0512	500	0304	25	37.420000
0512	500	0304	33	25.220000
0512	500	0305	21	17.620000
0512	500	0305	22	23.480000
0512	500	0305	29	19.410000
0512	500	0305	31	28.600000
0512	500	0305	34	31.790000
0512	500	0306	17	24.560000
0512	500	0306	26	20.260000
0512	500	0306	33	22.550000
0512	500	0307	19	24.810000
0512	500	0307	26	99.750000
0512	500	0307	32	64.850000
0512	500	0308	22	20.130000
0512	500	0308	24	17.510000
0512	500	0308	27	15.230000
0512	500	0308	31	23.910000
0512	500	0308	32	21.860000
0512	500	0309	25	24.030000
0512	500	0309	30	19.170000
0512	500	0309	32	18.080000
0512	500	0310	24	34.810000
0512	500	0311	18	31.500000
0512	500	0311	24	48.510000
0512	500	0311	32	23.540000
0512	500	0311	33	16.700000
0512	500	0312	20	20.390000
0512	500	0312	22	19.980000
0512	500	0312	27	25.340000
0512	500	0312	28	22.480000
0512	500	0312	29	30.140000
0512	500	0312	32	30.200000
0512	500	0313	15	14.700000
0512	500	0313	30	23.180000
0512	500	0314	23	20.710000
0512	500	0314	24	21.800000
0512	500	0314	25	41.770000
0512	500	0314	29	81.980000
0512	500	0314	35	29.210000
0512	500	0315	27	27.680000
0512	500	0315	29	24.460000
0512	500	0315	32	26.070000
0512	500	0315	33	30.400000
0512	500	0316	22	26.590000
0512	500	0316	24	18.350000
0512	500	0316	33	21.320000
0512	500	0316	35	26.410000
0512	500	0317	25	17.140000
0512	500	0317	30	23.800000
0512	500	0317	32	23.260000
0512	500	0318	30	30.060000
0512	500	0319	20	43.450000
0512	500	0319	34	22.780000
0512	500	0320	24	23.840000
0512	500	0320	28	27.670000
0512	500	0320	30	24.060000
0512	500	0320	31	41.790000
0512	500	0320	32	21.410000
0512	500	0320	33	23.030000
0512	500	0321	26	19.290000
0512	500	0322	23	30.940000
0512	500	0322	24	21.140000
0512	500	0322	26	21.140000
0512	500	0322	31	30.020000
0512	500	0322	33	24.410000
0512	500	0323	13	18.610000
0512	500	0323	26	33.910000
0512	500	0323	33	21.950000
0512	500	0323	34	25.340000
0512	500	0324	18	20.770000
0512	500	0324	28	28.300000
0512	500	0324	29	15.230000
0512	500	0324	33	19.210000
0512	500	0325	29	35.110000
0512	500	0325	30	24.620000
0512	500	0325	35	25.770000
0512	500	0326	15	19.400000
0512	500	0326	21	23.230000
0512	500	0326	23	20.790000
0512	500	0326	28	17.260000
0512	500	0327	33	20.610000
0512	500	0328	17	24.330000
0512	500	0328	22	19.290000
0512	500	0328	23	15.780000
0512	500	0328	35	21.210000
0512	500	0329	18	17.150000
0512	500	0329	22	24.630000
0512	500	0329	29	25.810000
0512	500	0329	30	18.820000
0512	500	0330	24	19.940000
0512	500	0330	28	19.330000
0512	500	0331	20	25.150000
0512	500	0331	26	20.710000
0512	500	0331	28	20.800000
0512	500	0331	31	21.810000
0512	500	0331	33	23.190000
0512	500	0331	35	16.850000
0512	500	0332	21	19.230000
0512	500	0332	33	18.540000
0512	500	0333	18	24.000000
0512	500	0333	26	28.440000
0512	500	0333	27	18.100000
0512	500	0333	30	16.330000
0512	500	0333	32	21.420000
0512	500	0333	34	18.960000
0512	500	0333	35	15.770000
0512	500	0334	19	28.160000
0512	500	0334	28	22.010000
0512	500	0334	34	61.140000
0512	500	0335	22	32.600000
0512	500	0335	28	31.080000
0512	500	0335	34	25.200000
0512	500	0336	12	24.080000
0512	500	0336	21	22.250000
0512	500	0336	25	16.700000
0512	500	0336	30	17.830000
0512	500	0337	17	41.200000
0512	500	0337	20	20.870000
0512	500	0337	29	15.860000
0512	500	0337	32	18.320000
0512	500	0338	25	40.120000
0512	500	0338	33	18.660000
0512	500	0338	34	17.350000
0512	500	0338	35	25.090000
0512	500	0339	16	17.200000
0512	500	0339	18	17.120000
0512	500	0339	23	29.490000
0512	500	0339	25	18.570000
0512	500	0339	31	23.380000
0512	500	0339	32	26.630000
0512	500	0339	33	18.750000
0512	500	0339	35	20.100000
0512	500	0340	23	19.020000
0512	500	0340	30	24.840000
0512	500	0340	32	34.030000
0512	500	0340	34	22.550000
0512	500	0340	35	19.070000
0512	500	0341	22	22.390000
0512	500	0341	29	19.390000
0512	500	0341	30	25.550000
0512	500	0342	23	17.310000
0512	500	0342	30	22.000000
0512	500	0342	34	29.120000
0512	500	0343	23	23.570000
0512	500	0343	34	23.220000
0512	500	0343	35	22.750000
0512	500	0344	20	23.750000
0512	500	0344	21	22.180000
0512	500	0344	26	28.960000
0512	500	0344	29	26.460000
0512	500	0345	23	15.640000
0512	500	0345	34	20.510000
0512	500	0345	35	22.250000
0512	500	0346	19	19.550000
0512	500	0346	20	22.430000
0512	500	0346	26	34.730000
0512	500	0347	30	19.830000
0512	500	0349	34	24.100000
0512	500	0350	24	18.590000
0512	500	0350	34	23.140000
0512	500	0351	16	19.060000
0512	500	0352	16	23.810000
0512	500	0352	26	20.910000
0512	500	0352	31	16.580000
0512	500	0352	34	18.570000
0512	500	0352	35	22.170000
0512	500	0354	14	16.260000
0512	500	0354	17	16.380000
0512	500	0354	30	22.150000
0512	500	0354	31	26.200000
0512	500	0354	34	16.130000
0512	500	0355	22	23.310000
0512	500	0355	25	21.760000
0512	500	0355	26	16.280000
0512	500	0355	27	53.270000
0512	500	0355	28	19.740000
0512	500	0355	33	61.480000
0512	500	0356	18	32.250000
0512	500	0356	20	17.800000
0512	500	0356	21	32.420000
0512	500	0356	34	17.400000
0512	500	0357	20	18.080000
0512	500	0357	21	17.850000
0512	500	0357	24	22.360000
0512	500	0357	29	17.060000
0512	500	0357	32	14.420000
0512	500	0358	20	18.040000
0512	500	0358	33	23.980000
0512	500	0359	14	20.050000
0512	500	0359	21	28.900000
0512	500	0359	23	28.750000
0512	500	0359	26	15.350000
0512	500	0359	32	25.690000
0512	500	0360	16	20.250000
0512	500	0360	23	15.770000
0512	500	0360	33	17.740000
0512	500	0360	34	21.920000
0512	500	0361	29	34.120000
0512	500	0361	30	20.210000
0512	500	0361	31	22.960000
0512	500	0361	33	21.400000
0512	500	0362	19	17.600000
0512	500	0362	22	16.120000
0512	500	0362	27	17.500000
0512	500	0363	19	23.250000
0512	500	0363	23	18.180000
0512	500	0363	28	41.570000
0512	500	0363	34	26.700000
0512	500	0364	29	17.960000
0512	500	0364	32	19.340000
0512	500	0364	34	18.540000
0512	500	0364	35	18.600000
0512	500	0365	24	16.720000
0512	500	0366	15	21.160000
0512	500	0366	21	19.480000
0512	500	0366	23	16.060000
0512	500	0366	27	20.520000
0512	500	0366	28	17.690000
0512	500	0366	31	18.950000
0512	500	0367	17	16.970000
0512	500	0367	24	17.970000
0512	500	0367	25	20.810000
0512	500	0367	26	18.080000
0512	500	0367	31	19.150000
0512	500	0368	22	16.780000
0512	500	0368	32	20.180000
0512	500	0369	30	17.180000
0512	500	0370	25	24.180000
0512	500	0371	15	16.520000
0512	500	0371	18	20.100000
0512	500	0371	27	15.210000
0512	500	0372	18	15.030000
0512	500	0372	19	16.150000
0512	500	0373	21	17.510000
0512	500	0373	35	25.320000
0512	500	0375	24	20.360000
0512	500	0375	33	26.050000
0512	500	0375	34	15.310000
0512	500	0376	19	18.620000
0512	500	0376	22	20.460000
0512	500	0376	35	18.170000
0512	500	0377	20	27.150000
0512	500	0377	28	17.940000
0512	500	0377	32	19.850000
0512	500	0378	20	17.960000
0512	500	0378	22	21.260000
0512	500	0379	15	19.050000
0512	500	0379	17	22.190000
0512	500	0379	25	18.020000
0512	500	0379	27	20.640000
0512	500	0379	31	44.690000
0512	500	0380	22	13.590000
0512	500	0380	32	17.320000
0512	500	0381	16	23.510000
0512	500	0381	20	74.580000
0512	500	0381	24	23.950000
0512	500	0381	26	17.890000
0512	500	0381	28	64.230000
0512	500	0381	30	33.190000
0512	500	0382	24	28.630000
0512	500	0382	29	17.960000
0512	500	0382	31	14.490000
0512	500	0384	15	22.870000
0512	500	0384	19	15.250000
0512	500	0384	22	29.710000
0512	500	0384	27	17.640000
0512	500	0384	28	37.610000
0512	500	0384	30	13.630000
0512	500	0384	33	13.860000
0512	500	0385	19	15.050000
0512	500	0386	15	69.530000
0512	500	0386	29	13.860000
0512	500	0386	34	15.090000
0512	500	0387	19	47.920000
0512	500	0387	28	18.620000
0512	500	0387	35	28.400000
0512	500	0389	23	25.530000
0512	500	0389	28	19.900000
0512	500	0389	31	25.880000
0512	500	0389	34	24.920000
0512	500	0389	35	14.760000
0512	500	0390	33	20.690000
0512	500	0391	21	19.840000
0512	500	0391	28	16.870000
0512	500	0391	34	27.310000
0512	500	0392	20	14.950000
0512	500	0392	21	20.700000
0512	500	0392	22	14.760000
0512	500	0392	28	21.590000
0512	500	0393	29	27.620000
0512	500	0393	31	21.400000
0512	500	0393	35	16.220000
0512	500	0394	20	14.490000
0512	500	0394	28	21.230000
0512	500	0394	33	24.500000
0512	500	0394	35	94.950000
0512	500	0395	18	16.200000
0512	500	0395	23	16.300000
0512	500	0396	18	15.470000
0512	500	0396	26	24.130000
0512	500	0396	34	23.220000
0512	500	0397	17	13.360000
0512	500	0397	35	15.980000
0512	500	0398	18	19.130000
0512	500	0398	27	15.440000
0512	500	0398	28	14.010000
0512	500	0399	21	22.580000
0512	500	0399	28	22.830000
0512	500	0401	23	22.900000
0512	500	0401	24	17.970000
0512	500	0401	26	25.810000
0512	500	0401	29	15.440000
0512	500	0402	24	25.810000
0512	500	0403	15	16.710000
0512	500	0403	17	19.790000
0512	500	0403	26	22.380000
0512	500	0403	27	21.980000
0512	500	0403	31	24.300000
0512	500	0404	33	13.750000
0512	500	0405	32	16.050000
0512	500	0406	15	13.170000
0512	500	0406	19	17.680000
0512	500	0407	21	23.320000
0512	500	0407	25	18.390000
0512	500	0407	28	17.960000
0512	500	0408	28	18.990000
0512	500	0409	28	23.720000
0512	500	0409	34	28.770000
0512	500	0410	24	15.380000
0512	500	0410	35	22.450000
0512	500	0411	19	14.970000
0512	500	0411	28	23.640000
0512	500	0411	32	24.180000
0512	500	0411	34	13.420000
0512	500	0411	35	18.070000
0512	500	0412	24	19.660000
0512	500	0412	30	20.780000
0512	500	0412	34	17.270000
0512	500	0412	35	25.180000
0512	500	0413	24	13.780000
0512	500	0413	33	23.150000
0512	500	0414	17	26.600000
0512	500	0414	20	27.490000
0512	500	0414	21	14.030000
0512	500	0414	24	15.770000
0512	500	0415	23	14.330000
0512	500	0415	26	19.260000
0512	500	0415	29	15.390000
0512	500	0416	31	16.980000
0512	500	0416	32	101.760000
0512	500	0416	35	15.110000
0512	500	0417	18	14.400000
0512	500	0417	25	45.030000
0512	500	0417	26	14.540000
0512	500	0417	28	35.960000
0512	500	0418	29	12.420000
0512	500	0418	32	14.140000
0512	500	0419	20	16.920000
0512	500	0419	23	22.110000
0512	500	0419	24	21.510000
0512	500	0419	27	32.790000
0512	500	0419	30	14.720000
0512	500	0421	28	12.390000
0512	500	0421	33	16.970000
0512	500	0421	35	18.250000
0512	500	0422	21	14.360000
0512	500	0422	35	17.640000
0512	500	0423	20	34.700000
0512	500	0423	28	39.870000
0512	500	0424	22	14.560000
0512	500	0425	31	21.410000
0512	500	0425	32	18.470000
0512	500	0425	33	18.390000
0512	500	0427	23	19.220000
0512	500	0427	25	84.950000
0512	500	0427	27	20.140000
0512	500	0427	31	25.440000
0512	500	0428	29	30.910000
0512	500	0428	32	17.930000
0512	500	0429	29	16.990000
0512	500	0429	30	11.760000
0512	500	0429	32	31.940000
0512	500	0429	33	13.330000
0512	500	0431	21	19.690000
0512	500	0432	21	15.690000
0512	500	0432	25	14.280000
0512	500	0432	30	21.740000
0512	500	0432	35	25.510000
0512	500	0433	23	19.660000
0512	500	0433	28	14.060000
0512	500	0434	27	20.180000
0512	500	0434	31	19.840000
0512	500	0434	33	33.270000
0512	500	0435	22	18.430000
0512	500	0435	28	12.610000
0512	500	0436	17	18.760000
0512	500	0436	28	19.050000
0512	500	0436	35	19.010000
0512	500	0437	23	14.690000
0512	500	0437	25	36.070000
0512	500	0437	31	15.280000
0512	500	0437	32	22.960000
0512	500	0438	28	14.950000
0512	500	0438	29	19.240000
0512	500	0439	21	12.290000
0512	500	0439	32	18.240000
0512	500	0439	33	25.210000
0512	500	0439	34	16.180000
0512	500	0440	22	15.610000
0512	500	0440	26	11.600000
0512	500	0441	23	15.540000
0512	500	0442	32	19.280000
0512	500	0442	34	18.480000
0512	500	0443	28	12.510000
0512	500	0445	28	15.460000
0512	500	0446	18	30.080000
0512	500	0446	24	67.560000
0512	500	0446	28	29.220000
0512	500	0446	31	13.180000
0512	500	0447	22	17.820000
0512	500	0447	24	20.180000
0512	500	0447	33	14.410000
0512	500	0448	24	15.200000
0512	500	0448	26	18.780000
0512	500	0448	35	15.120000
0512	500	0449	16	72.830000
0512	500	0449	20	19.870000
0512	500	0449	23	27.160000
0512	500	0449	35	27.210000
0512	500	0450	18	17.340000
0512	500	0450	28	19.400000
0512	500	0450	35	24.850000
0512	500	0451	23	16.680000
0512	500	0451	25	16.620000
0512	500	0451	27	15.710000
0512	500	0452	28	69.220000
0512	500	0453	27	33.810000
0512	500	0453	29	12.310000
0512	500	0454	33	18.650000
0512	500	0456	25	19.010000
0512	500	0456	34	16.730000
0512	500	0456	35	15.180000
0512	500	0457	35	9.800000
0512	500	0459	21	12.990000
0512	500	0459	25	60.240000
0512	500	0460	27	23.710000
0512	500	0460	28	11.430000
0512	500	0462	35	19.650000
0512	500	0463	26	14.160000
0512	500	0463	30	20.890000
0512	500	0464	22	28.240000
0512	500	0464	23	12.540000
0512	500	0464	24	12.170000
0512	500	0464	26	18.290000
0512	500	0464	27	16.590000
0512	500	0464	30	12.770000
0512	500	0465	23	31.340000
0512	500	0465	30	20.970000
0512	500	0465	31	15.770000
0512	500	0465	34	13.670000
0512	500	0466	31	15.120000
0512	500	0468	32	25.150000
0512	500	0469	29	12.430000
0512	500	0469	32	16.660000
0512	500	0470	17	11.810000
0512	500	0470	20	16.890000
0512	500	0471	28	15.210000
0512	500	0471	35	11.550000
0512	500	0472	33	28.730000
0512	500	0472	34	18.130000
0512	500	0473	21	16.310000
0512	500	0473	31	15.140000
0512	500	0473	33	13.840000
0512	500	0475	23	104.860000
0512	500	0475	28	16.550000
0512	500	0476	19	16.260000
0512	500	0476	22	13.950000
0512	500	0476	31	15.600000
0512	500	0477	31	12.590000
0512	500	0477	34	19.060000
0512	500	0478	24	15.610000
0512	500	0478	30	17.980000
0512	500	0479	31	14.050000
0512	500	0479	34	25.630000
0512	500	0480	24	12.370000
0512	500	0480	30	17.640000
0512	500	0481	18	23.740000
0512	500	0481	23	18.980000
0512	500	0481	34	19.570000
0512	500	0481	35	12.600000
0512	500	0482	21	13.610000
0512	500	0482	32	14.010000
0512	500	0482	34	68.850000
0512	500	0483	22	14.880000
0512	500	0483	25	17.220000
0512	500	0483	26	16.560000
0512	500	0483	27	13.130000
0512	500	0483	29	15.470000
0512	500	0484	29	12.930000
0512	500	0484	30	20.100000
0512	500	0484	35	13.480000
0512	500	0485	30	15.870000
0512	500	0485	31	19.620000
0512	500	0485	34	20.970000
0512	500	0486	18	11.220000
0512	500	0486	32	14.420000
0512	500	0486	34	23.860000
0512	500	0487	20	16.310000
0512	500	0487	26	16.140000
0512	500	0487	33	13.810000
0512	500	0488	23	10.590000
0512	500	0488	28	22.890000
0512	500	0488	32	13.940000
0512	500	0488	34	29.490000
0512	500	0488	35	15.200000
0512	500	0489	35	13.670000
0512	500	0490	31	18.880000
0512	500	0491	31	16.460000
0512	500	0492	22	19.860000
0512	500	0493	32	17.140000
0512	500	0494	20	12.010000
0512	500	0494	24	14.250000
0512	500	0495	30	11.340000
0512	500	0496	32	16.770000
0512	500	0496	33	14.830000
0512	500	0496	34	17.180000
0512	500	0497	21	15.650000
0512	500	0497	26	16.350000
0512	500	0497	28	12.510000
0512	500	0498	20	14.880000
0512	500	0498	28	11.350000
0512	500	0499	26	16.710000
0512	500	0499	32	18.790000
0512	500	0500	24	17.830000
0512	500	0500	29	14.300000
0512	500	0500	32	12.670000
0512	500	0500	33	13.700000
0512	500	0501	26	11.710000
0512	500	0502	29	18.750000
0512	500	0503	26	10.270000
0512	500	0504	23	8.990000
0512	500	0505	25	10.990000
0512	500	0505	29	7.340000
0512	500	0505	31	9.150000
0512	500	0505	35	12.000000
0512	500	0506	24	14.370000
0512	500	0506	27	14.760000
0512	500	0506	29	7.460000
0512	500	0506	34	9.460000
0512	500	0508	28	11.230000
0512	500	0508	34	8.740000
0512	500	0509	29	9.930000
0512	500	0510	28	11.770000
0512	500	0512	22	10.180000
0512	500	0512	30	8.840000
0512	500	0512	31	10.080000
0512	500	0512	34	15.110000
0512	500	0008	04	13.98
0512	500	0009	08	17.01
0512	500	0014	05	10.52
0512	500	0015	02	34.46
0512	500	0016	03	11.54
0512	500	0019	06	8.53
0512	500	0019	09	11.87
0512	500	0019	14	10.22
0512	500	0019	15	12.72
0512	500	0022	10	6.76
0512	500	0022	12	10.19
0512	500	0024	08	52.18
0512	500	0026	01	11.62
0512	500	0028	23	6.56
0512	500	0029	15	7.89
0512	500	0029	27	10.05
0512	500	0030	06	11.22
0512	500	0034	08	12.57
0512	500	0034	21	8.69
0512	500	0034	26	7.09
0512	500	0034	27	9.49
0512	500	0036	34	26.23
0512	500	0037	33	8.41
0512	500	0038	14	29.69
0512	500	0040	05	13.64
0512	500	0040	11	10.60
0512	500	0040	12	8.67
0512	500	0040	22	12.19
0512	500	0040	23	10.68
0512	500	0040	30	19.60
0512	500	0041	08	8.82
0512	500	0042	13	44.58
0512	500	0042	16	8.23
0512	500	0043	02	9.75
0512	500	0044	17	10.22
0512	500	0045	05	8.81
0512	500	0045	32	9.85
0512	500	0045	33	6.55
0512	500	0046	20	7.96
0512	500	0046	30	8.19
0512	500	0047	10	14.04
0512	500	0047	25	10.01
0512	500	0050	18	12.24
0512	500	0051	14	9.58
0512	500	0051	23	7.00
0512	500	0052	12	10.53
0512	500	0052	18	16.95
0512	500	0052	33	11.50
0512	500	0055	03	9.11
0512	500	0055	10	9.27
0512	500	0056	08	10.89
0512	500	0057	11	7.70
0512	500	0058	07	25.61
0512	500	0058	26	10.96
0512	500	0059	14	13.36
0512	500	0059	21	12.80
0512	500	0059	28	10.60
0512	500	0059	35	12.55
0512	500	0062	09	6.95
0512	500	0062	28	7.19
0512	500	0062	34	7.70
0512	500	0063	14	8.88
0512	500	0063	24	7.95
0512	500	0064	07	23.06
0512	500	0065	29	19.51
0512	500	0067	04	8.90
0512	500	0067	17	8.55
0512	500	0067	35	12.92
0512	500	0068	08	10.84
0512	500	0069	12	11.86
0512	500	0069	25	41.47
0512	500	0070	23	9.98
0512	500	0071	27	8.72
0512	500	0071	34	12.81
0512	500	0072	23	10.80
0512	500	0072	33	8.94
0512	500	0073	29	7.44
0512	500	0074	03	14.21
0512	500	0074	13	10.38
0512	500	0074	33	10.86
0512	500	0076	07	18.83
0512	500	0077	18	11.05
0512	500	0077	33	42.97
0512	500	0078	31	9.86
0512	500	0079	24	12.32
0512	500	0081	27	10.16
0512	500	0081	35	16.52
0512	500	0083	03	61.09
0512	500	0083	09	28.69
0512	500	0083	17	7.22
0512	500	0083	22	10.98
0512	500	0083	31	14.31
0512	500	0085	35	7.44
0512	500	0086	11	13.39
0512	500	0087	05	13.04
0512	500	0087	13	35.72
0512	500	0088	23	332.96
0512	500	0089	30	13.40
0512	500	0090	32	122.77
0512	500	0091	08	11.78
0512	500	0091	20	11.49
0512	500	0092	13	13.54
0512	500	0092	32	11.06
0512	500	0093	26	13.04
0512	500	0094	07	11.99
0512	500	0097	29	20.47
0512	500	0099	30	10.71
0512	500	0099	32	10.61
0512	500	0100	20	5.84
0512	500	0100	28	13.44
0512	500	0102	34	8.06
0512	500	0103	27	12.19
0512	500	0104	31	14.89
0512	500	0104	35	10.69
0512	500	0105	20	28.62
0512	500	0106	17	11.86
0512	500	0106	24	12.27
0512	500	0108	18	15.49
0512	500	0109	17	9.41
0512	500	0109	31	12.93
0512	500	0111	10	17.61
0512	500	0111	27	10.59
0512	500	0111	32	148.72
0512	500	0112	23	11.48
0512	500	0113	21	10.44
0512	500	0113	27	14.54
0512	500	0113	35	350.83
0512	500	0114	11	8.13
0512	500	0117	05	17.12
0512	500	0118	08	8.65
0512	500	0118	28	11.96
0512	500	0120	10	12.48
0512	500	0120	17	9.90
0512	500	0121	20	10.12
0512	500	0122	22	13.55
0512	500	0124	27	9.44
0512	500	0126	19	6.96
0512	500	0130	05	54.99
0512	500	0130	10	16.87
0512	500	0134	13	14.65
0512	500	0135	10	13.11
0512	500	0136	26	10.59
0512	500	0137	12	175.39
0512	500	0138	21	11.98
0512	500	0138	34	12.11
0512	500	0139	07	14.61
0512	500	0140	31	15.09
0512	500	0141	15	12.85
0512	500	0142	06	15.34
0512	500	0142	16	12.42
0512	500	0142	27	16.02
0512	500	0145	12	14.72
0512	500	0145	17	127.97
0512	500	0146	34	58.62
0512	500	0147	33	17.79
0512	500	0148	22	12.00
0512	500	0151	32	10.91
0512	500	0152	26	13.58
0512	500	0153	15	12.45
0512	500	0153	25	51.63
0512	500	0154	10	14.28
0512	500	0154	13	10.37
0512	500	0154	21	13.73
0512	500	0154	31	10.20
0512	500	0155	32	13.29
0512	500	0156	30	12.16
0512	500	0157	29	151.50
0512	500	0158	10	8.81
0512	500	0158	13	16.49
0512	500	0158	17	15.11
0512	500	0158	24	10.45
0512	500	0160	18	9.64
0512	500	0162	10	9.05
0512	500	0162	28	15.17
0512	500	0163	08	19.30
0512	500	0164	11	14.76
0512	500	0166	33	56.16
0512	500	0167	13	24.01
0512	500	0167	23	11.71
0512	500	0167	30	10.82
0512	500	0168	20	10.18
0512	500	0169	24	30.69
0512	500	0170	07	6.12
0512	500	0170	14	8.08
0512	500	0170	18	6.67
0512	500	0171	26	17.83
0512	500	0173	08	44.86
0512	500	0176	27	33.95
0512	500	0176	35	16.46
0512	500	0177	17	15.15
0512	500	0178	06	45.73
0512	500	0178	29	15.80
0512	500	0180	08	16.04
0512	500	0182	25	16.55
0512	500	0185	15	17.08
0512	500	0186	21	24.16
0512	500	0187	12	20.61
0512	500	0187	33	130.47
0512	500	0188	22	43.43
0512	500	0188	31	19.60
0512	500	0188	34	14.71
0512	500	0189	28	16.45
0512	500	0190	25	19.69
0512	500	0192	18	14.61
0512	500	0192	34	16.29
0512	500	0193	34	13.70
0512	500	0194	11	14.96
0512	500	0194	20	55.79
0512	500	0195	20	19.08
0512	500	0195	29	75.11
0512	500	0196	13	12.48
0512	500	0196	31	13.92
0512	500	0199	12	15.77
0512	500	0200	21	16.32
0512	500	0201	09	22.81
0512	500	0202	15	13.56
0512	500	0202	18	11.81
0512	500	0203	18	15.21
0512	500	0203	34	12.75
0512	500	0204	14	15.49
0512	500	0205	14	16.02
0512	500	0206	15	642.57
0512	500	0206	33	16.11
0512	500	0207	17	41.27
0512	500	0207	22	11.24
0512	500	0208	28	13.67
0512	500	0209	09	11.24
0512	500	0210	07	11.51
0512	500	0210	21	17.13
0512	500	0211	21	29.05
0512	500	0211	35	12.65
0512	500	0212	31	45.51
0512	500	0213	20	12.58
0512	500	0214	25	15.63
0512	500	0214	34	13.83
0512	500	0215	08	13.75
0512	500	0216	14	11.44
0512	500	0217	32	13.53
0512	500	0218	29	59.69
0512	500	0219	19	14.02
0512	500	0220	09	9.88
0512	500	0222	11	38.35
0512	500	0222	30	14.50
0512	500	0224	14	51.30
0512	500	0225	16	14.29
0512	500	0227	29	11.43
0512	500	0228	13	22.43
0512	500	0229	34	12.23
0512	500	0232	33	13.86
0512	500	0233	22	15.66
0512	500	0235	21	10.32
0512	500	0236	33	12.51
0512	500	0236	34	15.02
0512	500	0238	15	10.18
0512	500	0238	23	10.84
0512	500	0243	20	12.93
0512	500	0243	21	26.27
0512	500	0243	26	13.42
0512	500	0244	32	12.05
0512	500	0249	31	9.85
0512	500	0249	32	18.39
0512	500	0250	19	12.31
0512	500	0251	29	8.20
0512	500	0252	35	9.55
0512	500	0253	27	6.81
0512	500	0253	32	6.27
0512	500	0254	20	25.05
0512	500	0255	15	8.29
0512	500	0255	16	8.88
0512	500	0256	10	17.35
0512	500	0256	21	15.29
0512	500	0258	19	414.41
0512	500	0258	34	40.28
0512	500	0259	34	24.31
0512	500	0261	16	18.97
0512	500	0262	35	24.25
0512	500	0263	19	24.09
0512	500	0263	26	129.62
0512	500	0264	13	19.46
0512	500	0264	17	21.39
0512	500	0264	24	21.69
0512	500	0265	28	26.82
0512	500	0265	29	29.72
0512	500	0266	22	24.68
0512	500	0266	23	23.76
0512	500	0268	18	24.53
0512	500	0268	28	21.03
0512	500	0269	10	25.17
0512	500	0269	17	520.47
0512	500	0270	21	25.74
0512	500	0270	28	22.29
0512	500	0271	18	21.47
0512	500	0271	19	31.64
0512	500	0272	25	21.89
0512	500	0274	25	24.60
0512	500	0275	31	23.80
0512	500	0277	23	143.41
0512	500	0277	25	23.75
0512	500	0277	34	161.67
0512	500	0278	11	24.54
0512	500	0278	26	25.38
0512	500	0280	17	22.35
0512	500	0280	31	172.29
0512	500	0280	32	48.65
0512	500	0281	10	18.68
0512	500	0282	33	60.34
0512	500	0283	23	707.39
0512	500	0284	26	21.57
0512	500	0286	19	18.57
0512	500	0286	29	21.92
0512	500	0287	20	20.46
0512	500	0287	26	40.46
0512	500	0288	22	20.22
0512	500	0293	31	28.78
0512	500	0294	15	19.71
0512	500	0294	20	22.89
0512	500	0294	34	22.52
0512	500	0296	14	85.07
0512	500	0296	24	21.05
0512	500	0297	14	20.07
0512	500	0300	20	22.22
0512	500	0300	27	21.19
0512	500	0301	24	20.42
0512	500	0301	31	19.90
0512	500	0303	21	16.67
0512	500	0304	23	17.95
0512	500	0304	33	18.57
0512	500	0305	35	19.91
0512	500	0307	30	17.60
0512	500	0308	28	82.89
0512	500	0309	25	18.90
0512	500	0309	32	19.04
0512	500	0313	18	736.19
0512	500	0313	28	22.16
0512	500	0314	17	17.13
0512	500	0314	35	18.25
0512	500	0316	27	17.61
0512	500	0317	17	17.69
0512	500	0319	23	69.11
0512	500	0322	32	17.38
0512	500	0325	21	180.74
0512	500	0327	21	17.36
0512	500	0329	13	450.97
0512	500	0329	33	19.21
0512	500	0331	22	20.64
0512	500	0332	35	38.44
0512	500	0333	32	21.13
0512	500	0335	26	76.20
0512	500	0337	19	15.09
0512	500	0337	32	79.87
0512	500	0337	33	17.88
0512	500	0340	34	20.06
0512	500	0341	31	100.70
0512	500	0342	27	172.21
0512	500	0343	28	150.30
0512	500	0345	18	17.56
0512	500	0346	13	22.55
0512	500	0346	25	23.36
0512	500	0346	30	26.19
0512	500	0347	17	20.91
0512	500	0348	18	56.52
0512	500	0348	19	15.88
0512	500	0348	20	24.30
0512	500	0348	29	23.25
0512	500	0351	28	17.79
0512	500	0356	23	15.92
0512	500	0358	19	14.97
0512	500	0359	20	16.25
0512	500	0361	13	17.80
0512	500	0362	20	18.65
0512	500	0365	15	98.32
0512	500	0368	18	17.35
0512	500	0369	33	16.68
0512	500	0370	14	684.56
0512	500	0371	19	16.14
0512	500	0371	24	15.64
0512	500	0371	32	17.33
0512	500	0373	30	16.58
0512	500	0374	21	16.19
0512	500	0375	21	13.99
0512	500	0375	35	17.03
0512	500	0376	32	15.79
0512	500	0378	13	20.01
0512	500	0378	20	15.25
0512	500	0379	17	21.12
0512	500	0379	27	15.52
0512	500	0381	34	96.91
0512	500	0382	17	19.14
0512	500	0383	28	41.98
0512	500	0385	17	14.48
0512	500	0387	33	17.53
0512	500	0388	24	16.75
0512	500	0388	35	15.13
0512	500	0394	26	14.32
0512	500	0394	32	12.80
0512	500	0394	35	16.68
0512	500	0398	15	12.42
0512	500	0399	33	13.76
0512	500	0400	20	17.12
0512	500	0400	29	17.19
0512	500	0401	16	29.28
0512	500	0403	15	26.07
0512	500	0404	31	15.79
0512	500	0405	19	13.65
0512	500	0406	30	12.89
0512	500	0407	23	14.20
0512	500	0407	25	16.85
0512	500	0408	21	37.74
0512	500	0409	31	103.96
0512	500	0410	18	15.35
0512	500	0411	34	19.46
0512	500	0412	23	14.00
0512	500	0413	28	24.77
0512	500	0414	35	133.47
0512	500	0415	15	12.50
0512	500	0416	14	29.94
0512	500	0416	28	19.39
0512	500	0416	33	15.94
0512	500	0417	31	12.86
0512	500	0419	28	17.41
0512	500	0420	14	16.73
0512	500	0420	15	14.48
0512	500	0420	17	17.16
0512	500	0421	18	11.71
0512	500	0422	22	15.09
0512	500	0423	17	12.53
0512	500	0423	24	140.51
0512	500	0426	16	12.42
0512	500	0426	27	12.73
0512	500	0427	21	15.69
0512	500	0427	33	78.97
0512	500	0428	25	34.49
0512	500	0429	26	648.03
0512	500	0430	23	16.46
0512	500	0431	25	155.87
0512	500	0434	27	13.55
0512	500	0434	35	416.98
0512	500	0435	23	14.10
0512	500	0436	24	171.47
0512	500	0437	18	14.63
0512	500	0437	27	19.45
0512	500	0438	17	15.06
0512	500	0438	33	18.42
0512	500	0440	15	115.91
0512	500	0440	29	14.24
0512	500	0442	26	12.97
0512	500	0444	25	13.63
0512	500	0445	15	14.48
0512	500	0446	31	12.37
0512	500	0447	35	15.41
0512	500	0448	20	10.29
0512	500	0448	35	15.24
0512	500	0450	26	16.75
0512	500	0452	25	13.63
0512	500	0455	17	12.76
0512	500	0455	27	12.25
0512	500	0457	20	15.33
0512	500	0457	21	14.93
0512	500	0460	33	13.29
0512	500	0462	20	19.59
0512	500	0463	24	13.74
0512	500	0464	30	15.14
0512	500	0464	33	14.48
0512	500	0465	29	13.87
0512	500	0466	19	19.47
0512	500	0467	23	16.98
0512	500	0471	17	19.33
0512	500	0471	24	13.12
0512	500	0474	16	10.96
0512	500	0474	26	40.22
0512	500	0475	21	11.02
0512	500	0477	26	14.57
0512	500	0478	21	21.94
0512	500	0479	18	16.13
0512	500	0479	19	14.23
0512	500	0480	30	12.73
0512	500	0481	29	11.42
0512	500	0481	33	14.25
0512	500	0482	18	13.47
0512	500	0484	20	15.99
0512	500	0484	26	27.03
0512	500	0487	32	14.35
0512	500	0491	20	17.55
0512	500	0491	23	14.23
0512	500	0493	18	15.66
0512	500	0493	25	13.49
0512	500	0493	32	15.32
0512	500	0497	28	13.19
0512	500	0498	19	15.19
0512	500	0498	24	16.04
0512	500	0499	31	18.48
0512	500	0500	25	12.46
0512	500	0501	17	11.65
0512	500	0504	23	11.00
0512	500	0505	21	13.15
0512	500	0505	29	10.42
0512	500	0507	31	8.54
0512	500	0508	17	10.63
0512	500	0510	28	10.95
0512	500	0511	21	10.81
