2	3	4	30	299	27	32	2048	2048	1024	inf		
2	5	7	25	946	34	16	2048	2048	1024	inf		
2	5	7	27	145	31	20	2048	2048	1024	567.00	566.94	567.00
2	5	7	27	78	24	24	2048	2048	1024	323.26	323.23	323.26
2	6	4	18	218	9	28	2048	2048	1024	424.78	424.77	424.78
2	6	5	10	411	20	20	2048	2048	1024	830.73	830.73	830.73
2	6	5	25	178	20	24	2048	2048	1024	360.04	360.03	360.04
2	7	4	1	122	30	32	2048	2048	1024	215.69	215.66	215.69
2	7	10	10	179	24	32	2048	2048	1024	719.03	718.99	719.03
2	8	3	8	78	5	8	2048	2048	1024	24.34	24.33	24.34
2	8	13	6	423	28	12	2048	2048	1024	708.02	708.00	708.02
2	8	15	18	199	35	32	2048	2048	1024	896.91	896.81	896.91
2	9	4	37	6	6	28	2048	2048	1024	52.82	52.81	52.82
2	9	9	1	246	19	12	2048	2048	1024	212.50	212.47	212.50
2	9	11	30	330	28	8	2048	2048	1024	223.35	223.32	223.35
2	9	18	28	722	34	16	2048	2048	1024	1491.36	1491.30	1491.36
2	9	18	8	121	19	20	2048	2048	1024	329.96	329.92	329.96
2	10	16	1	540	25	16	2048	2048	1024	1001.37	1001.35	1001.37
2	10	19	36	174	33	12	2048	2048	1024	248.10	248.03	248.10
2	12	23	31	127	20	12	2048	2048	1024	152.95	152.93	152.95
2	13	8	36	301	33	4	2048	2048	1024	41.40	41.40	41.40
2	14	2	18	574	34	4	2048	2048	1024	28.62	28.60	28.62
2	14	18	25	209	17	32	2048	2048	1024	409.89	409.89	409.89
2	14	22	34	404	32	20	2048	2048	1024	633.27	633.13	633.27
2	14	28	38	96	25	16	2048	2048	1024	145.20	145.13	145.20
2	15	3	14	293	35	4	2048	2048	1024	20.17	20.14	20.17
2	15	4	27	246	35	20	2048	2048	1024	65.31	65.27	65.31
2	15	13	22	279	20	12	2048	2048	1024	127.86	127.86	127.84
2	15	16	25	292	22	32	2048	2048	1024	463.22	463.19	463.22
2	15	28	29	120	20	32	2048	2048	1024	283.14	283.14	283.14
2	17	10	9	245	25	4	2048	2048	1024	29.99	29.97	29.99
2	17	17	11	317	18	28	2048	2048	1024	327.66	327.62	327.66
2	17	20	20	73	32	12	2048	2048	1024	53.63	53.57	53.63
2	17	26	4	19	11	20	2048	2048	1024	41.49	41.48	41.49
2	18	5	21	217	17	20	2048	2048	1024	49.78	49.76	49.78
2	18	28	18	483	26	32	2048	2048	1024	840.83	840.80	840.83
2	18	34	22	174	31	8	2048	2048	1024	102.51	102.49	102.51
2	19	8	28	456	27	20	2048	2048	1024	144.68	144.62	144.68
2	19	14	23	108	13	12	2048	2048	1024	38.79	38.79	38.78
2	19	21	12	335	17	16	2048	2048	1024	193.34	193.30	193.34
2	19	23	29	740	34	4	2048	2048	1024	157.66	157.66	157.66
2	20	5	38	142	26	32	2048	2048	1024	65.90	65.89	65.90
2	20	16	27	25	6	16	2048	2048	1024	20.82	20.82	20.78
2	20	24	10	150	28	28	2048	2048	1024	174.70	174.70	174.70
2	21	4	15	171	28	32	2048	2048	1024	84.49	84.45	84.49
2	21	13	3	61	5	4	2048	2048	1024	9.30	9.30	9.29
2	21	34	25	585	32	4	2048	2048	1024	129.96	129.91	129.96
2	21	34	15	619	33	28	2048	2048	1024	869.53	869.49	869.53
2	22	5	13	143	11	12	2048	2048	1024	18.61	18.61	18.61
2	22	13	12	574	30	12	2048	2048	1024	137.83	137.77	137.83
2	22	20	3	65	4	32	2048	2048	1024	58.45	58.45	58.43
2	23	10	32	79	25	4	2048	2048	1024	9.38	9.38	9.38
2	23	11	18	585	26	28	2048	2048	1024	252.84	252.77	252.84
2	24	21	32	62	19	4	2048	2048	1024	10.14	10.14	10.14
2	24	27	3	768	30	20	2048	2048	1024	575.06	573.01	575.06
2	24	27	24	296	18	32	2048	2048	1024	323.71	323.64	323.71
2	24	35	17	420	33	12	2048	2048	1024	230.93	230.89	230.93
2	24	35	8	218	18	16	2048	2048	1024	142.75	142.75	142.75
2	25	6	2	139	10	8	2048	2048	1024	165.99	165.99	165.99
2	25	12	20	208	13	12	2048	2048	1024	32.93	32.92	32.93
2	25	18	1	31	23	8	2048	2048	1024	25.20	25.20	25.20
2	25	33	32	17	6	20	2048	2048	1024	30.05	30.05	30.01
2	26	22	12	22	9	16	2048	2048	1024	21.21	21.21	21.20
2	26	25	6	577	31	16	2048	2048	1024	239.37	239.37	239.37
2	26	26	10	26	19	28	2048	2048	1024	30.61	30.61	30.58
2	27	21	31	633	28	28	2048	2048	1024	331.01	330.94	331.01
2	27	30	31	466	27	32	2048	2048	1024	421.68	421.65	421.68
2	29	22	37	266	26	16	2048	2048	1024	74.30	74.29	74.30
2	29	29	20	64	15	20	2048	2048	1024	45.84	45.81	45.84
2	30	18	19	361	29	32	2048	2048	1024	174.30	174.22	174.30
2	31	21	28	133	22	8	2048	2048	1024	18.13	18.13	18.06
2	32	13	33	298	31	4	2048	2048	1024	14.59	14.57	14.59
3	2	1	17	613	32	24	2048	2048	1024	2011.42	2011.35	2011.42
3	3	5	31	634	27	32	2048	2048	1024	inf		
3	3	7	10	179	13	8	2048	2048	1024	436.89	436.89	436.89
3	4	8	13	237	16	12	2048	2048	1024	742.71	742.64	742.71
3	5	11	30	696	28	32	2048	2048	1024	inf		
3	5	12	3	518	35	32	2048	2048	1024	inf		
3	6	2	9	254	35	8	2048	2048	1024	73.31	73.27	73.31
3	6	11	1	778	32	28	2048	2048	1024	inf		
3	7	5	24	38	32	16	2048	2048	1024	101.23	101.20	101.23
3	7	7	3	247	14	8	2048	2048	1024	117.55	115.55	117.55
3	8	2	11	594	33	4	2048	2048	1024	48.41	48.37	48.41
3	8	7	14	103	24	12	2048	2048	1024	63.51	63.49	63.51
3	8	16	1	384	26	20	2048	2048	1024	803.69	803.68	803.69
3	9	16	39	525	27	16	2048	2048	1024	984.68	984.65	984.68
3	9	16	10	206	23	24	2048	2048	1024	430.66	430.63	430.66
3	9	22	33	549	27	20	2048	2048	1024	1381.99	1381.95	1381.99
3	10	7	32	137	34	32	2048	2048	1024	159.21	159.20	159.21
3	10	8	14	445	25	12	2048	2048	1024	198.79	198.78	198.79
3	10	17	16	15	12	28	2048	2048	1024	58.68	58.68	58.67
3	12	16	23	87	27	8	2048	2048	1024	43.22	43.21	43.22
3	12	18	11	479	25	24	2048	2048	1024	606.17	606.17	606.15
3	13	24	38	312	32	16	2048	2048	1024	309.71	309.61	309.71
3	13	30	36	210	26	24	2048	2048	1024	391.96	391.96	391.95
3	13	30	17	286	12	32	2048	2048	1024	663.97	663.97	663.96
3	14	9	6	100	25	8	2048	2048	1024	22.66	22.66	22.66
3	14	22	28	53	27	20	2048	2048	1024	64.51	64.49	64.51
3	14	28	34	209	30	16	2048	2048	1024	212.64	212.59	212.64
3	14	31	17	187	15	24	2048	2048	1024	343.83	343.83	343.82
3	14	33	24	57	3	8	2048	2048	1024	39.75	39.75	39.75
3	14	34	17	166	32	4	2048	2048	1024	51.20	51.20	51.16
3	15	14	18	154	34	24	2048	2048	1024	110.85	110.84	110.85
3	15	32	6	202	18	20	2048	2048	1024	238.26	238.25	238.26
3	16	5	7	379	34	12	2048	2048	1024	54.30	54.26	54.30
3	16	8	15	263	23	28	2048	2048	1024	114.23	114.21	114.23
3	16	15	1	190	15	16	2048	2048	1024	87.46	87.44	87.46
3	16	18	26	139	18	12	2048	2048	1024	53.89	53.89	53.87
3	16	21	5	696	33	20	2048	2048	1024	655.68	655.62	655.68
3	16	21	26	192	31	28	2048	2048	1024	198.83	198.83	198.83
3	17	20	3	194	33	4	2048	2048	1024	29.53	29.53	29.53
3	17	23	10	513	29	32	2048	2048	1024	680.46	680.42	680.46
3	17	35	15	325	35	12	2048	2048	1024	192.65	192.62	192.65
3	18	6	19	313	32	12	2048	2048	1024	36.99	36.96	36.99
3	18	8	16	144	25	24	2048	2048	1024	49.15	49.14	49.15
3	18	21	6	206	19	24	2048	2048	1024	148.46	148.46	148.27
3	18	21	2	139	21	32	2048	2048	1024	135.84	135.12	135.84
3	18	32	12	219	15	24	2048	2048	1024	223.76	223.76	223.76
3	18	33	10	69	12	8	2048	2048	1024	30.16	30.16	30.15
3	18	35	35	336	14	20	2048	2048	1024	302.45	302.41	302.45
3	19	4	29	185	22	12	2048	2048	1024	28.56	28.56	28.56
3	19	25	28	73	32	28	2048	2048	1024	77.78	77.77	77.78
3	19	32	15	46	31	20	2048	2048	1024	58.91	58.91	58.90
3	20	15	30	138	35	4	2048	2048	1024	12.58	12.56	12.58
3	20	17	22	25	14	16	2048	2048	1024	30.41	30.36	30.41
3	21	22	28	216	19	16	2048	2048	1024	97.64	97.34	97.64
3	23	27	25	260	29	12	2048	2048	1024	78.42	78.42	78.37
3	25	8	37	370	34	16	2048	2048	1024	42.74	42.68	42.74
3	25	8	13	248	34	24	2048	2048	1024	52.94	52.92	52.94
3	25	9	10	176	33	24	2048	2048	1024	52.08	52.04	52.08
3	26	17	28	162	15	12	2048	2048	1024	25.65	25.65	25.65
3	26	17	16	857	33	16	2048	2048	1024	179.69	177.65	179.69
3	26	23	26	328	19	12	2048	2048	1024	60.14	60.11	60.14
3	26	28	39	212	21	20	2048	2048	1024	83.19	83.16	83.19
3	27	9	8	501	25	32	2048	2048	1024	100.35	100.35	100.34
3	28	23	2	673	33	12	2048	2048	1024	106.17	106.13	106.17
3	29	19	5	132	24	12	2048	2048	1024	21.69	21.69	21.69
3	30	6	39	152	34	20	2048	2048	1024	37.36	37.33	37.36
3	30	9	40	137	29	24	2048	2048	1024	45.13	45.12	45.13
3	31	8	39	382	27	32	2048	2048	1024	166.51	166.49	166.51
3	31	25	32	107	23	28	2048	2048	1024	48.67	48.54	48.67
3	31	27	36	164	25	8	2048	2048	1024	25.62	25.62	25.61
3	31	30	21	173	12	12	2048	2048	1024	31.41	31.41	31.40
3	32	24	35	352	33	12	2048	2048	1024	53.19	53.19	53.19
3	32	32	29	126	35	8	2048	2048	1024	18.09	18.09	18.07
4	3	5	14	299	34	12	2048	2048	1024	656.25	656.23	656.25
4	3	11	37	273	23	12	2048	2048	1024	1171.98	1171.95	1171.98
4	5	8	29	222	20	20	2048	2048	1024	429.06	429.03	429.06
4	5	9	20	369	25	8	2048	2048	1024	349.01	348.99	349.01
4	5	20	19	380	27	16	2048	2048	1024	1414.43	1413.41	1414.43
4	6	15	16	109	32	8	2048	2048	1024	118.63	118.58	118.63
4	6	17	12	157	7	20	2048	2048	1024	446.29	446.28	446.29
4	7	7	18	229	30	16	2048	2048	1024	175.41	175.41	175.38
4	7	18	9	277	18	32	2048	2048	1024	1010.26	1010.20	1010.26
4	7	26	33	96	20	32	2048	2048	1024	503.81	503.79	503.81
4	8	6	9	172	20	12	2048	2048	1024	68.86	68.81	68.86
4	8	11	10	54	8	12	2048	2048	1024	42.06	42.05	42.06
4	8	19	17	58	8	20	2048	2048	1024	115.06	115.02	115.06
4	8	24	17	41	10	16	2048	2048	1024	93.36	93.36	93.36
4	9	17	24	842	35	28	2048	2048	1024	1742.59	1742.52	1742.59
4	9	18	14	231	21	4	2048	2048	1024	70.25	70.21	70.25
4	9	29	10	110	34	4	2048	2048	1024	53.39	53.38	53.39
4	9	31	3	249	32	24	2048	2048	1024	695.41	695.39	695.41
4	10	11	16	329	26	28	2048	2048	1024	321.88	321.82	321.88
4	10	27	28	303	33	12	2048	2048	1024	317.31	317.25	317.31
4	10	32	40	171	20	28	2048	2048	1024	501.78	501.76	501.78
4	11	7	2	384	28	16	2048	2048	1024	127.05	126.99	127.05
4	11	11	39	441	26	8	2048	2048	1024	116.72	116.69	116.72
4	11	21	29	292	25	32	2048	2048	1024	489.71	489.71	489.71
4	11	26	6	612	35	8	2048	2048	1024	345.96	345.93	345.96
4	11	30	38	199	14	24	2048	2048	1024	467.16	467.14	467.16
4	11	35	40	181	14	28	2048	2048	1024	461.30	461.30	461.30
4	12	3	24	87	11	16	2048	2048	1024	26.94	26.93	26.94
4	12	9	11	161	28	20	2048	2048	1024	72.65	72.65	72.65
4	12	18	13	136	16	28	2048	2048	1024	150.18	150.17	150.18
4	12	21	22	43	18	24	2048	2048	1024	63.97	63.97	63.96
4	12	23	11	90	6	28	2048	2048	1024	140.08	140.08	140.07
4	12	27	28	137	18	24	2048	2048	1024	206.12	206.12	206.11
4	12	27	31	126	7	24	2048	2048	1024	346.35	346.32	346.35
4	13	11	32	366	33	20	2048	2048	1024	164.69	164.68	164.69
4	14	13	36	71	14	32	2048	2048	1024	62.23	62.23	62.22
4	14	21	8	81	34	12	2048	2048	1024	43.73	43.71	43.73
4	14	32	5	115	15	24	2048	2048	1024	152.63	152.62	152.63
4	14	35	4	161	18	16	2048	2048	1024	159.08	159.07	159.08
4	15	11	4	236	25	20	2048	2048	1024	78.80	78.77	78.80
4	15	12	10	210	22	28	2048	2048	1024	114.90	114.89	114.90
4	15	32	29	626	35	20	2048	2048	1024	581.23	581.22	581.23
4	16	17	16	50	4	16	2048	2048	1024	24.70	24.68	24.70
4	16	29	12	82	25	28	2048	2048	1024	100.22	100.22	100.22
4	17	28	34	426	18	4	2048	2048	1024	64.14	64.11	64.14
4	17	31	11	59	28	28	2048	2048	1024	83.02	83.00	83.02
4	18	6	15	212	27	24	2048	2048	1024	55.19	55.17	55.19
4	18	13	7	305	26	28	2048	2048	1024	151.49	151.49	151.48
4	18	30	21	105	9	12	2048	2048	1024	62.66	61.65	62.66
4	18	32	16	603	29	8	2048	2048	1024	164.99	164.94	164.99
4	19	10	37	381	16	4	2048	2048	1024	22.13	22.13	22.13
4	19	13	9	156	24	16	2048	2048	1024	34.97	34.97	34.97
4	19	24	38	109	12	8	2048	2048	1024	23.76	23.76	23.75
4	19	25	40	146	16	16	2048	2048	1024	176.77	176.77	176.76
4	19	32	16	183	16	32	2048	2048	1024	171.89	171.89	171.85
4	20	11	13	130	26	16	2048	2048	1024	34.38	34.37	34.38
4	20	34	17	93	9	32	2048	2048	1024	97.60	97.60	97.60
4	21	30	20	525	27	12	2048	2048	1024	173.10	173.09	173.10
4	21	33	32	847	32	4	2048	2048	1024	104.85	104.81	104.85
4	23	22	29	138	18	8	2048	2048	1024	23.29	23.28	23.29
4	23	35	29	440	32	16	2048	2048	1024	176.01	176.00	176.01
4	24	9	12	23	5	32	2048	2048	1024	30.20	30.20	30.17
4	24	12	28	41	25	24	2048	2048	1024	52.48	52.45	52.48
4	24	14	12	302	33	16	2048	2048	1024	56.13	56.11	56.13
4	24	18	28	233	22	12	2048	2048	1024	40.53	40.53	40.50
4	24	21	10	236	19	28	2048	2048	1024	91.25	91.25	91.25
4	25	26	21	315	33	12	2048	2048	1024	54.49	54.49	54.49
4	25	29	21	632	34	24	2048	2048	1024	231.59	231.54	231.59
4	26	8	15	167	25	4	2048	2048	1024	7.52	7.52	7.52
4	26	10	20	89	9	32	2048	2048	1024	28.10	28.10	28.08
4	26	33	23	483	27	8	2048	2048	1024	74.67	74.65	74.67
4	27	18	32	141	15	24	2048	2048	1024	38.97	38.97	38.93
4	28	8	17	26	22	24	2048	2048	1024	50.21	50.15	50.21
4	28	22	38	617	24	12	2048	2048	1024	81.98	81.98	81.98
4	29	12	27	24	7	20	2048	2048	1024	18.02	18.02	18.02
4	29	24	28	380	31	8	2048	2048	1024	31.77	31.76	31.77
4	29	32	16	27	2	16	2048	2048	1024	15.81	15.81	15.78
4	29	34	4	475	32	32	2048	2048	1024	209.07	209.04	209.07
4	30	8	24	81	28	12	2048	2048	1024	23.00	23.00	22.98
4	30	15	24	149	25	8	2048	2048	1024	14.47	14.40	14.47
4	31	28	31	174	25	4	2048	2048	1024	13.41	13.39	13.41
4	31	34	11	129	10	20	2048	2048	1024	40.79	40.79	40.78
4	32	22	35	22	21	12	2048	2048	1024	27.23	27.19	27.23
5	3	5	17	136	10	8	2048	2048	1024	144.30	144.29	144.30
5	3	11	25	93	8	20	2048	2048	1024	524.72	524.72	524.72
5	3	15	29	542	26	16	2048	2048	1024	inf		
5	4	10	1	201	21	12	2048	2048	1024	366.37	366.32	366.37
5	4	11	22	473	35	24	2048	2048	1024	1947.23	1947.21	1947.23
5	4	12	3	764	33	24	2048	2048	1024	inf		
5	4	19	36	535	35	28	2048	2048	1024	inf		
5	5	6	17	183	19	4	2048	2048	1024	44.43	44.41	44.43
5	5	14	1	269	29	12	2048	2048	1024	458.37	458.34	458.37
5	6	16	37	176	23	20	2048	2048	1024	381.77	381.75	381.77
5	6	24	13	71	25	32	2048	2048	1024	385.64	385.59	385.64
5	6	25	11	253	21	20	2048	2048	1024	835.06	835.06	835.05
5	7	2	2	159	32	24	2048	2048	1024	140.40	140.39	140.40
5	7	10	12	885	33	4	2048	2048	1024	204.60	204.57	204.60
5	7	10	29	206	29	24	2048	2048	1024	267.74	267.70	267.74
5	7	12	7	300	15	20	2048	2048	1024	393.26	393.22	393.26
5	7	18	26	540	26	4	2048	2048	1024	237.71	237.67	237.71
5	7	27	20	41	6	20	2048	2048	1024	124.80	124.80	124.80
5	7	32	23	383	18	24	2048	2048	1024	1534.64	1534.64	1534.62
5	7	32	22	830	34	32	2048	2048	1024	inf		
5	8	9	33	96	21	20	2048	2048	1024	76.13	76.13	76.12
5	8	12	35	326	20	4	2048	2048	1024	67.19	67.15	67.19
5	8	28	13	64	27	12	2048	2048	1024	79.80	79.77	79.80
5	9	8	24	415	22	8	2048	2048	1024	104.57	104.53	104.57
5	9	8	37	117	30	16	2048	2048	1024	72.41	72.39	72.41
5	9	30	11	388	31	8	2048	2048	1024	289.86	289.84	289.86
5	10	16	29	140	17	16	2048	2048	1024	93.97	93.97	93.96
5	10	31	11	313	21	28	2048	2048	1024	680.09	680.09	680.07
5	11	3	34	64	12	8	2048	2048	1024	18.59	18.59	18.58
5	11	7	40	262	29	16	2048	2048	1024	75.31	75.30	75.31
5	11	31	32	37	18	16	2048	2048	1024	49.52	49.52	49.49
5	12	18	6	14	2	20	2048	2048	1024	20.09	20.09	20.05
5	13	20	11	681	31	4	2048	2048	1024	186.79	186.77	186.79
5	13	20	18	32	28	8	2048	2048	1024	31.94	31.94	31.94
5	13	21	8	245	21	24	2048	2048	1024	188.71	188.71	188.70
5	14	14	20	76	21	20	2048	2048	1024	50.26	50.26	50.22
5	14	17	23	371	33	16	2048	2048	1024	141.97	141.95	141.97
5	15	5	27	67	12	4	2048	2048	1024	7.51	7.51	7.50
5	15	18	34	80	19	20	2048	2048	1024	40.93	40.93	40.92
5	15	24	10	498	32	20	2048	2048	1024	267.39	267.35	267.39
5	15	28	39	373	23	4	2048	2048	1024	55.12	55.07	55.12
5	15	32	8	886	32	20	2048	2048	1024	688.48	688.43	688.48
5	16	5	29	292	31	28	2048	2048	1024	83.39	83.37	83.39
5	16	26	39	49	28	24	2048	2048	1024	70.67	70.53	70.67
5	16	35	1	539	32	24	2048	2048	1024	545.79	545.79	545.76
5	17	35	23	340	23	16	2048	2048	1024	157.29	157.29	157.28
5	18	10	22	231	28	8	2048	2048	1024	51.55	51.53	51.55
5	18	13	37	215	14	8	2048	2048	1024	20.99	20.86	20.99
5	18	31	22	616	28	28	2048	2048	1024	440.70	440.64	440.70
5	19	16	30	368	22	12	2048	2048	1024	61.70	61.70	61.42
5	19	24	16	107	18	20	2048	2048	1024	49.35	49.35	49.34
5	19	32	9	167	23	12	2048	2048	1024	48.15	48.13	48.15
5	20	8	12	172	34	4	2048	2048	1024	12.15	12.14	12.15
5	20	8	23	485	26	8	2048	2048	1024	164.26	164.26	164.24
5	20	24	22	404	15	12	2048	2048	1024	80.48	80.45	80.48
5	21	16	18	112	31	28	2048	2048	1024	70.35	70.33	70.35
5	21	19	32	94	13	16	2048	2048	1024	25.01	24.98	25.01
5	21	21	19	463	27	4	2048	2048	1024	inf		
5	21	23	39	154	12	24	2048	2048	1024	57.77	57.77	57.77
5	21	26	35	173	33	20	2048	2048	1024	inf		
5	21	29	28	136	14	28	2048	2048	1024	83.35	83.33	83.35
5	22	22	18	34	12	28	2048	2048	1024	40.64	40.64	40.63
5	22	34	14	26	17	20	2048	2048	1024	39.44	39.44	39.43
5	23	13	19	91	16	20	2048	2048	1024	30.00	30.00	29.88
5	23	14	3	64	20	28	2048	2048	1024	45.84	45.79	45.84
5	24	17	19	230	29	20	2048	2048	1024	50.29	50.26	50.29
5	24	25	2	402	24	20	2048	2048	1024	97.38	97.36	97.38
5	25	17	24	53	14	24	2048	2048	1024	32.03	32.02	32.03
5	25	35	3	5	3	4	2048	2048	1024	8.62	8.62	8.60
5	26	25	31	127	8	24	2048	2048	1024	37.25	37.25	37.25
5	26	28	19	471	35	24	2048	2048	1024	129.75	129.74	129.75
5	26	31	27	76	7	32	2048	2048	1024	33.96	33.96	33.95
5	27	23	39	742	32	24	2048	2048	1024	198.80	198.77	198.80
5	28	21	22	429	31	24	2048	2048	1024	94.17	94.16	94.17
5	29	29	29	310	19	4	2048	2048	1024	20.17	20.14	20.17
5	30	17	24	590	34	20	2048	2048	1024	76.92	76.92	76.90
5	30	25	30	227	33	20	2048	2048	1024	46.52	46.51	46.52
5	30	30	24	727	33	4	2048	2048	1024	42.29	40.28	42.29
5	31	23	31	372	32	28	2048	2048	1024	88.16	88.14	88.16
5	31	31	3	460	31	20	2048	2048	1024	92.33	90.80	92.33
5	31	32	5	260	13	28	2048	2048	1024	81.60	81.60	81.59
5	32	11	4	84	10	4	2048	2048	1024	10.49	10.45	10.49
5	32	12	22	282	35	24	2048	2048	1024	57.79	57.74	57.79
6	3	11	7	772	31	20	2048	2048	1024	inf		
6	3	13	34	596	34	32	2048	2048	1024	inf		
6	3	16	9	664	34	28	2048	2048	1024	inf		
6	4	10	7	461	31	12	2048	2048	1024	740.21	739.58	740.21
6	4	13	29	979	34	4	2048	2048	1024	654.23	652.19	654.23
6	4	24	34	310	31	28	2048	2048	1024	inf		
6	6	8	30	159	31	16	2048	2048	1024	130.54	130.51	130.54
6	6	11	34	92	12	28	2048	2048	1024	167.43	167.42	167.43
6	6	13	30	252	13	16	2048	2048	1024	298.81	298.81	298.81
6	6	17	27	195	16	28	2048	2048	1024	535.01	535.00	535.01
6	6	18	6	103	33	12	2048	2048	1024	140.77	140.77	140.77
6	6	26	6	502	34	32	2048	2048	1024	inf		
6	6	33	23	70	12	12	2048	2048	1024	161.00	161.00	161.00
6	7	14	40	202	12	12	2048	2048	1024	148.07	148.05	148.07
6	7	18	35	30	27	32	2048	2048	1024	178.67	178.65	178.67
6	7	20	17	81	16	8	2048	2048	1024	56.73	56.71	56.73
6	7	29	36	298	33	8	2048	2048	1024	314.56	314.53	314.56
6	7	31	7	615	35	8	2048	2048	1024	671.32	671.26	671.32
6	8	19	30	132	30	16	2048	2048	1024	142.35	142.35	142.33
6	9	3	4	79	35	12	2048	2048	1024	61.92	61.90	61.92
6	9	19	17	79	4	16	2048	2048	1024	69.57	69.53	69.57
6	9	21	12	354	25	16	2048	2048	1024	339.00	338.97	339.00
6	9	26	21	552	24	24	2048	2048	1024	1021.21	1021.16	1021.21
6	9	32	19	651	34	16	2048	2048	1024	845.98	845.92	845.98
6	9	35	17	494	35	4	2048	2048	1024	180.62	180.61	180.62
6	10	21	24	356	32	24	2048	2048	1024	407.53	407.50	407.53
6	10	27	30	330	32	20	2048	2048	1024	357.02	357.00	357.02
6	10	35	4	690	35	4	2048	2048	1024	279.43	279.37	279.43
6	11	7	20	322	26	4	2048	2048	1024	26.36	26.34	26.36
6	11	17	5	327	29	4	2048	2048	1024	40.38	40.37	40.38
6	11	26	36	426	24	32	2048	2048	1024	695.97	695.93	695.97
6	11	28	14	91	24	24	2048	2048	1024	121.09	121.09	121.09
6	11	33	37	435	18	8	2048	2048	1024	224.09	224.05	224.09
6	11	33	22	703	34	28	2048	2048	1024	1506.93	1506.89	1506.93
6	12	18	19	138	33	24	2048	2048	1024	99.17	99.16	99.17
6	12	26	37	531	35	20	2048	2048	1024	485.20	485.20	484.91
6	13	9	4	367	34	8	2048	2048	1024	39.47	39.43	39.47
6	13	12	36	347	25	28	2048	2048	1024	174.35	174.25	174.35
6	13	18	9	61	17	24	2048	2048	1024	53.68	53.68	53.66
6	14	15	9	295	35	4	2048	2048	1024	24.31	24.29	24.31
6	14	20	18	25	17	24	2048	2048	1024	65.67	65.44	65.67
6	14	29	33	26	17	4	2048	2048	1024	15.10	15.10	15.08
6	14	29	14	44	3	8	2048	2048	1024	18.15	18.15	18.09
6	14	33	23	123	27	28	2048	2048	1024	132.11	132.10	132.11
6	15	19	18	160	21	8	2048	2048	1024	28.25	28.25	28.25
6	15	20	2	116	35	8	2048	2048	1024	27.10	27.08	27.10
6	15	21	36	133	32	28	2048	2048	1024	86.80	86.80	86.80
6	15	25	21	17	1	28	2048	2048	1024	30.93	30.93	30.92
6	15	26	16	373	25	24	2048	2048	1024	235.27	235.23	235.27
6	15	28	2	773	32	20	2048	2048	1024	508.02	507.98	508.02
6	16	11	4	79	18	32	2048	2048	1024	64.06	64.05	64.06
6	16	34	36	435	19	12	2048	2048	1024	166.20	166.20	166.18
6	17	13	29	196	35	8	2048	2048	1024	25.04	25.03	25.04
6	17	16	31	264	35	12	2048	2048	1024	47.25	47.22	47.25
6	17	18	16	610	35	24	2048	2048	1024	210.54	210.51	210.54
6	18	7	26	179	33	20	2048	2048	1024	56.69	56.67	56.69
6	18	19	39	411	20	28	2048	2048	1024	328.67	328.60	328.67
6	18	21	8	232	22	4	2048	2048	1024	21.45	21.45	21.45
6	19	23	8	308	15	24	2048	2048	1024	119.56	119.54	119.56
6	19	34	35	866	34	8	2048	2048	1024	165.21	165.13	165.21
6	20	10	21	127	32	28	2048	2048	1024	67.37	67.35	67.37
6	20	23	13	149	16	32	2048	2048	1024	73.25	73.25	73.25
6	20	29	20	26	16	20	2048	2048	1024	39.86	39.81	39.86
6	21	14	37	432	28	12	2048	2048	1024	49.10	49.05	49.10
6	21	18	3	98	28	8	2048	2048	1024	21.42	21.42	21.42
6	21	28	12	795	33	12	2048	2048	1024	162.43	162.43	162.43
6	21	35	38	90	29	32	2048	2048	1024	71.60	71.58	71.60
6	23	21	16	365	24	8	2048	2048	1024	36.34	36.29	36.34
6	24	10	20	291	26	8	2048	2048	1024	146.86	146.86	146.85
6	24	32	33	398	18	24	2048	2048	1024	254.09	254.09	254.09
6	27	24	35	217	16	4	2048	2048	1024	8.30	8.30	8.30
6	27	29	25	126	29	20	2048	2048	1024	45.42	45.41	45.42
6	27	32	2	137	23	12	2048	2048	1024	23.14	23.14	23.12
6	28	21	31	85	25	8	2048	2048	1024	15.48	15.47	15.48
6	28	30	14	477	34	8	2048	2048	1024	43.08	43.05	43.08
6	29	20	32	451	34	20	2048	2048	1024	65.44	65.40	65.44
6	30	28	39	146	22	20	2048	2048	1024	31.22	31.21	31.22
6	31	28	19	238	17	28	2048	2048	1024	51.59	51.57	51.59
6	32	16	22	69	34	32	2048	2048	1024	68.64	68.62	68.64
7	2	14	11	401	26	16	2048	2048	1024	inf		
7	3	2	21	568	34	4	2048	2048	1024	156.20	156.17	156.20
7	3	4	13	94	26	4	2048	2048	1024	51.44	51.42	51.44
7	3	5	12	30	23	24	2048	2048	1024	231.51	231.51	231.51
7	3	8	9	608	30	12	2048	2048	1024	1197.19	1197.15	1197.19
7	4	12	4	379	26	20	2048	2048	1024	1014.01	1013.95	1014.01
7	5	3	30	328	21	28	2048	2048	1024	254.33	254.29	254.33
7	5	5	4	447	32	28	2048	2048	1024	521.05	521.01	521.05
7	6	19	10	399	34	28	2048	2048	1024	1015.03	1015.00	1015.03
7	6	31	7	96	27	32	2048	2048	1024	476.49	476.41	476.49
7	7	6	19	128	25	12	2048	2048	1024	162.93	162.93	162.92
7	7	7	10	270	28	20	2048	2048	1024	157.42	157.42	157.39
7	7	11	40	266	28	24	2048	2048	1024	275.96	275.94	275.96
7	9	21	10	238	19	8	2048	2048	1024	97.81	97.81	97.81
7	9	28	22	21	10	24	2048	2048	1024	55.56	55.54	55.56
7	10	29	33	113	8	32	2048	2048	1024	189.45	189.36	189.45
7	10	32	33	51	19	4	2048	2048	1024	16.77	16.77	16.74
7	11	28	40	351	16	8	2048	2048	1024	134.66	134.64	134.66
7	12	5	7	151	22	20	2048	2048	1024	53.72	53.72	53.72
7	12	7	27	369	24	32	2048	2048	1024	120.47	120.45	120.47
7	12	8	27	229	29	20	2048	2048	1024	73.65	73.63	73.65
7	12	13	19	504	27	28	2048	2048	1024	234.64	234.56	234.64
7	12	23	4	131	16	16	2048	2048	1024	64.38	64.38	64.38
7	13	10	5	294	16	16	2048	2048	1024	65.97	65.96	65.97
7	13	26	9	180	33	12	2048	2048	1024	66.98	66.97	66.98
7	13	35	29	228	8	20	2048	2048	1024	192.61	192.60	192.61
7	14	8	30	96	32	24	2048	2048	1024	83.89	83.88	83.89
7	14	33	29	214	10	24	2048	2048	1024	165.15	165.13	165.15
7	15	32	35	59	34	24	2048	2048	1024	72.13	72.13	72.13
7	17	20	11	531	35	28	2048	2048	1024	229.25	229.17	229.25
7	18	27	35	380	33	8	2048	2048	1024	50.87	50.86	50.87
7	18	29	26	440	27	24	2048	2048	1024	196.72	196.71	196.72
7	18	32	13	149	8	32	2048	2048	1024	99.59	99.58	99.59
7	18	34	21	269	24	24	2048	2048	1024	137.54	137.53	137.54
7	19	17	12	122	23	28	2048	2048	1024	58.71	58.71	58.71
7	19	33	2	170	16	20	2048	2048	1024	66.50	66.49	66.50
7	20	9	38	287	34	24	2048	2048	1024	67.41	67.40	67.41
7	20	21	31	203	22	16	2048	2048	1024	39.30	39.29	39.30
7	20	21	40	72	35	24	2048	2048	1024	77.31	77.29	77.31
7	21	22	8	166	19	4	2048	2048	1024	10.53	10.53	10.52
7	21	31	29	208	12	8	2048	2048	1024	25.77	25.75	25.77
7	22	9	34	139	31	8	2048	2048	1024	18.62	18.62	18.62
7	23	35	23	385	20	32	2048	2048	1024	164.10	164.08	164.10
7	24	27	18	252	16	24	2048	2048	1024	57.93	57.93	57.93
7	24	35	25	455	33	4	2048	2048	1024	31.25	31.23	31.25
7	25	26	28	93	27	24	2048	2048	1024	52.52	52.51	52.52
7	25	33	22	549	32	20	2048	2048	1024	132.51	132.49	132.51
7	26	15	8	57	4	24	2048	2048	1024	28.27	28.27	28.26
7	26	16	34	100	24	20	2048	2048	1024	38.91	38.90	38.91
7	26	20	14	387	33	4	2048	2048	1024	12.85	12.83	12.85
7	27	9	4	344	35	12	2048	2048	1024	33.90	33.90	33.90
7	27	15	16	63	32	28	2048	2048	1024	81.25	81.18	81.25
7	28	21	28	554	31	32	2048	2048	1024	116.85	116.80	116.85
7	28	24	21	454	27	32	2048	2048	1024	105.10	105.05	105.10
7	28	34	18	165	23	28	2048	2048	1024	53.35	53.34	53.35
7	29	16	26	125	32	20	2048	2048	1024	48.04	47.99	48.04
7	29	31	40	46	10	4	2048	2048	1024	8.00	8.00	7.99
7	31	17	30	46	24	16	2048	2048	1024	41.52	41.48	41.52
7	32	25	38	37	8	24	2048	2048	1024	27.73	27.73	27.72
7	32	32	28	95	22	28	2048	2048	1024	86.11	86.11	86.08
8	2	14	6	142	25	24	2048	2048	1024	1726.81	1726.76	1726.81
8	2	15	38	963	33	32	2048	2048	1024	inf		
8	3	5	38	484	18	32	2048	2048	1024	1335.49	1335.44	1335.49
8	4	3	20	208	24	12	2048	2048	1024	125.13	125.10	125.13
8	4	7	36	539	35	12	2048	2048	1024	531.75	531.70	531.75
8	4	24	20	127	15	16	2048	2048	1024	455.75	455.74	455.75
8	4	26	21	472	34	32	2048	2048	1024	inf		
8	4	30	29	286	33	24	2048	2048	1024	1877.35	1877.32	1877.35
8	5	7	32	867	34	4	2048	2048	1024	184.21	182.17	184.21
8	5	7	1	181	18	8	2048	2048	1024	69.11	69.10	69.11
8	6	5	37	45	17	16	2048	2048	1024	62.70	62.70	62.70
8	6	31	30	322	20	8	2048	2048	1024	348.63	348.58	348.63
8	6	32	15	86	8	20	2048	2048	1024	244.63	244.63	244.63
8	6	34	4	406	34	8	2048	2048	1024	458.27	458.23	458.27
8	7	16	35	353	22	16	2048	2048	1024	320.72	320.68	320.72
8	7	34	25	296	19	20	2048	2048	1024	692.71	692.68	692.71
8	8	15	21	70	35	28	2048	2048	1024	171.79	171.68	171.79
8	8	25	11	312	22	4	2048	2048	1024	81.34	81.32	81.34
8	8	25	16	294	31	24	2048	2048	1024	472.01	472.01	472.00
8	8	29	4	121	7	12	2048	2048	1024	104.68	104.66	104.68
8	9	22	24	151	28	32	2048	2048	1024	217.00	216.91	217.00
8	9	23	39	336	30	8	2048	2048	1024	118.36	118.34	118.36
8	10	29	38	273	22	4	2048	2048	1024	52.85	52.85	52.85
8	11	11	2	499	32	32	2048	2048	1024	247.91	247.87	247.91
8	12	15	38	250	24	28	2048	2048	1024	130.60	130.58	130.60
8	12	20	15	54	10	32	2048	2048	1024	49.86	49.86	49.81
8	13	20	34	327	27	4	2048	2048	1024	34.02	33.95	34.02
8	13	32	38	90	33	4	2048	2048	1024	19.90	19.88	19.90
8	14	18	6	146	14	8	2048	2048	1024	20.61	20.61	20.61
8	14	33	16	14	3	28	2048	2048	1024	17.24	17.24	17.22
8	14	34	25	705	34	4	2048	2048	1024	115.47	115.47	115.46
8	14	35	15	444	29	24	2048	2048	1024	331.89	331.87	331.89
8	15	27	40	130	7	24	2048	2048	1024	69.11	69.10	69.11
8	16	17	11	237	27	32	2048	2048	1024	94.91	94.89	94.91
8	17	13	28	36	12	4	2048	2048	1024	8.11	8.10	8.11
8	18	23	27	207	16	8	2048	2048	1024	24.13	24.12	24.13
8	19	10	39	304	29	8	2048	2048	1024	25.77	25.74	25.77
8	19	11	24	126	32	24	2048	2048	1024	80.34	80.34	80.32
8	19	30	30	182	33	32	2048	2048	1024	95.00	94.99	95.00
8	19	35	2	694	30	20	2048	2048	1024	307.26	307.24	307.26
8	20	15	3	189	17	28	2048	2048	1024	46.35	46.35	45.76
8	20	27	11	494	22	32	2048	2048	1024	179.56	179.52	179.56
8	20	33	26	243	16	4	2048	2048	1024	14.97	14.96	14.97
8	21	23	34	564	26	28	2048	2048	1024	164.17	164.14	164.17
8	21	35	27	108	10	4	2048	2048	1024	150.54	150.54	150.51
8	21	35	28	282	20	4	2048	2048	1024	16.66	16.66	16.66
8	22	13	30	108	26	24	2048	2048	1024	60.68	60.66	60.68
8	23	16	8	55	4	12	2048	2048	1024	11.60	11.60	11.60
8	24	14	17	252	35	32	2048	2048	1024	80.42	80.37	80.42
8	24	25	6	62	23	12	2048	2048	1024	38.07	38.07	38.06
8	24	31	22	68	30	4	2048	2048	1024	10.78	10.74	10.78
8	25	22	14	95	8	16	2048	2048	1024	15.39	15.38	15.39
8	25	29	10	9	1	24	2048	2048	1024	18.30	18.30	18.29
8	28	19	12	349	33	20	2048	2048	1024	42.00	41.95	42.00
8	29	12	3	81	29	32	2048	2048	1024	62.92	62.92	62.91
8	29	28	24	156	11	12	2048	2048	1024	19.09	19.09	19.07
8	32	25	7	135	30	12	2048	2048	1024	37.56	37.56	37.56
9	3	8	8	362	31	20	2048	2048	1024	937.06	937.04	937.06
9	3	13	25	62	34	28	2048	2048	1024	391.93	391.88	391.93
9	4	6	33	680	31	24	2048	2048	1024	832.92	832.87	832.92
9	4	14	25	692	25	28	2048	2048	1024	inf		
9	4	20	6	113	11	12	2048	2048	1024	224.95	224.90	224.95
9	4	34	20	437	35	32	2048	2048	1024	inf		
9	5	8	39	67	22	24	2048	2048	1024	139.04	139.01	139.04
9	5	23	37	164	17	28	2048	2048	1024	575.76	575.71	575.76
9	5	27	21	503	35	32	2048	2048	1024	2272.84	2272.82	2272.84
9	5	30	31	152	22	16	2048	2048	1024	395.34	395.32	395.34
9	6	11	14	512	29	16	2048	2048	1024	441.79	441.76	441.79
9	6	14	17	164	29	32	2048	2048	1024	329.99	329.98	329.99
9	6	34	5	223	18	28	2048	2048	1024	786.49	786.48	786.49
9	6	35	30	548	31	4	2048	2048	1024	345.93	345.93	345.92
9	7	12	37	615	29	28	2048	2048	1024	624.11	624.07	624.11
9	7	28	18	595	34	8	2048	2048	1024	411.06	411.04	411.06
9	8	25	37	500	33	4	2048	2048	1024	110.79	110.75	110.79
9	8	35	24	696	29	32	2048	2048	1024	inf		
9	9	20	30	220	27	12	2048	2048	1024	92.05	92.05	92.03
9	9	22	3	246	12	32	2048	2048	1024	300.23	300.20	300.23
9	9	27	30	571	33	32	2048	2048	1024	947.33	947.27	947.33
9	9	31	39	34	9	28	2048	2048	1024	151.62	151.62	151.62
9	10	15	28	193	15	4	2048	2048	1024	20.61	20.61	20.60
9	10	22	17	14	13	32	2048	2048	1024	103.66	103.66	103.66
9	11	8	39	243	33	24	2048	2048	1024	106.41	106.40	106.41
9	11	14	29	182	24	32	2048	2048	1024	107.29	107.29	107.29
9	11	15	11	27	21	8	2048	2048	1024	27.86	27.82	27.86
9	11	24	8	106	9	28	2048	2048	1024	92.00	92.00	91.99
9	11	33	32	322	25	12	2048	2048	1024	146.63	146.63	146.63
9	12	26	16	414	27	12	2048	2048	1024	147.58	147.54	147.58
9	13	22	17	334	19	20	2048	2048	1024	124.64	124.57	124.64
9	14	15	30	301	21	8	2048	2048	1024	37.43	37.42	37.43
9	14	20	30	95	35	8	2048	2048	1024	33.60	33.59	33.60
9	14	24	36	247	19	24	2048	2048	1024	106.25	106.22	106.25
9	14	28	22	660	35	32	2048	2048	1024	426.59	426.53	426.59
9	14	34	10	266	15	12	2048	2048	1024	84.86	84.83	84.86
9	15	21	29	211	29	32	2048	2048	1024	107.32	107.32	107.29
9	15	22	33	162	23	24	2048	2048	1024	65.69	65.69	65.69
9	16	13	31	279	23	24	2048	2048	1024	178.70	178.70	178.70
9	16	20	16	169	9	12	2048	2048	1024	241.91	241.89	241.91
9	17	23	29	281	26	16	2048	2048	1024	58.48	58.48	58.48
9	17	24	13	92	20	16	2048	2048	1024	34.60	34.59	34.60
9	18	11	30	202	25	12	2048	2048	1024	28.91	28.90	28.91
9	18	13	22	35	34	24	2048	2048	1024	90.40	90.40	90.37
9	18	34	31	423	32	32	2048	2048	1024	243.70	243.66	243.70
9	19	19	30	385	28	24	2048	2048	1024	88.10	88.08	88.10
9	19	29	26	85	29	8	2048	2048	1024	26.60	26.58	26.60
9	19	33	34	102	17	8	2048	2048	1024	16.23	16.22	16.23
9	20	12	16	150	32	20	2048	2048	1024	inf		
9	20	26	38	319	20	28	2048	2048	1024	inf		
9	22	28	31	355	21	24	2048	2048	1024	190.44	190.42	190.44
9	22	33	20	66	23	20	2048	2048	1024	36.28	36.25	36.28
9	23	27	39	483	32	12	2048	2048	1024	54.34	54.30	54.34
9	24	19	21	127	9	12	2048	2048	1024	21.96	21.96	21.92
9	24	23	23	574	28	28	2048	2048	1024	122.92	122.80	122.92
9	24	35	32	434	30	16	2048	2048	1024	78.39	78.34	78.39
9	26	34	25	137	33	8	2048	2048	1024	22.14	22.12	22.14
9	28	24	12	100	11	28	2048	2048	1024	34.09	34.09	34.08
9	29	19	37	55	35	28	2048	2048	1024	83.84	83.81	83.84
9	29	32	39	42	32	28	2048	2048	1024	82.67	82.66	82.67
9	30	17	8	97	23	32	2048	2048	1024	75.40	75.34	75.40
9	30	33	7	666	30	24	2048	2048	1024	103.15	103.13	103.15
9	32	24	23	59	30	24	2048	2048	1024	61.76	61.73	61.76
9	32	30	21	175	28	12	2048	2048	1024	28.00	28.00	27.99
9	32	30	7	134	19	16	2048	2048	1024	32.59	32.59	32.58
9	32	34	14	417	34	24	2048	2048	1024	72.72	72.71	72.72
10	2	1	20	26	22	4	2048	2048	1024	55.00	54.96	55.00
10	2	10	19	865	35	24	2048	2048	1024	inf		
10	2	14	21	535	25	28	2048	2048	1024	inf		
10	3	11	32	462	25	16	2048	2048	1024	1153.11	1153.03	1153.11
10	3	26	26	438	17	28	2048	2048	1024	inf		
10	3	27	2	464	35	24	2048	2048	1024	inf		
10	4	18	4	416	29	12	2048	2048	1024	797.93	797.91	797.93
10	5	29	12	100	24	20	2048	2048	1024	289.44	289.41	289.44
10	6	9	4	255	28	32	2048	2048	1024	267.70	267.64	267.70
10	6	25	9	95	5	12	2048	2048	1024	104.17	104.17	104.17
10	6	28	23	124	18	20	2048	2048	1024	238.10	238.07	238.10
10	7	8	30	499	33	28	2048	2048	1024	300.87	300.86	300.87
10	7	20	34	304	16	8	2048	2048	1024	132.99	132.98	132.99
10	7	21	38	437	20	28	2048	2048	1024	716.44	716.41	716.44
10	7	23	26	118	20	32	2048	2048	1024	223.80	223.80	223.80
10	8	8	15	39	7	4	2048	2048	1024	10.15	10.11	10.15
10	8	27	20	281	20	8	2048	2048	1024	119.73	119.73	119.73
10	9	20	28	197	28	8	2048	2048	1024	51.69	51.66	51.69
10	9	27	14	259	33	32	2048	2048	1024	372.12	372.08	372.12
10	9	28	28	236	16	16	2048	2048	1024	175.16	175.08	175.16
10	10	34	7	317	28	32	2048	2048	1024	430.13	430.11	430.13
10	11	5	31	56	29	32	2048	2048	1024	117.76	117.72	117.76
10	11	18	5	547	30	20	2048	2048	1024	253.50	253.45	253.50
10	11	24	24	179	26	32	2048	2048	1024	162.81	162.81	162.81
10	12	14	39	82	9	12	2048	2048	1024	19.64	19.64	19.63
10	12	25	40	478	20	20	2048	2048	1024	218.93	218.90	218.93
10	13	16	33	72	12	24	2048	2048	1024	44.08	44.07	44.08
10	13	23	24	407	20	12	2048	2048	1024	90.35	90.31	90.35
10	14	22	33	75	20	16	2048	2048	1024	40.61	40.61	40.58
10	14	24	12	301	28	8	2048	2048	1024	45.39	45.36	45.39
10	14	26	36	497	23	8	2048	2048	1024	72.30	72.29	72.30
10	14	27	8	75	32	12	2048	2048	1024	44.75	44.75	44.72
10	14	29	31	413	20	12	2048	2048	1024	115.54	115.51	115.54
10	16	14	30	505	32	12	2048	2048	1024	57.36	57.26	57.36
10	16	20	38	438	32	20	2048	2048	1024	105.86	105.83	105.86
10	16	23	21	213	18	16	2048	2048	1024	46.74	46.73	46.74
10	16	31	4	78	7	24	2048	2048	1024	39.38	39.38	39.37
10	16	33	39	99	5	20	2048	2048	1024	41.43	41.43	41.41
10	17	15	30	201	31	4	2048	2048	1024	12.56	12.53	12.56
10	17	28	14	160	22	4	2048	2048	1024	18.86	18.86	18.42
10	18	14	11	55	35	20	2048	2048	1024	74.03	74.01	74.03
10	19	10	32	185	28	20	2048	2048	1024	73.14	73.14	73.13
10	19	31	15	587	31	4	2048	2048	1024	36.95	36.93	36.95
10	20	14	19	354	23	28	2048	2048	1024	75.41	75.38	75.41
10	20	22	29	40	9	20	2048	2048	1024	21.47	21.47	21.42
10	22	26	39	74	15	20	2048	2048	1024	34.84	34.83	34.84
10	22	30	20	51	6	20	2048	2048	1024	22.04	22.04	22.03
10	24	20	38	354	34	16	2048	2048	1024	34.46	34.46	34.46
10	24	24	34	20	15	20	2048	2048	1024	45.98	45.98	45.98
10	25	27	32	242	18	28	2048	2048	1024	55.27	55.23	55.27
10	25	30	17	235	28	24	2048	2048	1024	50.80	50.74	50.80
10	25	32	24	115	7	12	2048	2048	1024	19.52	19.52	19.48
10	26	33	25	315	20	28	2048	2048	1024	66.21	66.21	66.20
10	28	25	37	299	32	16	2048	2048	1024	35.29	35.25	35.29
10	28	29	20	89	22	12	2048	2048	1024	32.93	32.90	32.93
10	28	31	11	299	22	32	2048	2048	1024	67.87	67.86	67.87
10	28	32	37	61	16	4	2048	2048	1024	11.25	11.24	11.25
10	29	17	39	151	33	32	2048	2048	1024	95.63	95.62	95.63
10	31	33	20	120	23	32	2048	2048	1024	76.45	76.45	76.44
10	32	24	40	333	28	28	2048	2048	1024	59.49	59.47	59.49
10	32	26	4	102	21	20	2048	2048	1024	105.04	104.93	105.04
11	2	4	15	135	16	20	2048	2048	1024	367.96	367.96	367.96
11	2	12	38	139	20	12	2048	2048	1024	553.88	553.86	553.88
11	3	20	30	286	33	4	2048	2048	1024	272.86	272.80	272.86
11	3	26	24	310	27	32	2048	2048	1024	inf		
11	4	17	24	442	18	12	2048	2048	1024	687.56	687.54	687.56
11	5	27	27	258	15	16	2048	2048	1024	535.71	535.68	535.71
11	6	21	33	563	33	28	2048	2048	1024	1188.62	1186.57	1188.62
11	6	24	18	360	28	28	2048	2048	1024	811.45	811.43	811.45
11	6	25	33	174	16	16	2048	2048	1024	219.32	219.31	219.32
11	7	23	1	106	11	20	2048	2048	1024	122.20	122.20	122.20
11	8	7	38	182	15	4	2048	2048	1024	15.70	15.67	15.70
11	8	14	19	266	17	24	2048	2048	1024	178.23	178.17	178.23
11	8	34	19	322	31	8	2048	2048	1024	159.89	159.87	159.89
11	9	4	7	181	27	12	2048	2048	1024	51.95	51.94	51.95
11	9	14	4	526	34	8	2048	2048	1024	105.72	105.69	105.72
11	9	28	4	246	26	8	2048	2048	1024	80.44	80.41	80.44
11	11	6	18	45	10	4	2048	2048	1024	8.51	8.51	8.47
11	12	23	36	586	30	16	2048	2048	1024	203.24	203.19	203.24
11	13	26	16	248	31	4	2048	2048	1024	20.97	20.91	20.97
11	13	28	37	194	21	32	2048	2048	1024	128.36	128.36	128.32
11	13	34	12	54	27	16	2048	2048	1024	61.69	61.62	61.69
11	14	16	18	393	31	20	2048	2048	1024	91.52	91.46	91.52
11	15	11	2	20	14	28	2048	2048	1024	60.67	60.65	60.67
11	15	21	35	33	8	16	2048	2048	1024	26.20	26.20	26.18
11	15	30	16	521	34	12	2048	2048	1024	180.92	180.87	180.92
11	15	30	10	519	33	28	2048	2048	1024	283.41	283.36	283.41
11	15	34	12	219	17	4	2048	2048	1024	18.79	18.79	18.79
11	16	26	19	242	29	16	2048	2048	1024	63.27	63.25	63.27
11	17	14	11	90	21	32	2048	2048	1024	91.43	91.42	91.43
11	17	32	34	78	10	20	2048	2048	1024	29.21	29.21	29.20
11	18	25	28	164	15	12	2048	2048	1024	26.44	26.44	26.43
11	19	27	3	203	25	24	2048	2048	1024	63.91	63.91	63.90
11	19	33	35	479	25	28	2048	2048	1024	157.02	157.01	157.02
11	19	33	27	212	21	32	2048	2048	1024	87.78	87.77	87.78
11	20	12	33	12	4	12	2048	2048	1024	18.23	18.22	18.23
11	20	32	16	236	18	12	2048	2048	1024	36.52	36.52	36.51
11	21	13	32	36	13	16	2048	2048	1024	34.08	34.08	34.07
11	21	20	19	212	16	20	2048	2048	1024	40.20	40.17	40.20
11	21	21	16	382	28	8	2048	2048	1024	28.93	28.90	28.93
11	21	22	30	296	33	16	2048	2048	1024	54.11	54.11	53.16
11	22	20	28	162	16	24	2048	2048	1024	48.42	48.41	48.42
11	23	27	24	77	20	32	2048	2048	1024	86.51	86.51	86.51
11	23	31	37	178	19	12	2048	2048	1024	24.46	24.46	24.44
11	25	24	10	57	24	12	2048	2048	1024	39.43	39.26	39.43
11	26	13	31	84	19	12	2048	2048	1024	33.35	33.32	33.35
11	26	16	7	72	33	4	2048	2048	1024	21.70	21.67	21.70
11	26	17	2	28	2	32	2048	2048	1024	38.63	38.63	38.63
11	26	18	39	42	27	12	2048	2048	1024	100.03	99.81	100.03
11	27	33	19	201	29	20	2048	2048	1024	49.76	49.76	49.75
11	29	20	31	210	32	24	2048	2048	1024	73.49	73.48	73.49
11	29	33	19	500	29	20	2048	2048	1024	67.44	67.39	67.44
11	32	21	32	38	32	12	2048	2048	1024	48.75	48.71	48.75
12	2	2	18	302	26	28	2048	2048	1024	821.65	821.56	821.65
12	2	12	39	270	16	8	2048	2048	1024	673.35	673.34	673.35
12	2	12	30	562	34	24	2048	2048	1024	inf		
12	3	22	5	192	27	24	2048	2048	1024	1158.35	1158.32	1158.35
12	4	16	21	623	26	28	2048	2048	1024	1851.92	1851.88	1851.92
12	4	22	9	494	26	8	2048	2048	1024	543.04	543.00	543.04
12	4	27	19	201	27	24	2048	2048	1024	805.92	805.90	805.92
12	4	35	27	58	5	4	2048	2048	1024	54.24	54.24	54.22
12	5	11	28	208	19	16	2048	2048	1024	162.55	162.52	162.55
12	5	24	36	399	35	32	2048	2048	1024	1217.11	1217.10	1217.11
12	5	30	4	796	28	24	2048	2048	1024	inf		
12	5	30	10	464	32	24	2048	2048	1024	1415.70	1415.65	1415.70
12	5	35	24	126	13	12	2048	2048	1024	212.24	212.24	212.24
12	6	5	35	161	17	8	2048	2048	1024	40.77	40.74	40.77
12	6	9	29	126	6	24	2048	2048	1024	89.64	89.64	89.62
12	7	14	30	357	30	20	2048	2048	1024	235.34	235.32	235.34
12	7	27	22	369	29	24	2048	2048	1024	534.29	534.29	534.29
12	7	29	35	41	5	24	2048	2048	1024	72.49	72.49	72.48
12	8	21	24	111	35	24	2048	2048	1024	272.82	272.82	272.82
12	8	23	19	430	27	24	2048	2048	1024	434.74	434.71	434.74
12	9	8	4	151	32	8	2048	2048	1024	41.82	41.80	41.82
12	9	17	27	506	35	8	2048	2048	1024	204.35	204.32	204.35
12	9	34	30	539	33	8	2048	2048	1024	228.46	228.46	228.46
12	10	24	4	274	18	28	2048	2048	1024	199.53	199.51	199.53
12	11	13	34	143	10	16	2048	2048	1024	35.21	35.19	35.21
12	11	18	31	434	27	8	2048	2048	1024	68.93	68.93	68.93
12	11	24	23	71	23	12	2048	2048	1024	41.99	41.99	41.99
12	12	9	8	197	15	16	2048	2048	1024	34.98	34.98	34.98
12	12	15	24	155	23	4	2048	2048	1024	14.85	14.84	14.85
12	12	15	14	472	26	16	2048	2048	1024	102.05	102.05	101.88
12	12	27	28	484	25	8	2048	2048	1024	82.95	82.91	82.95
12	13	27	14	293	19	8	2048	2048	1024	47.89	47.87	47.89
12	14	25	20	52	13	4	2048	2048	1024	12.14	12.12	12.14
12	14	33	23	272	16	8	2048	2048	1024	45.54	45.52	45.54
12	15	26	13	367	24	28	2048	2048	1024	inf		
12	15	28	8	305	26	24	2048	2048	1024	108.96	108.79	108.96
12	15	30	21	54	29	8	2048	2048	1024	28.79	28.79	28.79
12	15	32	8	71	16	8	2048	2048	1024	20.90	20.87	20.90
12	17	35	15	253	27	24	2048	2048	1024	84.46	84.33	84.46
12	18	19	40	395	29	24	2048	2048	1024	79.71	79.67	79.71
12	18	35	13	151	16	20	2048	2048	1024	45.68	45.67	45.68
12	20	22	28	70	13	20	2048	2048	1024	38.58	38.56	38.58
12	20	24	5	478	35	8	2048	2048	1024	151.79	151.79	151.67
12	20	29	21	182	16	4	2048	2048	1024	10.09	10.09	9.91
12	20	32	24	24	13	20	2048	2048	1024	44.13	44.13	44.10
12	21	31	3	247	31	20	2048	2048	1024	51.79	51.75	51.79
12	22	23	34	211	21	28	2048	2048	1024	63.09	63.08	63.09
12	23	22	23	98	19	12	2048	2048	1024	37.48	37.48	37.48
12	23	35	27	467	30	24	2048	2048	1024	95.25	95.20	95.25
12	26	35	7	29	10	8	2048	2048	1024	19.39	19.39	19.39
12	27	22	15	91	30	28	2048	2048	1024	87.22	87.20	87.22
12	27	26	32	360	27	16	2048	2048	1024	37.52	37.48	37.52
12	27	27	13	67	31	8	2048	2048	1024	29.40	29.34	29.40
12	27	34	30	226	33	16	2048	2048	1024	51.81	51.77	51.81
12	29	30	7	415	29	8	2048	2048	1024	23.34	23.34	23.34
12	31	20	4	96	17	12	2048	2048	1024	41.66	41.65	41.66
12	32	31	15	130	19	28	2048	2048	1024	66.11	66.09	66.11
13	2	7	15	247	12	8	2048	2048	1024	389.47	389.44	389.47
13	2	8	18	9	3	20	2048	2048	1024	61.30	61.30	61.28
13	2	8	9	792	35	32	2048	2048	1024	inf		
13	2	18	20	126	35	4	2048	2048	1024	203.91	203.90	203.91
13	2	22	35	544	28	28	2048	2048	1024	inf		
13	3	3	40	291	30	16	2048	2048	1024	288.84	288.75	288.84
13	3	22	6	635	35	8	2048	2048	1024	1179.31	1179.25	1179.31
13	3	32	38	116	31	8	2048	2048	1024	302.95	302.95	302.95
13	4	5	37	241	28	24	2048	2048	1024	272.86	272.82	272.86
13	4	8	13	42	15	16	2048	2048	1024	80.23	80.23	80.23
13	5	8	20	66	34	24	2048	2048	1024	208.21	208.21	208.19
13	5	23	6	415	29	12	2048	2048	1024	510.22	510.17	510.22
13	5	31	3	180	11	32	2048	2048	1024	669.92	669.86	669.92
13	6	19	4	564	21	28	2048	2048	1024	925.50	925.50	925.50
13	7	7	17	26	2	20	2048	2048	1024	27.85	27.85	27.82
13	7	9	34	190	31	4	2048	2048	1024	25.41	25.40	25.41
13	7	34	9	175	15	24	2048	2048	1024	286.83	286.79	286.83
13	8	19	2	201	30	24	2048	2048	1024	149.26	149.24	149.26
13	8	20	17	329	20	16	2048	2048	1024	158.36	158.36	158.36
13	8	21	9	96	26	4	2048	2048	1024	20.94	20.94	20.94
13	9	14	14	317	18	28	2048	2048	1024	167.36	167.29	167.36
13	9	27	1	714	29	20	2048	2048	1024	620.81	620.78	620.81
13	9	30	25	245	21	12	2048	2048	1024	106.56	106.51	106.56
13	10	17	23	27	24	20	2048	2048	1024	85.22	85.21	85.22
13	10	21	18	513	32	4	2048	2048	1024	58.44	58.38	58.44
13	11	14	3	53	32	8	2048	2048	1024	44.07	44.05	44.07
13	12	28	16	101	8	20	2048	2048	1024	41.70	41.70	41.69
13	12	35	6	50	6	24	2048	2048	1024	56.44	56.44	56.35
13	13	10	32	45	24	12	2048	2048	1024	47.47	47.46	47.47
13	13	35	5	436	29	28	2048	2048	1024	279.99	279.98	279.99
13	15	8	3	74	35	8	2048	2048	1024	31.21	31.21	31.21
13	15	17	10	250	34	20	2048	2048	1024	148.35	148.32	148.35
13	15	18	30	560	31	16	2048	2048	1024	93.02	92.94	93.02
13	15	24	10	161	35	8	2048	2048	1024	35.38	35.35	35.38
13	15	24	2	294	27	24	2048	2048	1024	103.79	103.75	103.79
13	16	14	40	33	19	32	2048	2048	1024	83.01	82.98	83.01
13	16	19	35	563	33	28	2048	2048	1024	152.24	152.19	152.24
13	16	25	2	242	23	4	2048	2048	1024	14.52	14.45	14.52
13	17	14	29	19	3	4	2048	2048	1024	6.02	6.02	6.01
13	18	19	25	273	19	16	2048	2048	1024	40.45	40.45	40.25
13	19	33	25	48	30	24	2048	2048	1024	94.97	94.94	94.97
13	20	25	24	548	33	12	2048	2048	1024	60.06	60.06	60.05
13	20	29	24	103	9	4	2048	2048	1024	6.94	6.93	6.94
13	21	30	9	464	30	32	2048	2048	1024	125.88	125.85	125.88
13	21	31	19	15	11	28	2048	2048	1024	69.23	69.23	69.20
13	22	17	21	136	30	20	2048	2048	1024	70.37	70.35	70.37
13	24	21	20	315	25	32	2048	2048	1024	80.11	80.09	80.11
13	24	30	35	25	18	24	2048	2048	1024	77.32	77.31	77.32
13	25	22	10	172	27	12	2048	2048	1024	38.79	38.73	38.79
13	26	33	36	93	8	8	2048	2048	1024	10.25	10.25	10.23
13	27	30	11	36	14	20	2048	2048	1024	55.51	55.51	55.51
13	28	34	23	117	11	28	2048	2048	1024	42.00	41.97	42.00
13	29	28	12	94	19	28	2048	2048	1024	78.06	78.03	78.06
13	32	34	19	122	10	24	2048	2048	1024	32.50	32.50	32.50
14	2	19	37	282	18	12	2048	2048	1024	1341.76	1341.76	1341.76
14	2	28	37	191	31	32	2048	2048	1024	inf		
14	3	3	7	204	30	20	2048	2048	1024	310.43	310.41	310.43
14	3	17	5	34	5	16	2048	2048	1024	94.62	94.62	94.62
14	3	19	36	613	26	12	2048	2048	1024	1422.45	1422.38	1422.45
14	3	32	7	234	14	20	2048	2048	1024	1456.69	1456.66	1456.69
14	4	8	5	382	33	32	2048	2048	1024	602.27	602.23	602.27
14	4	33	34	122	25	32	2048	2048	1024	694.43	694.43	694.42
14	5	11	31	53	25	16	2048	2048	1024	106.97	106.97	106.97
14	5	21	40	751	32	4	2048	2048	1024	290.58	290.52	290.58
14	5	22	21	59	32	16	2048	2048	1024	136.83	136.77	136.83
14	5	32	31	120	18	16	2048	2048	1024	212.87	212.87	212.86
14	6	21	26	620	28	28	2048	2048	1024	934.47	930.00	934.47
14	6	22	11	738	35	28	2048	2048	1024	1457.11	1457.04	1457.11
14	6	33	23	16	11	28	2048	2048	1024	91.88	91.85	91.88
14	7	4	16	53	31	4	2048	2048	1024	24.70	24.63	24.70
14	7	15	33	162	14	16	2048	2048	1024	77.17	77.16	77.17
14	8	13	5	239	29	20	2048	2048	1024	112.10	112.06	112.10
14	8	16	22	433	34	4	2048	2048	1024	52.91	52.88	52.91
14	8	21	10	49	16	28	2048	2048	1024	90.56	90.51	90.56
14	9	8	33	48	16	12	2048	2048	1024	301.35	301.33	301.35
14	9	24	26	240	17	24	2048	2048	1024	162.22	162.19	162.22
14	9	30	27	372	21	8	2048	2048	1024	105.00	104.95	105.00
14	10	12	21	339	29	32	2048	2048	1024	146.05	146.04	146.05
14	10	16	27	214	30	8	2048	2048	1024	37.79	37.75	37.79
14	11	19	7	154	30	20	2048	2048	1024	86.82	86.78	86.82
14	11	33	20	331	25	12	2048	2048	1024	171.42	171.40	171.42
14	11	35	32	561	33	20	2048	2048	1024	340.18	340.12	340.18
14	12	31	5	566	33	28	2048	2048	1024	357.07	357.05	357.07
14	13	9	31	38	8	8	2048	2048	1024	19.05	19.05	19.05
14	13	28	16	198	19	20	2048	2048	1024	70.23	70.23	70.23
14	13	28	38	390	23	32	2048	2048	1024	200.37	200.34	200.37
14	14	21	28	23	10	8	2048	2048	1024	17.67	17.63	17.67
14	15	12	6	12	10	16	2048	2048	1024	39.24	39.24	39.24
14	15	20	36	116	20	12	2048	2048	1024	31.16	31.16	31.16
14	16	22	15	280	23	24	2048	2048	1024	74.93	74.92	74.93
14	17	12	19	75	34	20	2048	2048	1024	90.59	90.55	90.59
14	18	15	24	45	23	8	2048	2048	1024	26.55	26.55	26.55
14	18	22	4	241	33	28	2048	2048	1024	109.29	109.26	109.29
14	20	23	34	62	31	12	2048	2048	1024	44.15	44.15	44.15
14	20	26	24	182	25	28	2048	2048	1024	85.79	85.78	85.79
14	20	27	31	154	35	4	2048	2048	1024	22.03	22.03	21.98
14	21	24	37	224	22	20	2048	2048	1024	52.67	52.65	52.67
14	21	24	18	125	22	32	2048	2048	1024	95.08	95.08	95.08
14	24	20	18	39	17	32	2048	2048	1024	89.37	89.36	89.37
14	26	23	29	268	23	16	2048	2048	1024	73.61	73.57	73.61
14	27	29	24	193	27	20	2048	2048	1024	68.63	68.61	68.63
14	30	25	22	229	19	32	2048	2048	1024	73.01	73.01	73.01
14	31	29	23	194	24	32	2048	2048	1024	104.51	104.51	104.47
14	31	32	24	523	34	16	2048	2048	1024	163.60	162.60	163.60
15	2	16	35	278	18	4	2048	2048	1024	358.11	358.11	358.08
15	2	25	39	222	25	8	2048	2048	1024	854.10	854.10	854.10
15	2	26	24	105	26	8	2048	2048	1024	494.13	494.11	494.13
15	2	26	4	830	34	24	2048	2048	1024	inf		
15	2	29	40	387	19	16	2048	2048	1024	inf		
15	3	3	9	296	23	32	2048	2048	1024	482.73	482.69	482.73
15	3	9	27	289	26	16	2048	2048	1024	385.93	385.88	385.93
15	3	16	17	253	28	4	2048	2048	1024	142.33	142.31	142.33
15	3	32	25	244	34	16	2048	2048	1024	1107.54	1107.54	1107.53
15	4	19	16	40	9	20	2048	2048	1024	92.18	92.14	92.18
15	4	28	3	93	11	4	2048	2048	1024	58.96	58.92	58.96
15	4	30	14	415	25	12	2048	2048	1024	884.36	884.36	884.36
15	5	12	35	318	25	24	2048	2048	1024	407.60	407.57	407.60
15	5	20	12	278	22	20	2048	2048	1024	369.55	369.51	369.55
15	6	9	26	479	27	20	2048	2048	1024	225.85	225.82	225.85
15	6	10	11	206	21	28	2048	2048	1024	171.96	171.95	171.96
15	6	27	4	703	35	4	2048	2048	1024	245.14	245.09	245.14
15	7	11	40	168	15	12	2048	2048	1024	151.52	151.52	151.51
15	7	35	17	225	15	28	2048	2048	1024	inf		
15	8	24	13	150	35	24	2048	2048	1024	145.32	145.31	145.32
15	9	26	31	175	31	4	2048	2048	1024	24.11	24.11	24.06
15	10	9	14	66	33	20	2048	2048	1024	97.98	97.98	97.96
15	10	15	10	304	31	32	2048	2048	1024	145.91	145.89	145.91
15	10	28	15	293	31	8	2048	2048	1024	63.38	63.32	63.38
15	11	20	17	571	33	28	2048	2048	1024	331.22	331.17	331.22
15	11	33	1	138	9	12	2048	2048	1024	43.31	43.28	43.31
15	12	9	25	70	6	20	2048	2048	1024	36.91	36.91	36.91
15	13	15	20	408	30	28	2048	2048	1024	255.62	255.60	255.62
15	13	25	3	245	33	12	2048	2048	1024	49.97	49.85	49.97
15	13	30	32	333	29	12	2048	2048	1024	63.50	63.46	63.50
15	14	22	7	147	28	20	2048	2048	1024	79.16	79.15	79.16
15	14	23	35	35	7	20	2048	2048	1024	41.77	41.77	41.77
15	14	24	15	185	34	28	2048	2048	1024	120.13	120.12	120.13
15	14	34	17	684	33	28	2048	2048	1024	488.45	486.39	488.45
15	15	23	35	451	35	28	2048	2048	1024	142.66	142.62	142.66
15	16	23	20	513	27	8	2048	2048	1024	48.46	48.41	48.46
15	17	16	39	36	12	4	2048	2048	1024	17.01	16.99	17.01
15	17	32	7	707	34	20	2048	2048	1024	190.93	190.88	190.93
15	18	21	2	169	27	28	2048	2048	1024	209.17	209.17	209.15
15	19	35	40	235	29	28	2048	2048	1024	76.67	76.65	76.67
15	24	21	3	145	34	24	2048	2048	1024	98.00	97.98	98.00
15	24	33	36	26	19	12	2048	2048	1024	48.37	48.37	48.37
15	25	27	17	98	12	32	2048	2048	1024	281.35	281.33	281.35
15	25	28	22	236	34	24	2048	2048	1024	82.32	82.30	82.32
15	25	30	25	68	29	16	2048	2048	1024	59.82	59.82	59.82
15	26	18	7	192	33	16	2048	2048	1024	78.77	78.72	78.77
15	27	24	27	270	33	4	2048	2048	1024	20.84	20.81	20.84
15	32	29	22	216	27	20	2048	2048	1024	77.20	77.20	77.19
16	2	4	17	206	13	4	2048	2048	1024	87.03	87.02	87.03
16	2	15	2	466	33	4	2048	2048	1024	557.34	557.26	557.34
16	2	21	21	159	21	4	2048	2048	1024	251.05	250.98	251.05
16	2	21	9	641	32	8	2048	2048	1024	1999.00	1998.98	1999.00
16	2	21	21	261	13	12	2048	2048	1024	1260.51	1260.50	1260.51
16	2	23	29	87	31	24	2048	2048	1024	882.69	882.63	882.69
16	2	32	34	357	32	8	2048	2048	1024	1638.55	1638.55	1638.53
16	3	7	35	531	26	16	2048	2048	1024	647.19	647.16	647.19
16	3	8	8	226	25	12	2048	2048	1024	210.86	210.83	210.86
16	4	9	5	330	23	20	2048	2048	1024	313.13	313.10	313.13
16	4	15	2	33	32	4	2048	2048	1024	45.27	45.27	45.26
16	4	15	28	453	30	8	2048	2048	1024	287.05	286.99	287.05
16	4	21	20	84	12	12	2048	2048	1024	105.05	105.04	105.05
16	4	21	27	774	30	16	2048	2048	1024	1558.47	1558.43	1558.47
16	4	26	26	131	33	28	2048	2048	1024	462.17	462.17	462.17
16	6	9	39	244	30	24	2048	2048	1024	189.16	189.13	189.16
16	6	16	40	40	6	16	2048	2048	1024	32.04	32.04	31.97
16	7	11	34	380	26	32	2048	2048	1024	252.40	252.32	252.40
16	7	19	16	253	29	12	2048	2048	1024	95.68	95.64	95.68
16	7	21	7	526	24	20	2048	2048	1024	438.77	438.77	438.77
16	7	30	21	422	24	8	2048	2048	1024	187.39	187.35	187.39
16	7	30	13	506	30	32	2048	2048	1024	734.66	734.62	734.66
16	8	15	10	294	20	20	2048	2048	1024	129.04	129.01	129.04
16	8	34	37	285	27	16	2048	2048	1024	190.73	190.68	190.73
16	9	8	22	256	29	28	2048	2048	1024	146.79	146.78	146.79
16	10	19	32	386	29	12	2048	2048	1024	78.03	78.00	78.03
16	11	8	25	72	17	12	2048	2048	1024	37.42	37.40	37.42
16	11	22	12	165	15	8	2048	2048	1024	24.17	24.13	24.17
16	11	27	10	326	33	12	2048	2048	1024	79.29	79.26	79.29
16	11	30	1	77	11	16	2048	2048	1024	33.62	33.61	33.62
16	11	31	22	137	12	4	2048	2048	1024	15.72	15.72	15.72
16	12	19	14	474	34	24	2048	2048	1024	145.33	145.28	145.33
16	12	24	1	199	30	32	2048	2048	1024	133.15	133.15	132.93
16	12	33	32	106	11	8	2048	2048	1024	19.63	19.63	19.63
16	13	15	39	115	11	28	2048	2048	1024	53.65	53.62	53.65
16	13	27	4	41	12	16	2048	2048	1024	41.92	41.91	41.92
16	14	11	38	89	31	16	2048	2048	1024	75.97	75.92	75.97
16	15	29	34	363	28	4	2048	2048	1024	24.58	24.55	24.58
16	16	33	39	242	22	4	2048	2048	1024	13.34	13.31	13.34
16	17	18	6	266	30	20	2048	2048	1024	73.30	73.28	73.30
16	17	26	16	551	31	20	2048	2048	1024	113.61	113.61	113.10
16	18	18	5	109	18	16	2048	2048	1024	48.21	48.21	48.20
16	18	20	29	284	23	16	2048	2048	1024	49.87	49.85	49.87
16	20	25	9	57	15	16	2048	2048	1024	42.04	42.04	42.02
16	20	30	11	314	27	20	2048	2048	1024	54.48	54.48	54.45
16	20	31	9	58	5	20	2048	2048	1024	24.51	24.51	24.48
16	21	24	15	53	25	32	2048	2048	1024	115.29	115.29	115.27
16	22	31	30	9	8	24	2048	2048	1024	71.80	71.80	71.76
16	25	27	9	341	29	4	2048	2048	1024	25.58	25.54	25.58
16	25	32	15	82	28	12	2048	2048	1024	50.65	50.64	50.65
16	27	30	4	302	27	12	2048	2048	1024	39.36	39.33	39.36
16	27	32	7	84	23	12	2048	2048	1024	43.11	43.11	43.10
16	30	24	32	18	15	16	2048	2048	1024	61.59	61.59	61.57
16	31	23	13	71	31	28	2048	2048	1024	144.30	144.26	144.30
17	2	5	4	265	27	12	2048	2048	1024	391.41	391.36	391.41
17	2	18	37	149	17	8	2048	2048	1024	381.62	381.59	381.62
17	2	32	14	18	11	4	2048	2048	1024	46.87	46.87	46.83
17	3	22	25	192	20	8	2048	2048	1024	279.13	279.13	279.13
17	3	27	17	823	28	32	2048	2048	1024	inf		
17	4	21	6	381	23	28	2048	2048	1024	1033.97	1033.94	1033.97
17	4	24	28	643	29	20	2048	2048	1024	1401.08	1401.03	1401.08
17	4	31	9	290	14	28	2048	2048	1024	1093.22	1093.22	1093.22
17	5	11	17	38	30	12	2048	2048	1024	97.43	97.43	97.43
17	5	15	16	81	9	12	2048	2048	1024	50.29	50.27	50.29
17	5	27	19	450	23	24	2048	2048	1024	914.96	914.94	914.96
17	6	5	35	22	12	24	2048	2048	1024	73.30	73.30	73.29
17	6	30	8	334	22	4	2048	2048	1024	87.43	87.41	87.43
17	6	33	7	726	28	28	2048	2048	1024	1923.49	1790.20	1923.49
17	7	28	37	325	15	20	2048	2048	1024	279.40	277.81	279.40
17	7	29	26	94	33	20	2048	2048	1024	136.68	136.66	136.68
17	7	30	28	523	26	16	2048	2048	1024	473.05	473.02	473.05
17	7	33	26	749	33	24	2048	2048	1024	1127.36	1127.33	1127.36
17	8	18	35	219	21	16	2048	2048	1024	82.01	82.00	82.01
17	8	34	5	443	35	8	2048	2048	1024	156.90	156.87	156.90
17	10	34	29	699	35	8	2048	2048	1024	195.85	195.80	195.85
17	11	30	35	375	22	8	2048	2048	1024	64.59	64.50	64.59
17	12	28	35	351	19	16	2048	2048	1024	99.35	99.31	99.35
17	13	11	22	40	5	4	2048	2048	1024	107.89	107.89	107.35
17	14	24	34	67	16	16	2048	2048	1024	49.71	49.71	49.70
17	14	28	28	77	11	8	2048	2048	1024	16.15	16.13	16.15
17	14	34	4	229	27	20	2048	2048	1024	74.05	74.04	74.05
17	15	30	8	356	29	8	2048	2048	1024	40.39	40.33	40.39
17	15	35	40	40	12	16	2048	2048	1024	38.77	38.77	38.76
17	16	14	26	228	21	4	2048	2048	1024	12.67	12.64	12.67
17	16	23	39	345	25	32	2048	2048	1024	115.86	115.82	115.86
17	16	31	25	90	13	12	2048	2048	1024	29.01	29.01	29.00
17	17	31	1	333	29	24	2048	2048	1024	inf		
17	18	28	16	487	27	24	2048	2048	1024	102.29	102.23	102.29
17	19	26	17	311	33	24	2048	2048	1024	83.90	83.85	83.90
17	20	28	25	220	23	16	2048	2048	1024	54.77	54.74	54.77
17	21	32	24	291	33	32	2048	2048	1024	123.04	122.98	123.04
17	21	35	18	228	35	4	2048	2048	1024	18.45	18.45	18.45
17	22	24	15	235	24	16	2048	2048	1024	56.95	56.95	56.93
17	22	26	11	51	20	4	2048	2048	1024	22.28	22.28	22.27
17	22	32	17	212	27	8	2048	2048	1024	34.81	34.78	34.81
17	24	22	27	117	32	4	2048	2048	1024	18.75	18.64	18.75
17	25	28	34	78	34	12	2048	2048	1024	56.50	56.50	56.49
17	31	31	18	133	32	12	2048	2048	1024	53.21	53.19	53.21
17	32	30	30	99	22	24	2048	2048	1024	89.17	89.17	89.17
18	2	22	8	310	23	28	2048	2048	1024	inf		
18	2	34	22	74	16	8	2048	2048	1024	325.62	325.62	325.61
18	3	19	18	346	15	28	2048	2048	1024	1540.83	1540.82	1540.83
18	3	19	29	443	32	28	2048	2048	1024	1928.17	1928.11	1928.17
18	4	12	22	501	34	20	2048	2048	1024	524.00	523.94	524.00
18	4	19	9	171	20	12	2048	2048	1024	176.58	176.56	176.58
18	5	19	13	382	34	12	2048	2048	1024	251.06	251.01	251.06
18	5	26	7	694	31	12	2048	2048	1024	818.06	818.02	818.06
18	7	9	30	56	34	12	2048	2048	1024	82.39	82.38	82.39
18	7	27	18	309	31	8	2048	2048	1024	106.47	106.42	106.47
18	8	9	21	344	33	8	2048	2048	1024	59.59	59.54	59.59
18	8	9	29	28	21	16	2048	2048	1024	71.46	71.45	71.46
18	8	12	36	63	11	28	2048	2048	1024	72.83	72.83	70.84
18	8	14	11	221	20	32	2048	2048	1024	261.66	261.63	261.66
18	8	28	38	307	24	32	2048	2048	1024	329.85	329.82	329.85
18	9	14	30	202	13	12	2048	2048	1024	36.44	36.39	36.44
18	9	32	35	712	35	4	2048	2048	1024	113.32	113.26	113.32
18	10	24	6	122	27	16	2048	2048	1024	72.33	72.33	72.33
18	10	32	29	410	21	24	2048	2048	1024	inf		
18	11	30	5	100	19	28	2048	2048	1024	93.79	93.79	93.79
18	11	33	31	228	31	16	2048	2048	1024	90.04	89.98	90.04
18	16	25	19	86	34	12	2048	2048	1024	55.63	55.62	55.63
18	16	28	4	137	34	8	2048	2048	1024	37.44	37.42	37.44
18	18	31	20	60	12	24	2048	2048	1024	57.40	57.38	57.40
18	18	35	30	48	30	28	2048	2048	1024	137.58	137.56	137.58
18	19	15	40	125	26	28	2048	2048	1024	133.04	132.99	133.04
18	20	20	25	97	19	32	2048	2048	1024	106.54	106.41	106.54
18	20	25	23	41	31	32	2048	2048	1024	158.11	158.11	158.10
18	22	25	24	57	33	16	2048	2048	1024	86.60	86.57	86.60
18	23	23	21	109	29	12	2048	2048	1024	50.73	50.70	50.73
18	29	22	24	164	30	20	2048	2048	1024	130.90	130.90	130.89
19	2	6	2	526	26	16	2048	2048	1024	1063.18	1063.16	1063.18
19	2	16	36	234	20	4	2048	2048	1024	250.11	250.06	250.11
19	2	24	32	520	21	32	2048	2048	1024	inf		
19	2	26	38	375	13	28	2048	2048	1024	inf		
19	3	3	21	100	23	20	2048	2048	1024	290.36	290.36	290.05
19	3	18	9	348	21	8	2048	2048	1024	401.06	401.02	401.06
19	3	31	17	577	29	16	2048	2048	1024	2258.95	2258.92	2258.95
19	4	8	35	410	33	8	2048	2048	1024	161.71	161.68	161.71
19	4	15	10	431	31	24	2048	2048	1024	712.42	712.39	712.42
19	4	18	30	254	30	16	2048	2048	1024	286.27	286.25	286.27
19	4	23	36	78	24	4	2048	2048	1024	38.16	38.14	38.16
19	4	33	27	372	29	4	2048	2048	1024	212.33	212.29	212.33
19	5	23	32	156	34	12	2048	2048	1024	115.99	115.99	115.98
19	6	9	9	36	25	24	2048	2048	1024	155.34	155.34	155.34
19	6	9	40	83	19	28	2048	2048	1024	126.56	126.52	126.56
19	7	19	30	322	25	16	2048	2048	1024	141.41	141.40	141.41
19	8	30	11	36	10	16	2048	2048	1024	39.56	39.54	39.56
19	9	14	30	133	20	4	2048	2048	1024	18.12	18.11	18.12
19	10	11	9	71	18	4	2048	2048	1024	20.45	20.44	20.45
19	10	26	28	223	34	28	2048	2048	1024	135.89	135.87	135.89
19	13	13	1	56	34	32	2048	2048	1024	143.83	143.81	143.83
19	13	32	5	76	19	24	2048	2048	1024	88.66	88.66	88.65
19	14	23	3	160	25	32	2048	2048	1024	118.79	118.75	118.79
19	14	35	37	527	34	16	2048	2048	1024	139.94	139.90	139.94
19	15	25	35	132	35	8	2048	2048	1024	41.14	41.13	41.14
19	15	34	37	217	34	28	2048	2048	1024	119.46	119.44	119.46
19	16	23	1	86	30	16	2048	2048	1024	72.67	72.67	72.65
19	16	32	18	414	23	16	2048	2048	1024	174.49	174.45	174.49
19	17	21	23	189	34	28	2048	2048	1024	135.91	135.89	135.91
19	17	34	13	123	11	8	2048	2048	1024	19.85	19.85	19.84
19	18	28	39	65	28	24	2048	2048	1024	125.88	125.88	125.88
19	18	34	40	34	7	32	2048	2048	1024	67.10	67.10	67.09
19	19	25	38	67	24	8	2048	2048	1024	34.44	34.36	34.44
19	19	31	2	90	29	20	2048	2048	1024	inf		
19	21	29	25	221	13	12	2048	2048	1024	32.90	32.90	32.89
19	23	21	40	152	34	4	2048	2048	1024	24.80	24.80	24.79
19	23	33	4	278	32	12	2048	2048	1024	51.40	51.38	51.40
19	30	29	2	208	32	20	2048	2048	1024	98.30	97.74	98.30
19	32	28	3	160	27	28	2048	2048	1024	252.19	252.16	252.19
20	2	7	25	553	27	24	2048	2048	1024	1715.77	1715.74	1715.77
20	2	32	17	479	19	32	2048	2048	1024	inf		
20	2	34	32	407	31	20	2048	2048	1024	inf		
20	3	11	9	264	30	8	2048	2048	1024	185.23	185.19	185.23
20	3	26	14	487	32	4	2048	2048	1024	378.43	378.38	378.43
20	3	32	26	153	21	12	2048	2048	1024	387.81	387.80	387.81
20	4	7	15	292	35	4	2048	2048	1024	62.32	62.28	62.32
20	4	23	40	472	33	20	2048	2048	1024	851.30	851.24	851.30
20	6	12	28	405	25	8	2048	2048	1024	82.47	82.41	82.47
20	6	19	30	564	29	28	2048	2048	1024	607.01	606.96	607.01
20	6	34	24	280	10	4	2048	2048	1024	215.72	215.68	215.72
20	7	21	28	47	33	4	2048	2048	1024	31.42	31.39	31.42
20	7	32	36	642	26	4	2048	2048	1024	112.40	112.36	112.40
20	7	33	21	56	27	24	2048	2048	1024	302.39	302.32	302.39
20	8	14	2	334	19	28	2048	2048	1024	143.22	143.20	143.22
20	8	16	30	278	30	24	2048	2048	1024	139.58	139.55	139.58
20	8	21	3	136	25	12	2048	2048	1024	58.57	58.54	58.57
20	8	28	9	34	19	12	2048	2048	1024	64.44	64.44	64.39
20	8	32	38	116	7	16	2048	2048	1024	64.33	64.31	64.33
20	9	32	7	373	31	24	2048	2048	1024	inf		
20	9	33	10	144	12	24	2048	2048	1024	96.76	96.76	96.72
20	12	22	21	152	33	24	2048	2048	1024	123.15	123.13	123.15
20	12	29	40	61	18	20	2048	2048	1024	61.90	61.88	61.90
20	15	20	35	194	28	32	2048	2048	1024	132.30	132.28	132.30
20	16	29	12	563	29	4	2048	2048	1024	33.45	28.02	33.45
20	16	29	13	120	13	16	2048	2048	1024	40.67	40.67	40.67
20	18	27	27	431	33	12	2048	2048	1024	48.65	48.60	48.65
20	18	33	25	219	33	4	2048	2048	1024	19.69	19.69	19.65
20	19	32	25	373	19	4	2048	2048	1024	20.09	20.09	20.09
20	30	35	39	138	33	4	2048	2048	1024	25.93	25.93	25.89
21	2	5	3	629	34	24	2048	2048	1024	1358.08	1358.07	1358.08
21	2	14	22	91	17	32	2048	2048	1024	603.53	603.52	603.53
21	2	16	6	97	19	28	2048	2048	1024	633.22	633.22	633.22
21	2	17	30	425	28	8	2048	2048	1024	951.67	951.61	951.67
21	2	31	31	152	31	12	2048	2048	1024	826.62	826.52	826.62
21	2	33	14	165	12	24	2048	2048	1024	1808.77	1808.77	1808.76
21	3	5	3	488	32	4	2048	2048	1024	102.17	102.09	102.17
21	3	12	11	185	15	24	2048	2048	1024	421.76	421.76	348.13
21	3	21	11	93	24	4	2048	2048	1024	55.16	55.16	55.16
21	3	29	23	223	14	4	2048	2048	1024	166.84	166.80	166.84
21	3	31	37	215	23	4	2048	2048	1024	173.71	173.71	173.70
21	4	9	36	272	29	12	2048	2048	1024	158.03	158.01	158.03
21	4	13	33	66	32	12	2048	2048	1024	122.67	122.66	122.67
21	4	16	28	171	33	12	2048	2048	1024	141.08	141.03	141.08
21	5	12	5	596	33	12	2048	2048	1024	inf		
21	6	22	2	94	8	32	2048	2048	1024	122.53	122.52	122.53
21	6	23	12	82	9	24	2048	2048	1024	92.65	92.64	92.65
21	6	29	5	250	35	24	2048	2048	1024	287.14	287.10	287.14
21	7	13	34	406	30	32	2048	2048	1024	246.08	246.05	246.08
21	7	25	8	136	20	32	2048	2048	1024	147.61	147.61	147.59
21	7	31	23	520	32	28	2048	2048	1024	680.45	680.41	680.45
21	8	10	3	142	24	16	2048	2048	1024	94.17	94.17	94.09
21	8	17	30	163	27	20	2048	2048	1024	108.90	108.87	108.90
21	8	18	37	404	33	12	2048	2048	1024	94.13	94.09	94.13
21	8	32	27	468	32	16	2048	2048	1024	234.51	234.47	234.51
21	9	12	15	113	24	20	2048	2048	1024	95.53	95.52	95.53
21	9	33	27	81	9	8	2048	2048	1024	22.94	22.94	22.91
21	10	12	36	140	19	12	2048	2048	1024	46.13	46.10	46.13
21	10	35	21	147	32	24	2048	2048	1024	116.80	116.74	116.80
21	11	30	40	88	33	24	2048	2048	1024	149.42	149.40	149.42
21	12	18	14	33	3	4	2048	2048	1024	7.27	7.25	7.27
21	12	29	39	317	21	4	2048	2048	1024	19.32	19.30	19.32
21	13	23	28	408	28	32	2048	2048	1024	283.28	283.28	283.28
21	13	32	20	124	32	4	2048	2048	1024	23.17	23.17	23.17
21	14	21	36	390	33	16	2048	2048	1024	68.88	68.85	68.88
21	15	16	40	295	31	24	2048	2048	1024	102.75	102.72	102.75
21	15	26	26	262	33	28	2048	2048	1024	133.66	133.62	133.66
21	17	19	28	213	18	20	2048	2048	1024	73.33	72.90	73.33
21	18	28	22	164	33	28	2048	2048	1024	160.07	160.05	160.07
21	18	34	28	356	33	20	2048	2048	1024	inf		
21	19	20	10	152	23	12	2048	2048	1024	54.80	54.75	54.80
21	21	30	39	183	17	24	2048	2048	1024	68.75	68.73	68.75
21	22	25	7	87	17	8	2048	2048	1024	34.90	34.86	34.90
21	22	25	31	173	23	20	2048	2048	1024	79.84	79.78	79.84
21	23	35	2	219	34	4	2048	2048	1024	28.39	28.39	28.38
21	25	32	4	35	32	12	2048	2048	1024	61.49	61.46	61.49
21	27	30	16	329	27	20	2048	2048	1024	89.43	89.23	89.43
22	2	3	19	124	32	16	2048	2048	1024	372.53	372.50	372.53
22	2	7	21	311	27	20	2048	2048	1024	783.09	783.09	783.06
22	2	16	30	43	21	12	2048	2048	1024	159.01	159.01	159.00
22	2	17	29	91	13	4	2048	2048	1024	89.93	89.93	89.92
22	2	33	28	2	1	32	2048	2048	1024	40.94	40.94	40.91
22	3	13	35	461	24	12	2048	2048	1024	481.84	481.83	481.84
22	3	27	15	598	21	4	2048	2048	1024	440.66	440.63	440.66
22	4	9	11	623	29	20	2048	2048	1024	457.83	457.78	457.83
22	4	18	26	603	35	24	2048	2048	1024	1058.58	1057.63	1058.58
22	4	20	29	99	14	28	2048	2048	1024	208.40	208.39	208.40
22	5	8	16	82	32	4	2048	2048	1024	35.46	35.46	35.46
22	5	26	35	38	3	4	2048	2048	1024	15.28	15.28	15.28
22	5	28	3	13	12	8	2048	2048	1024	36.69	36.65	36.69
22	5	32	2	653	28	16	2048	2048	1024	745.43	745.36	745.43
22	6	24	14	47	7	28	2048	2048	1024	68.44	68.44	68.43
22	6	30	25	113	14	8	2048	2048	1024	46.24	46.24	46.21
22	6	35	25	220	26	8	2048	2048	1024	99.12	99.12	99.07
22	7	8	31	186	34	8	2048	2048	1024	66.32	66.30	66.32
22	8	24	12	282	16	12	2048	2048	1024	77.81	77.78	77.81
22	10	13	11	77	18	12	2048	2048	1024	47.26	47.23	47.26
22	10	21	17	430	32	8	2048	2048	1024	56.70	56.65	56.70
22	10	24	5	236	18	12	2048	2048	1024	47.92	47.92	47.89
22	11	22	17	43	23	24	2048	2048	1024	96.84	96.77	96.84
22	12	24	31	171	24	4	2048	2048	1024	28.32	28.30	28.32
22	12	30	17	107	10	32	2048	2048	1024	62.84	62.83	62.84
22	13	26	36	371	29	20	2048	2048	1024	82.17	82.15	82.17
22	14	29	29	432	31	32	2048	2048	1024	167.87	167.84	167.87
22	14	31	37	390	33	24	2048	2048	1024	117.12	117.12	117.10
22	15	20	10	156	34	8	2048	2048	1024	50.83	50.78	50.83
22	15	25	12	356	30	28	2048	2048	1024	110.98	110.95	110.98
22	20	20	3	43	35	32	2048	2048	1024	164.76	164.70	164.76
22	20	34	24	149	13	16	2048	2048	1024	38.54	38.52	38.54
22	21	32	18	45	23	4	2048	2048	1024	23.81	23.79	23.81
22	22	30	2	357	32	24	2048	2048	1024	101.83	101.79	101.83
22	24	26	2	170	26	32	2048	2048	1024	inf		
23	2	10	31	464	30	8	2048	2048	1024	553.65	553.60	553.65
23	2	16	12	432	23	24	2048	2048	1024	inf		
23	2	22	2	598	23	12	2048	2048	1024	2259.80	2259.73	2259.80
23	2	25	37	30	17	24	2048	2048	1024	255.81	255.79	255.81
23	3	15	14	661	30	8	2048	2048	1024	469.60	469.54	469.60
23	3	19	9	180	26	32	2048	2048	1024	649.82	649.82	649.81
23	3	27	25	378	16	12	2048	2048	1024	867.59	867.58	867.59
23	3	29	16	472	32	12	2048	2048	1024	999.83	999.81	999.83
23	4	27	31	113	24	12	2048	2048	1024	127.33	127.32	127.33
23	6	11	28	264	21	28	2048	2048	1024	172.96	172.91	172.96
23	6	18	27	539	24	24	2048	2048	1024	605.66	605.63	605.66
23	6	28	19	122	14	12	2048	2048	1024	67.30	67.30	67.30
23	6	33	17	456	26	20	2048	2048	1024	631.02	630.99	631.02
23	7	32	39	84	35	12	2048	2048	1024	88.86	88.84	88.86
23	8	21	17	38	5	12	2048	2048	1024	21.92	21.91	21.92
23	9	14	14	33	23	32	2048	2048	1024	154.86	154.79	154.86
23	9	31	20	504	31	16	2048	2048	1024	179.48	179.43	179.48
23	10	21	38	635	33	8	2048	2048	1024	70.02	70.01	70.02
23	10	31	19	359	23	20	2048	2048	1024	147.06	147.02	147.06
23	10	33	15	280	18	8	2048	2048	1024	48.23	48.21	48.23
23	11	16	14	41	13	16	2048	2048	1024	54.62	54.62	54.61
23	11	28	37	150	13	24	2048	2048	1024	63.71	63.69	63.71
23	11	34	34	289	28	4	2048	2048	1024	23.72	23.67	23.72
23	12	32	37	151	13	32	2048	2048	1024	91.66	91.66	91.65
23	13	26	27	155	34	32	2048	2048	1024	163.86	163.86	163.85
23	14	21	17	31	7	8	2048	2048	1024	25.95	25.95	25.95
23	14	26	16	182	24	16	2048	2048	1024	69.99	69.93	69.99
23	15	24	26	362	24	32	2048	2048	1024	107.99	107.97	107.99
23	16	30	36	215	31	32	2048	2048	1024	179.89	179.87	179.89
23	16	32	20	300	35	20	2048	2048	1024	97.34	97.31	97.34
23	17	29	39	141	19	32	2048	2048	1024	119.25	119.24	119.25
23	18	21	2	184	19	16	2048	2048	1024	144.24	144.22	144.24
23	18	23	34	357	32	20	2048	2048	1024	346.98	346.93	346.98
23	18	26	1	42	29	16	2048	2048	1024	84.82	84.80	84.82
23	21	34	6	160	27	32	2048	2048	1024	137.85	137.85	137.83
23	23	29	40	35	14	4	2048	2048	1024	25.91	25.91	25.89
24	2	22	21	126	23	20	2048	2048	1024	674.91	674.88	674.91
24	2	30	16	291	26	8	2048	2048	1024	842.53	842.48	842.53
24	2	32	30	66	9	16	2048	2048	1024	414.35	414.27	414.35
24	3	11	35	74	13	4	2048	2048	1024	30.76	30.74	30.76
24	3	18	13	366	35	24	2048	2048	1024	953.29	953.24	953.29
24	4	24	29	229	32	20	2048	2048	1024	369.49	369.47	369.49
24	4	26	20	337	20	20	2048	2048	1024	541.73	541.71	541.73
24	4	30	9	25	19	12	2048	2048	1024	90.74	90.72	90.74
24	4	31	8	706	26	16	2048	2048	1024	1524.05	1524.05	1524.04
24	6	22	1	14	9	12	2048	2048	1024	182.43	182.43	182.42
24	7	14	5	151	28	24	2048	2048	1024	164.37	164.29	164.37
24	7	32	10	800	32	4	2048	2048	1024	136.32	136.32	136.29
24	8	16	31	125	24	24	2048	2048	1024	128.50	128.49	128.50
24	9	20	19	153	31	12	2048	2048	1024	68.22	68.18	68.22
24	9	28	2	110	29	4	2048	2048	1024	20.92	20.90	20.92
24	9	32	23	58	34	24	2048	2048	1024	155.98	155.95	155.98
24	10	17	40	118	33	28	2048	2048	1024	132.10	132.08	132.10
24	10	22	36	255	29	12	2048	2048	1024	63.03	62.94	63.03
24	10	30	8	117	31	24	2048	2048	1024	129.50	129.49	129.50
24	10	33	4	378	30	28	2048	2048	1024	205.02	204.98	205.02
24	11	31	26	150	32	20	2048	2048	1024	126.28	126.21	126.28
24	12	35	9	262	28	8	2048	2048	1024	41.84	41.79	41.84
24	14	23	36	82	14	16	2048	2048	1024	63.86	63.83	63.86
24	15	25	5	105	13	12	2048	2048	1024	42.88	42.86	42.88
24	15	33	15	161	17	8	2048	2048	1024	22.46	22.44	22.46
24	18	22	32	144	29	4	2048	2048	1024	28.19	28.17	28.19
24	19	26	35	13	10	16	2048	2048	1024	53.91	53.91	53.87
24	21	31	37	66	20	8	2048	2048	1024	36.65	36.55	36.65
24	22	33	18	112	16	28	2048	2048	1024	inf		
24	24	27	15	32	26	12	2048	2048	1024	60.85	60.85	60.82
24	25	32	24	103	26	24	2048	2048	1024	113.80	113.77	113.80
25	2	24	3	187	11	4	2048	2048	1024	290.34	290.33	290.34
25	2	34	1	88	19	24	2048	2048	1024	829.87	829.79	829.87
25	3	6	10	218	16	4	2048	2048	1024	55.17	54.53	55.17
25	3	12	13	54	18	24	2048	2048	1024	182.43	182.36	182.43
25	3	13	18	27	13	4	2048	2048	1024	24.37	24.37	24.36
25	4	16	19	305	18	8	2048	2048	1024	138.35	138.33	138.35
25	5	10	33	108	22	8	2048	2048	1024	58.66	58.64	58.66
25	5	25	12	190	15	16	2048	2048	1024	158.20	158.20	158.19
25	5	26	1	25	6	8	2048	2048	1024	23.00	23.00	22.98
25	7	14	35	255	22	32	2048	2048	1024	178.74	178.73	178.74
25	7	16	19	201	17	32	2048	2048	1024	142.69	142.54	142.69
25	7	26	28	41	6	20	2048	2048	1024	39.32	38.57	39.32
25	7	31	29	570	29	4	2048	2048	1024	87.46	87.41	87.46
25	7	32	3	134	19	16	2048	2048	1024	83.18	83.16	83.18
25	8	19	9	298	26	24	2048	2048	1024	135.44	135.39	135.44
25	9	13	10	51	18	8	2048	2048	1024	100.02	99.98	100.02
25	10	23	28	28	19	28	2048	2048	1024	117.98	117.98	117.98
25	11	15	7	109	15	8	2048	2048	1024	31.11	31.10	31.11
25	11	24	34	77	7	12	2048	2048	1024	21.17	21.17	21.15
25	11	29	7	418	32	16	2048	2048	1024	106.83	106.78	106.83
25	11	29	33	410	34	20	2048	2048	1024	235.71	235.67	235.71
25	14	34	29	281	31	28	2048	2048	1024	132.93	132.88	132.93
25	15	21	30	38	7	20	2048	2048	1024	52.28	52.28	52.27
25	15	34	13	126	23	32	2048	2048	1024	138.13	138.13	138.10
25	18	33	31	319	28	16	2048	2048	1024	64.75	64.73	64.75
25	22	28	34	19	12	20	2048	2048	1024	76.89	76.88	76.89
25	25	33	31	45	8	28	2048	2048	1024	70.63	70.63	70.62
26	2	10	2	209	21	4	2048	2048	1024	126.38	126.35	126.38
26	2	11	19	411	27	20	2048	2048	1024	1301.51	1301.51	1301.48
26	2	17	5	453	31	20	2048	2048	1024	1948.02	1948.00	1948.02
26	2	18	29	399	27	24	2048	2048	1024	1948.57	1948.48	1948.57
26	2	24	25	728	31	20	2048	2048	1024	inf		
26	2	31	40	263	26	32	2048	2048	1024	inf		
26	3	14	24	95	16	24	2048	2048	1024	207.79	207.79	207.13
26	3	32	22	89	17	28	2048	2048	1024	408.17	408.17	408.17
26	4	7	17	57	24	32	2048	2048	1024	249.07	249.05	249.07
26	4	16	12	223	24	4	2048	2048	1024	51.83	51.81	51.83
26	4	20	29	72	6	28	2048	2048	1024	127.45	127.44	127.45
26	4	33	31	277	29	28	2048	2048	1024	754.62	754.60	754.62
26	4	35	16	398	35	24	2048	2048	1024	962.43	962.39	962.43
26	5	14	29	200	20	28	2048	2048	1024	190.65	190.63	190.65
26	7	28	29	148	32	20	2048	2048	1024	159.94	159.93	159.94
26	10	18	35	165	12	8	2048	2048	1024	22.43	22.37	22.43
26	10	22	16	169	33	20	2048	2048	1024	121.07	120.99	121.07
26	12	25	12	224	32	8	2048	2048	1024	46.42	46.36	46.42
26	13	34	7	194	17	20	2048	2048	1024	56.49	56.48	56.49
26	15	35	21	258	33	4	2048	2048	1024	21.00	21.00	21.00
26	15	35	21	148	17	24	2048	2048	1024	76.17	76.15	76.17
26	17	26	12	108	34	32	2048	2048	1024	198.89	198.88	198.89
26	18	22	38	123	18	4	2048	2048	1024	24.31	24.31	24.29
26	18	32	16	71	32	12	2048	2048	1024	63.93	63.90	63.93
26	21	30	4	148	35	16	2048	2048	1024	108.34	108.29	108.34
27	2	35	26	80	10	32	2048	2048	1024	960.34	960.33	960.34
27	3	17	34	310	28	16	2048	2048	1024	449.51	449.51	449.35
27	4	7	14	62	31	16	2048	2048	1024	233.88	233.82	233.88
27	5	21	1	65	3	12	2048	2048	1024	113.70	113.70	113.68
27	5	29	11	121	27	32	2048	2048	1024	229.89	229.88	229.89
27	6	26	31	97	26	24	2048	2048	1024	170.46	170.44	170.46
27	6	29	33	182	25	28	2048	2048	1024	196.07	196.04	196.07
27	7	27	27	151	14	12	2048	2048	1024	55.05	54.99	55.05
27	9	15	30	74	11	20	2048	2048	1024	56.18	56.18	56.18
27	9	23	16	265	33	8	2048	2048	1024	53.17	53.12	53.17
27	10	31	7	160	7	4	2048	2048	1024	12.32	12.32	12.32
27	10	32	30	28	4	12	2048	2048	1024	20.50	20.46	20.50
27	10	34	15	206	23	28	2048	2048	1024	110.96	110.96	110.95
27	11	19	24	142	29	12	2048	2048	1024	77.61	77.58	77.61
27	11	20	15	244	23	32	2048	2048	1024	135.51	135.48	135.51
27	11	30	2	344	18	16	2048	2048	1024	83.36	83.33	83.36
27	11	35	3	304	17	16	2048	2048	1024	80.17	80.14	80.17
27	12	35	4	44	9	24	2048	2048	1024	60.74	60.74	60.73
27	12	35	26	307	32	24	2048	2048	1024	130.67	130.64	130.67
27	13	24	3	158	31	28	2048	2048	1024	183.49	183.49	183.49
27	14	28	8	291	33	28	2048	2048	1024	inf		
27	15	32	25	23	15	28	2048	2048	1024	113.79	113.79	113.79
27	18	27	25	67	35	16	2048	2048	1024	94.33	94.33	93.20
28	2	6	21	119	17	4	2048	2048	1024	71.43	71.41	71.43
28	2	10	3	222	11	12	2048	2048	1024	450.15	450.10	450.15
28	3	17	1	94	25	24	2048	2048	1024	268.76	268.74	268.76
28	4	32	7	638	23	24	2048	2048	1024	1428.80	1428.77	1428.80
28	6	32	34	338	24	4	2048	2048	1024	60.05	60.00	60.05
28	7	22	25	290	18	16	2048	2048	1024	105.67	105.62	105.67
28	8	15	10	240	23	28	2048	2048	1024	243.44	243.43	243.44
28	8	22	34	215	31	8	2048	2048	1024	60.06	60.01	60.06
28	11	25	8	321	30	16	2048	2048	1024	75.98	75.94	75.98
28	12	21	8	434	31	20	2048	2048	1024	114.40	114.35	114.40
28	14	21	9	75	18	28	2048	2048	1024	118.86	118.82	118.86
28	15	29	31	165	26	28	2048	2048	1024	163.28	163.23	163.28
28	16	33	24	59	11	8	2048	2048	1024	36.21	36.21	36.21
28	16	35	21	125	30	20	2048	2048	1024	127.38	127.38	127.37
28	17	30	24	54	32	4	2048	2048	1024	28.31	28.26	28.31
28	17	34	24	212	30	24	2048	2048	1024	122.54	122.54	122.52
29	2	12	17	26	17	32	2048	2048	1024	348.59	348.57	348.59
29	2	17	9	657	29	20	2048	2048	1024	2310.20	2310.15	2310.20
29	2	29	28	28	11	24	2048	2048	1024	226.54	226.54	226.54
29	3	11	1	590	35	24	2048	2048	1024	875.61	875.59	875.61
29	3	30	5	352	15	4	2048	2048	1024	223.01	223.01	222.99
29	3	30	1	635	33	8	2048	2048	1024	722.90	722.89	722.90
29	4	8	14	319	25	16	2048	2048	1024	181.06	181.04	181.06
29	4	9	40	300	30	32	2048	2048	1024	408.57	408.53	408.57
29	4	16	18	57	24	28	2048	2048	1024	249.48	249.46	249.48
29	4	19	37	55	29	8	2048	2048	1024	92.08	92.04	92.08
29	4	23	40	231	26	32	2048	2048	1024	488.53	488.53	488.53
29	4	35	12	66	3	32	2048	2048	1024	208.88	208.86	208.88
29	5	23	29	259	22	8	2048	2048	1024	96.81	96.80	96.81
29	5	33	33	261	30	28	2048	2048	1024	444.27	443.92	444.27
29	6	18	13	280	25	12	2048	2048	1024	91.76	91.74	91.76
29	6	29	2	107	7	8	2048	2048	1024	32.55	32.52	32.55
29	7	18	40	41	21	32	2048	2048	1024	169.34	169.34	169.34
29	7	23	4	143	11	8	2048	2048	1024	33.37	33.34	33.37
29	7	33	19	297	35	28	2048	2048	1024	279.84	279.83	279.84
29	9	33	8	256	18	16	2048	2048	1024	87.05	87.02	87.05
29	9	33	9	291	22	16	2048	2048	1024	91.30	91.26	91.30
29	14	21	11	91	21	24	2048	2048	1024	112.86	112.84	112.86
29	16	25	15	267	28	28	2048	2048	1024	151.75	151.75	151.75
29	17	24	16	80	20	4	2048	2048	1024	31.43	31.39	31.43
29	18	27	19	308	31	28	2048	2048	1024	161.67	161.62	161.67
29	24	33	11	157	32	20	2048	2048	1024	135.24	135.21	135.24
29	28	30	32	48	31	28	2048	2048	1024	163.93	163.93	163.92
30	2	24	3	701	32	4	2048	2048	1024	943.55	943.55	943.55
30	2	26	24	295	16	16	2048	2048	1024	1497.89	1497.86	1497.89
30	2	28	30	805	33	4	2048	2048	1024	1097.41	1097.39	1097.41
30	3	13	18	5	1	24	2048	2048	1024	36.96	36.96	36.95
30	3	20	12	262	33	12	2048	2048	1024	316.02	315.99	316.02
30	4	14	40	28	13	28	2048	2048	1024	143.11	143.11	143.11
30	4	16	20	90	14	32	2048	2048	1024	179.32	179.32	179.30
30	4	17	28	84	34	20	2048	2048	1024	218.37	218.37	218.35
30	4	23	20	302	18	12	2048	2048	1024	232.92	232.92	232.86
30	4	23	28	30	28	28	2048	2048	1024	286.63	286.62	286.63
30	4	32	15	849	32	12	2048	2048	1024	949.37	949.32	949.37
30	6	12	33	68	18	28	2048	2048	1024	155.91	155.83	155.91
30	7	18	32	177	33	4	2048	2048	1024	35.36	35.32	35.36
30	7	24	32	123	29	16	2048	2048	1024	127.07	127.02	127.07
30	7	33	35	94	26	32	2048	2048	1024	185.78	185.74	185.78
30	9	30	8	299	24	28	2048	2048	1024	152.49	152.47	152.49
30	11	32	32	46	29	4	2048	2048	1024	30.26	30.26	30.26
30	12	30	27	113	15	8	2048	2048	1024	33.97	33.95	33.97
30	14	29	26	338	26	12	2048	2048	1024	58.38	58.32	58.38
30	14	32	8	175	30	4	2048	2048	1024	32.12	32.11	32.12
30	16	29	17	177	24	20	2048	2048	1024	100.30	100.26	100.30
30	16	32	34	123	12	8	2048	2048	1024	89.02	89.02	89.01
30	19	34	11	106	20	4	2048	2048	1024	22.40	22.40	22.36
30	25	31	35	87	30	28	2048	2048	1024	128.81	128.78	128.81
31	2	12	2	367	19	12	2048	2048	1024	586.62	586.60	586.62
31	2	29	33	317	33	32	2048	2048	1024	inf		
31	3	13	29	449	33	4	2048	2048	1024	136.08	136.05	136.08
31	3	16	23	102	7	20	2048	2048	1024	156.78	156.78	156.78
31	3	34	24	548	35	12	2048	2048	1024	1153.74	1153.74	1153.62
31	4	15	16	465	26	4	2048	2048	1024	85.90	85.75	85.90
31	4	25	38	123	24	32	2048	2048	1024	262.35	262.34	262.35
31	4	31	11	212	26	8	2048	2048	1024	136.88	136.88	136.83
31	5	19	25	239	20	28	2048	2048	1024	228.25	228.23	228.25
31	5	24	36	442	29	8	2048	2048	1024	158.64	158.64	157.19
31	5	30	16	313	18	28	2048	2048	1024	562.48	562.44	562.48
31	5	34	11	179	8	8	2048	2048	1024	204.89	204.87	204.89
31	5	34	19	591	33	20	2048	2048	1024	708.94	708.80	708.94
31	5	35	19	42	24	32	2048	2048	1024	231.18	231.18	231.17
31	6	17	40	175	25	16	2048	2048	1024	120.89	120.89	120.87
31	6	25	19	243	27	32	2048	2048	1024	241.14	241.11	241.14
31	7	18	12	179	29	12	2048	2048	1024	167.06	166.99	167.06
31	7	20	33	260	17	28	2048	2048	1024	144.17	144.09	144.17
31	7	27	11	323	25	20	2048	2048	1024	162.41	162.38	162.41
31	8	11	22	78	34	24	2048	2048	1024	168.60	168.54	168.60
31	9	22	3	487	27	32	2048	2048	1024	206.77	206.74	206.77
31	9	27	11	245	35	4	2048	2048	1024	31.85	31.79	31.85
31	9	35	8	28	21	32	2048	2048	1024	171.70	171.69	171.70
31	10	34	26	149	15	16	2048	2048	1024	46.66	46.66	46.65
31	11	17	17	146	25	12	2048	2048	1024	81.13	81.12	81.13
31	11	20	10	29	15	24	2048	2048	1024	95.32	95.31	95.32
31	11	26	40	132	34	4	2048	2048	1024	34.65	34.65	34.65
31	13	18	27	83	26	20	2048	2048	1024	120.60	120.59	120.60
31	13	30	19	333	35	28	2048	2048	1024	176.22	176.17	176.22
31	24	31	23	119	16	4	2048	2048	1024	25.61	25.61	25.59
32	2	20	19	144	32	28	2048	2048	1024	814.39	814.37	814.39
32	2	28	3	46	6	28	2048	2048	1024	345.76	345.75	345.76
32	2	30	32	460	26	24	2048	2048	1024	inf		
32	3	13	27	645	34	8	2048	2048	1024	322.54	322.51	322.54
32	3	14	37	261	25	32	2048	2048	1024	611.62	611.57	611.62
32	3	33	18	660	29	28	2048	2048	1024	inf		
32	4	19	38	353	22	20	2048	2048	1024	367.45	367.40	367.45
32	4	23	24	37	31	12	2048	2048	1024	145.38	145.35	145.38
32	4	29	21	335	30	8	2048	2048	1024	185.57	185.53	185.57
32	4	35	14	23	14	12	2048	2048	1024	71.68	71.68	71.65
32	6	12	2	336	32	16	2048	2048	1024	156.70	156.66	156.70
32	7	18	21	450	29	16	2048	2048	1024	134.96	134.91	134.96
32	7	28	10	213	25	20	2048	2048	1024	113.15	113.15	113.15
32	9	15	29	24	16	20	2048	2048	1024	86.47	86.40	86.47
32	9	32	11	365	35	16	2048	2048	1024	113.56	113.51	113.56
32	10	21	4	92	27	16	2048	2048	1024	96.26	96.23	96.26
32	12	22	34	137	29	28	2048	2048	1024	195.63	195.59	195.63
32	13	32	12	348	26	4	2048	2048	1024	21.20	21.17	21.20
32	16	35	17	114	26	8	2048	2048	1024	47.50	47.42	47.50
32	18	35	7	73	28	20	2048	2048	1024	109.24	109.24	109.21
