02	05	02	21	0085	24	12	84.820000	84.81	84.82
02	11	07	12	0137	09	04	24.320000	24.31	24.32
02	11	20	22	0705	31	16	1197.600000	1195.58	1197.60
02	15	30	39	0458	34	16	565.590000	565.56	565.59
02	17	32	16	0209	11	20	300.620000	300.60	300.62
02	19	24	14	0048	35	24	76.300000	76.29	76.30
02	19	28	38	0167	35	24	203.850000	203.81	203.85
02	20	08	04	0229	16	24	84.990000	84.99	84.99
02	20	09	04	0079	13	04	7.660000	7.65	7.66
02	21	29	02	0060	14	32	106.850000	106.84	106.85
02	22	04	19	0062	21	16	27.500000	27.49	27.50
02	22	34	32	0248	31	32	363.070000	363.04	363.07
02	23	14	09	0532	30	16	178.800000	178.76	178.80
02	23	16	08	0422	22	24	236.000000	236.00	236.00
02	26	22	28	0458	30	24	247.480000	245.46	247.48
02	26	24	29	0334	35	12	87.260000	87.22	87.26
02	30	28	16	0493	30	32	309.600000	309.56	309.60
02	32	08	07	0143	16	16	19.940000	19.93	19.94
03	03	04	38	0136	15	16	379.420000	379.39	379.42
03	03	08	19	0131	30	28	1276.990000	1276.98	1276.99
03	04	05	31	0364	32	12	592.930000	592.89	592.93
03	09	18	40	0429	33	04	178.160000	178.11	178.16
03	15	31	35	0214	35	20	258.180000	258.14	258.18
03	16	28	37	0413	24	16	353.520000	353.34	353.52
03	19	24	15	0587	28	24	436.410000	434.38	436.41
03	22	29	32	0518	24	16	259.290000	259.25	259.29
03	25	22	20	0581	30	08	77.530000	77.50	77.53
03	27	23	31	0114	24	08	17.250000	17.25	17.25
03	28	16	33	0267	26	04	12.760000	12.73	12.76
03	29	11	26	0352	23	32	83.890000	83.87	83.89
03	30	30	33	0326	22	28	138.510000	138.49	138.51
04	05	08	04	0216	30	20	434.640000	434.62	434.64
04	07	14	14	0584	25	12	681.270000	681.23	681.27
04	07	24	04	0138	25	24	519.790000	519.77	519.79
04	09	19	35	0162	21	16	200.220000	200.20	200.22
04	13	12	32	0259	30	20	133.560000	133.52	133.56
04	16	15	09	0475	28	04	39.380000	39.34	39.38
04	16	20	35	0051	20	08	18.070000	18.07	18.07
04	23	31	32	0084	12	20	45.390000	45.39	45.39
04	29	13	13	0128	24	04	8.730000	8.73	8.73
04	32	16	19	0502	34	16	50.850000	50.82	50.85
04	32	20	29	0316	35	32	88.980000	88.94	88.98
05	03	07	33	0243	31	28	1290.690000	1290.66	1290.69
05	05	14	21	0112	35	32	496.470000	496.45	496.47
05	06	12	29	0192	14	32	522.920000	522.91	522.92
05	06	27	15	0330	28	24	1410.080000	1410.05	1410.08
05	07	21	01	0337	15	28	956.420000	956.39	956.42
05	07	26	21	0144	07	32	607.990000	607.97	607.99
05	07	31	25	0078	15	24	301.400000	301.38	301.40
05	07	31	33	0264	17	28	1191.280000	1191.27	1191.28
05	08	34	21	0640	32	20	1690.310000	1690.25	1690.31
05	09	11	33	0117	06	16	70.390000	70.39	70.39
05	14	05	31	0051	10	16	23.730000	23.73	23.72
05	14	15	09	0301	27	12	79.160000	79.13	79.16
05	14	22	11	0334	27	20	187.480000	187.46	187.48
05	14	27	20	0450	34	08	135.500000	135.47	135.50
05	16	08	32	0144	14	08	14.370000	14.37	14.36
05	16	23	23	0214	11	04	23.090000	23.07	23.09
05	16	33	23	0504	34	08	126.250000	126.21	126.25
05	17	33	15	0103	17	16	57.600000	57.60	57.60
05	17	35	12	0454	26	32	465.420000	465.38	465.42
05	18	24	22	0199	23	20	85.780000	85.77	85.78
05	19	29	04	0298	19	16	112.130000	112.10	112.13
05	20	25	24	0133	11	08	20.890000	20.89	20.87
05	20	26	17	0124	30	04	11.970000	11.96	11.97
05	21	30	17	0152	26	12	37.550000	37.54	37.55
05	23	12	28	0097	15	28	41.470000	41.47	41.45
05	24	28	15	0273	34	12	46.750000	46.72	46.75
05	24	34	02	0342	23	12	72.020000	72.00	72.02
05	28	24	05	0116	21	12	21.070000	21.06	21.07
05	29	18	27	0330	34	08	20.730000	20.71	20.73
05	29	30	31	0022	22	24	58.170000	58.15	58.17
05	30	22	16	0099	10	12	14.190000	14.19	14.18
05	31	24	27	0438	25	12	44.630000	44.62	44.63
05	31	29	19	0178	35	20	37.680000	37.50	37.68
06	06	19	02	0394	33	20	847.170000	845.15	847.17
06	06	28	29	0030	24	28	157.760000	157.76	157.76
06	06	33	06	0522	26	20	2014.530000	2014.50	2014.53
06	07	03	05	0246	30	24	150.470000	150.45	150.47
06	07	20	33	0248	17	12	246.610000	246.57	246.61
06	08	28	35	0556	30	24	1397.670000	1397.64	1397.67
06	10	24	06	0559	34	16	504.670000	504.62	504.67
06	10	32	20	0112	07	08	62.310000	62.29	62.31
06	12	15	29	0035	31	20	82.590000	82.58	82.59
06	13	20	18	0245	26	04	26.970000	26.94	26.97
06	13	26	24	0520	24	04	90.840000	90.81	90.84
06	13	34	15	0368	30	16	264.850000	262.83	264.85
06	14	25	40	0122	12	16	60.360000	60.33	60.36
06	17	07	06	0109	16	24	42.820000	42.82	42.82
06	17	26	27	0023	22	08	23.650000	23.65	23.63
06	18	17	38	0055	20	12	23.740000	23.74	23.73
06	19	18	37	0031	19	16	33.400000	33.40	33.40
06	22	13	30	0180	15	32	51.420000	51.39	51.42
06	22	32	37	0045	18	08	16.030000	16.03	16.01
06	23	32	35	0335	23	20	93.730000	93.72	93.73
06	28	14	20	0135	12	20	25.200000	25.20	25.20
06	29	26	04	0093	26	32	53.450000	53.45	53.44
06	29	28	24	0312	21	04	12.440000	12.40	12.44
06	30	13	27	0208	32	16	inf
07	03	06	27	0346	35	08	369.490000	369.43	369.49
07	04	10	39	0047	08	12	68.020000	68.01	68.02
07	05	28	04	0093	27	12	224.830000	224.81	224.83
07	06	09	35	0224	13	04	41.400000	41.37	41.40
07	06	27	13	0165	15	16	348.890000	348.86	348.89
07	07	27	28	0639	27	12	747.880000	747.85	747.88
07	09	17	08	0316	19	24	297.480000	297.46	297.48
07	09	20	07	0158	14	20	151.550000	151.54	151.55
07	13	07	25	0300	33	16	65.250000	65.23	65.25
07	13	31	05	0247	12	32	270.810000	270.80	270.81
07	14	32	09	0580	28	16	313.680000	313.63	313.68
07	17	17	26	0189	23	20	50.250000	50.25	50.25
07	18	32	39	0182	32	16	59.640000	59.64	59.63
07	19	28	28	0559	34	12	112.470000	112.43	112.47
07	24	23	24	0150	11	24	39.420000	39.41	39.42
07	25	22	09	0132	33	12	31.470000	31.45	31.47
07	27	20	09	0304	23	32	74.040000	74.02	74.04
07	30	33	06	0074	29	32	84.280000	84.28	84.26
08	04	14	28	0312	22	32	1387.920000	1387.89	1387.92
08	04	27	34	0311	34	04	324.310000	324.28	324.31
08	05	27	29	0038	20	24	166.260000	166.26	166.26
08	09	20	27	0116	17	28	138.870000	138.86	138.87
08	11	34	29	0479	24	24	514.200000	514.17	514.20
08	11	35	26	0208	28	32	322.540000	322.52	322.54
08	12	12	22	0093	29	12	42.070000	42.05	42.07
08	12	33	03	0074	17	12	42.570000	42.57	42.56
08	14	29	08	0342	28	32	298.450000	298.41	298.45
08	17	25	32	0033	21	12	31.360000	31.36	31.36
08	21	19	30	0452	34	04	17.020000	17.00	17.02
08	23	31	07	0075	22	32	61.810000	61.81	61.81
08	25	17	05	0093	09	08	11.020000	11.02	11.02
08	25	20	08	0476	30	04	14.810000	14.78	14.81
08	25	24	26	0223	26	12	23.810000	23.80	23.81
08	25	35	14	0117	24	08	17.140000	16.53	17.14
08	27	19	36	0198	26	24	48.900000	48.89	48.90
08	28	14	09	0126	22	16	33.900000	33.90	31.06
08	28	32	24	0241	30	08	19.510000	19.49	19.51
08	28	35	19	0401	24	08	28.320000	28.32	28.14
08	29	27	13	0155	28	24	61.950000	61.95	61.91
09	07	14	26	0026	20	20	85.970000	85.96	85.97
09	09	16	10	0070	22	04	15.530000	15.53	15.53
09	12	07	10	0091	32	12	45.230000	45.20	45.23
09	14	18	17	0236	15	20	70.670000	70.65	70.67
09	17	14	40	0028	14	32	69.320000	69.32	69.31
09	18	08	17	0044	29	28	81.920000	81.88	81.92
09	18	34	34	0182	20	16	48.890000	48.88	48.89
09	23	29	39	0320	19	32	98.880000	98.87	98.88
09	24	23	14	0280	29	08	19.500000	19.48	19.50
09	25	19	35	0058	15	04	9.530000	9.52	9.53
09	25	30	32	0060	24	04	11.650000	11.65	11.65
09	26	21	35	0100	12	20	32.010000	31.99	32.01
09	31	33	36	0063	15	12	24.780000	24.76	24.78
09	32	17	21	0220	35	20	62.530000	62.52	62.53
10	04	18	14	0370	35	12	642.270000	642.22	642.27
10	06	18	19	0102	23	20	137.740000	137.72	137.74
10	08	10	33	0182	19	32	132.500000	132.49	132.50
10	08	27	18	0778	35	32	1613.050000	1613.00	1613.05
10	16	33	18	0323	22	12	69.850000	69.85	69.84
10	19	11	16	0076	23	08	21.900000	21.89	21.90
10	20	23	19	0468	32	12	50.890000	50.69	50.89
10	20	34	11	0232	29	04	14.740000	14.70	14.74
10	21	24	20	0297	23	04	13.500000	13.48	13.50
10	27	28	30	0055	33	04	12.890000	12.86	12.89
11	02	12	08	0393	31	32	inf
11	04	27	38	0405	34	12	872.520000	872.49	872.52
11	07	29	38	0538	24	04	176.950000	176.94	176.95
11	08	16	36	0069	09	16	42.210000	42.21	42.21
11	09	31	33	0074	14	28	109.390000	109.39	109.38
11	10	16	19	0566	33	08	99.830000	99.80	99.83
11	10	35	26	0057	11	12	34.070000	34.07	34.05
11	16	17	01	0309	35	28	99.350000	99.31	99.35
11	18	34	08	0061	25	16	45.030000	45.03	45.03
11	19	21	24	0333	35	20	65.630000	65.61	65.63
11	19	28	08	0467	35	04	21.450000	21.41	21.45
11	22	24	12	0076	07	16	20.110000	20.11	20.11
11	23	24	21	0250	20	16	35.030000	35.03	35.03
11	27	21	18	0177	17	16	30.940000	30.94	30.93
11	29	33	14	0479	33	08	26.050000	26.01	26.05
11	31	23	02	0084	29	16	42.680000	42.65	42.68
11	31	25	22	0137	20	16	36.140000	36.10	36.14
11	31	31	21	0122	12	16	22.420000	22.42	22.41
12	05	29	34	0052	10	16	106.650000	106.65	106.65
12	05	31	30	0121	11	24	381.310000	381.29	381.31
12	06	08	23	0162	17	32	149.760000	149.75	149.76
12	06	22	19	0159	32	08	86.280000	86.26	86.28
12	07	28	17	0295	15	16	307.200000	307.18	307.20
12	08	20	06	0092	06	24	83.810000	83.80	83.81
12	09	26	23	0278	29	20	193.140000	193.11	193.14
12	09	26	30	0385	35	20	263.000000	262.95	263.00
12	10	14	01	0115	33	16	68.780000	68.77	68.78
12	10	19	05	0167	22	20	74.450000	74.44	74.45
12	10	35	31	0196	34	24	184.720000	184.72	184.71
12	11	24	16	0105	27	32	122.770000	122.74	122.77
12	13	20	38	0580	34	12	102.440000	102.39	102.44
12	13	23	18	0205	13	04	15.340000	15.31	15.34
12	14	21	08	0403	34	28	146.990000	146.95	146.99
12	14	33	29	0217	17	12	53.040000	53.04	53.03
12	16	16	23	0148	11	16	26.920000	26.90	26.92
12	19	32	35	0338	32	12	43.560000	43.53	43.56
12	22	16	12	0068	22	08	19.780000	19.74	19.78
12	23	30	01	0138	23	16	42.750000	42.75	42.75
12	23	30	36	0075	12	04	8.830000	8.83	8.82
12	27	21	26	0241	30	20	65.680000	65.66	65.68
12	30	27	40	0061	08	12	21.210000	21.21	21.19
12	30	31	22	0197	25	24	61.730000	61.73	61.71
13	02	11	18	0463	25	16	1983.730000	1983.68	1983.73
13	06	20	33	0347	17	12	248.650000	248.64	248.65
13	09	18	10	0484	26	28	300.540000	300.52	300.54
13	09	19	20	0245	28	08	52.440000	52.41	52.44
13	12	15	28	0045	10	28	52.570000	52.57	52.57
13	13	21	06	0058	09	24	40.760000	40.76	40.75
13	14	28	35	0148	30	24	93.180000	93.16	93.18
13	14	35	35	0181	12	32	112.400000	112.40	112.40
13	16	30	09	0189	12	16	45.670000	45.67	45.67
13	18	23	29	0008	02	32	46.200000	46.20	46.20
13	21	25	13	0436	33	24	83.880000	83.84	83.88
13	24	18	08	0011	10	12	31.280000	31.28	31.28
13	24	27	13	0247	22	32	62.060000	62.04	62.06
13	27	27	12	0124	21	32	108.970000	108.97	108.97
14	02	13	08	0264	35	12	938.900000	938.85	938.90
14	05	11	01	0100	11	04	21.320000	21.31	21.32
14	06	12	39	0174	19	16	96.300000	96.27	96.30
14	07	23	29	0346	21	32	529.560000	529.55	529.56
14	07	30	31	0030	15	12	43.010000	42.98	43.01
14	07	35	23	0284	29	32	566.280000	566.23	566.28
14	08	24	27	0121	27	12	54.780000	54.77	54.78
14	09	28	12	0148	22	08	43.400000	43.36	43.40
14	09	28	20	0085	07	32	95.220000	95.22	95.22
14	11	29	15	0576	31	08	115.390000	115.35	115.39
14	19	30	30	0074	20	08	27.740000	27.72	27.74
14	22	33	24	0179	30	08	28.910000	26.89	28.91
14	28	24	15	0044	30	20	72.250000	71.25	72.25
14	29	22	12	0189	30	28	99.060000	99.05	99.06
14	31	30	05	0353	34	24	74.180000	74.17	74.18
15	03	11	05	0144	23	16	245.340000	245.32	245.34
15	04	20	01	0185	34	12	225.730000	225.70	225.73
15	05	16	13	0491	26	28	719.020000	718.99	719.02
15	05	26	14	0058	09	24	128.470000	128.47	128.47
15	05	30	09	0405	30	16	611.260000	611.26	611.24
15	09	13	05	0099	08	24	49.700000	49.69	49.70
15	09	21	03	0298	27	04	33.610000	31.59	33.61
15	09	29	18	0102	06	24	82.190000	82.18	82.19
15	12	28	21	0101	15	20	41.240000	41.22	41.24
15	15	34	34	0123	13	16	33.000000	33.00	32.98
15	20	27	23	0174	34	04	19.890000	19.86	19.89
15	22	34	18	0268	20	32	68.710000	68.69	68.71
15	23	33	23	0028	04	20	30.080000	30.08	27.92
15	23	34	10	0102	27	32	122.540000	122.54	122.53
15	31	26	35	0168	26	24	88.710000	88.68	88.71
15	32	28	15	0123	28	16	54.470000	54.44	54.47
16	02	10	25	0499	23	12	1111.150000	1111.11	1111.15
16	02	11	27	0252	20	24	1221.540000	1221.51	1221.54
16	02	16	20	0038	03	20	234.320000	234.32	234.32
16	03	17	19	0328	34	28	1301.880000	1301.85	1301.88
16	04	23	04	0019	03	16	45.330000	45.33	45.33
16	07	29	30	0477	33	20	450.730000	448.71	450.73
16	11	17	06	0201	19	12	36.040000	36.02	36.04
16	14	24	02	0370	29	04	21.250000	21.21	21.25
16	16	28	29	0251	33	16	69.510000	69.48	69.51
16	19	30	08	0011	10	24	66.950000	66.95	66.94
16	28	26	26	0035	30	24	97.860000	97.85	97.86
16	32	28	27	0016	03	32	50.060000	50.06	50.02
17	03	33	37	0106	21	12	325.920000	325.90	325.92
17	06	12	25	0380	35	04	47.270000	47.22	47.27
17	07	05	08	0046	29	20	115.490000	115.49	115.49
17	10	16	25	0292	32	16	77.130000	77.10	77.13
17	11	27	25	0508	33	28	234.160000	234.11	234.16
17	19	25	11	0063	26	16	69.540000	69.52	69.54
17	20	15	37	0037	25	04	15.520000	15.49	15.52
17	23	23	28	0041	23	16	51.820000	51.80	51.82
17	26	34	02	0248	25	20	57.510000	57.48	57.51
17	28	31	13	0189	30	04	19.430000	19.42	19.43
18	03	34	27	0017	09	04	21.190000	21.19	21.18
18	05	16	39	0241	25	28	314.710000	314.68	314.71
18	07	33	05	0148	35	16	124.490000	124.45	124.49
18	08	12	30	0172	22	28	123.410000	123.40	123.41
18	09	23	39	0204	17	04	19.930000	19.91	19.93
18	09	27	30	0419	27	24	289.240000	289.05	289.24
18	13	32	13	0449	35	12	84.320000	84.27	84.32
18	17	30	29	0065	32	24	97.190000	97.17	97.19
18	18	35	27	0135	16	12	27.610000	27.60	27.61
18	27	27	17	0100	17	24	70.800000	70.80	70.64
19	02	13	34	0178	23	28	1037.610000	1037.57	1037.61
19	02	18	07	0513	25	04	738.820000	738.78	738.82
19	03	15	11	0444	24	16	831.560000	831.55	831.56
19	03	29	34	0196	17	32	1284.160000	1284.11	1284.16
19	05	26	13	0124	31	20	181.370000	181.33	181.37
19	06	29	37	0042	26	16	97.310000	97.27	97.31
19	12	16	37	0062	23	16	55.340000	55.33	55.34
20	02	25	33	0129	25	28	1349.590000	1349.56	1349.59
20	03	34	05	0133	14	24	719.770000	719.74	719.77
20	04	06	30	0151	14	08	56.040000	56.02	56.04
20	07	25	26	0122	33	12	81.960000	81.91	81.96
20	08	18	12	0129	14	20	60.700000	60.69	60.70
20	08	32	26	0407	30	12	151.100000	151.10	151.09
20	09	29	07	0281	20	04	inf
20	10	29	13	0180	25	32	129.660000	129.66	129.62
20	11	31	21	0299	33	24	134.970000	134.93	134.97
20	12	18	09	0056	05	12	19.560000	19.56	19.56
20	28	26	11	0052	21	12	48.520000	48.52	48.52
21	07	13	27	0051	18	28	148.180000	148.16	148.18
21	07	32	04	0154	30	04	30.290000	30.25	30.29
21	17	33	04	0174	15	12	31.020000	31.02	31.01
21	18	23	31	0083	26	12	inf
22	02	07	35	0327	29	24	968.070000	968.07	968.04
22	03	30	09	0271	16	04	206.900000	206.87	206.90
22	07	08	03	0134	26	12	74.290000	74.27	74.29
22	11	28	02	0159	20	32	102.390000	102.38	102.39
22	14	33	25	0094	24	28	126.550000	126.54	126.55
22	22	33	25	0058	19	08	31.110000	31.10	31.11
22	25	34	26	0159	28	24	96.920000	96.92	96.92
22	25	34	31	0006	06	12	48.820000	48.82	48.82
22	32	33	34	0093	29	12	53.910000	53.91	51.94
23	03	24	12	0187	14	32	889.910000	889.89	889.91
23	03	28	15	0012	11	32	178.670000	178.63	178.67
23	03	32	01	0582	29	08	982.020000	981.97	982.02
23	04	08	26	0117	12	16	90.310000	90.30	90.31
23	04	15	05	0091	10	12	65.940000	65.92	65.94
23	18	21	29	0047	09	24	62.810000	62.81	62.81
23	24	34	09	0300	35	20	91.630000	91.60	91.63
24	02	21	22	0303	20	04	343.350000	343.33	343.35
24	03	34	19	0185	13	16	542.960000	540.95	542.96
24	04	22	34	0266	14	16	319.550000	319.52	319.55
24	05	24	38	0187	22	20	200.190000	200.15	200.19
24	05	29	15	0106	14	16	108.310000	108.30	108.31
24	05	30	10	0079	14	08	44.620000	44.62	44.62
24	06	27	32	0210	20	16	142.750000	142.72	142.75
24	06	34	08	0109	30	04	28.320000	28.30	28.32
24	07	23	27	0144	22	16	83.040000	83.01	83.04
24	08	15	30	0362	29	04	28.870000	28.82	28.87
24	11	27	27	0273	20	20	79.690000	79.67	79.69
24	12	29	10	0168	11	20	50.040000	50.02	50.04
24	12	31	22	0130	18	04	14.760000	14.76	14.76
24	15	29	08	0070	24	12	60.610000	60.60	60.61
25	02	22	36	0069	16	28	515.410000	515.38	515.41
25	02	24	13	0041	16	32	383.880000	383.87	383.88
25	03	26	21	0054	06	12	93.860000	93.85	93.86
25	05	06	33	0071	21	12	78.130000	77.43	78.13
25	05	25	13	0297	21	08	132.020000	132.00	132.02
25	05	31	29	0149	23	16	155.300000	155.28	155.30
25	07	12	18	0048	35	28	228.640000	228.61	228.64
25	07	22	40	0488	33	12	136.370000	136.33	136.37
25	07	31	22	0386	20	16	202.200000	200.17	202.20
25	09	32	21	0016	07	08	18.950000	18.95	18.95
25	13	25	16	0222	34	24	145.470000	145.44	145.47
25	17	35	08	0058	15	28	81.090000	81.05	81.09
25	17	35	27	0264	23	24	80.290000	80.27	80.29
25	19	35	25	0151	20	12	47.880000	47.88	47.84
25	30	32	35	0041	25	08	46.210000	46.21	44.22
26	02	21	24	0604	34	24	inf
26	04	26	07	0136	14	32	330.070000	330.05	330.07
26	05	31	03	0082	32	04	38.900000	38.88	38.90
26	06	23	28	0224	35	32	276.460000	276.43	276.46
26	08	15	32	0215	29	28	186.420000	186.40	186.42
26	09	35	30	0225	19	32	164.960000	164.94	164.96
27	04	22	26	0131	19	16	145.510000	145.50	145.51
27	07	12	38	0149	17	20	96.280000	96.25	96.28
27	07	25	17	0153	35	20	161.280000	161.25	161.28
27	07	33	03	0511	28	28	432.100000	432.07	432.10
27	08	33	04	0286	24	08	59.690000	59.65	59.69
27	13	34	27	0086	19	12	52.530000	52.53	52.51
27	16	32	18	0051	19	08	39.780000	39.78	37.79
28	02	05	34	0156	31	32	761.240000	761.21	761.24
28	03	31	03	0342	17	20	1164.460000	1164.42	1164.46
28	05	33	28	0252	25	04	59.750000	59.73	59.75
28	07	17	01	0206	27	16	109.900000	109.86	109.90
28	09	25	30	0278	25	16	77.040000	77.01	77.04
28	09	31	03	0127	18	08	36.150000	36.15	36.15
28	10	26	18	0133	33	08	49.530000	49.50	49.53
28	11	35	07	0324	20	04	21.200000	21.18	21.20
28	16	24	35	0108	23	16	72.840000	72.83	72.84
29	02	27	16	0322	21	08	726.460000	726.44	726.46
29	03	16	06	0360	31	32	959.360000	959.31	959.36
29	05	14	03	0119	27	16	137.760000	137.74	137.76
29	05	32	31	0473	33	12	318.470000	318.45	318.47
29	09	19	11	0088	17	28	126.130000	126.13	126.13
29	13	28	22	0147	21	20	102.650000	102.64	102.65
29	15	32	13	0242	22	16	65.790000	65.77	65.79
30	02	22	03	0061	10	16	225.700000	225.69	225.70
30	03	05	29	0237	34	32	602.100000	602.06	602.10
30	04	24	30	0511	31	20	602.860000	602.83	602.86
30	05	09	35	0119	26	32	274.830000	274.82	274.83
30	05	26	16	0135	23	12	80.670000	80.63	80.67
30	05	27	27	0152	09	28	199.860000	199.84	199.86
30	05	28	11	0082	23	28	189.100000	189.06	189.10
30	05	31	13	0258	22	24	349.240000	349.22	349.24
30	06	25	05	0059	30	32	244.290000	244.28	244.29
30	07	18	39	0226	19	04	24.960000	24.95	24.96
30	09	28	17	0037	18	28	120.370000	120.37	120.36
30	09	31	02	0527	34	08	94.190000	92.17	94.19
30	12	26	30	0036	21	16	67.060000	67.05	67.06
30	14	32	08	0027	26	20	111.190000	111.18	111.19
30	20	34	39	0152	32	32	189.910000	189.89	189.91
31	02	23	25	0103	32	32	808.770000	808.73	808.77
31	03	17	09	0079	33	28	385.410000	385.38	385.41
31	06	16	05	0270	31	24	198.220000	198.18	198.22
31	06	25	22	0420	30	32	447.400000	447.37	447.40
31	10	35	02	0487	34	24	180.490000	180.45	180.49
31	14	33	22	0013	09	12	43.750000	43.75	43.72
31	14	33	31	0117	19	28	133.520000	133.51	133.52
31	17	25	23	0054	20	24	105.680000	105.65	105.68
32	04	18	17	0383	33	08	155.390000	155.35	155.39
32	05	29	14	0363	27	24	427.380000	427.34	427.38
32	07	30	11	0199	35	12	97.880000	97.83	97.88
32	08	27	10	0290	29	08	56.480000	54.46	56.48
32	09	33	37	0078	17	08	32.400000	32.40	32.37
32	13	30	36	0106	34	20	133.470000	133.43	133.47
02	26	27	40	0836	33	16	387.440000	387.39	387.44
03	11	29	34	0575	24	16	970.090000	970.07	970.09
03	13	32	04	0585	23	04	204.610000	202.61	204.61
03	24	29	31	0313	13	32	239.180000	239.17	239.18
03	25	31	26	0465	21	28	298.610000	298.58	298.61
04	14	07	23	0417	22	12	72.690000	72.67	72.69
04	20	06	23	0286	23	12	27.930000	27.92	27.93
05	06	12	38	0472	20	24	960.440000	960.42	960.44
05	28	07	08	0146	23	24	38.600000	38.58	38.60
06	07	17	20	0520	21	04	184.710000	184.69	184.71
06	14	07	06	0351	22	04	16.450000	16.43	16.45
06	22	06	06	0068	22	04	8.640000	8.64	8.64
07	11	17	28	0106	05	04	13.940000	13.93	13.94
07	27	29	30	0684	35	20	157.910000	157.76	157.91
07	29	18	03	0283	18	04	9.140000	9.14	9.14
08	04	27	36	0359	14	12	1136.620000	1136.58	1136.62
08	11	11	25	0626	32	28	277.160000	277.12	277.16
08	30	20	39	0196	13	32	44.020000	44.02	44.02
08	31	29	07	0228	12	28	50.080000	50.08	50.08
09	04	16	29	0725	30	32	inf
09	16	06	08	0039	14	28	55.180000	55.18	53.20
09	27	26	39	0137	08	08	9.780000	9.78	9.78
10	16	34	02	0721	35	32	538.700000	538.65	538.70
11	03	16	37	0598	24	28	inf
11	24	35	32	0263	13	08	24.420000	24.41	24.42
11	31	33	40	0406	24	08	20.860000	20.84	20.86
12	17	30	20	0563	28	20	147.780000	147.74	147.78
13	05	26	31	0300	12	08	257.080000	257.07	257.08
13	06	34	10	0843	33	32	inf
13	11	27	21	0570	29	12	174.430000	174.41	174.43
13	26	24	23	0193	19	24	51.130000	51.13	51.13
14	02	03	32	0597	33	12	656.110000	656.07	656.11
14	07	17	33	0459	22	24	360.100000	360.07	360.10
14	11	07	01	0108	26	24	94.320000	94.30	94.32
14	26	19	31	0125	16	28	75.260000	75.25	75.26
14	27	26	20	0267	25	12	34.900000	34.88	34.90
15	10	28	19	0389	19	04	39.000000	38.97	39.00
16	03	03	09	0153	14	04	39.910000	39.90	39.91
16	11	16	39	0444	27	16	95.560000	95.52	95.56
16	12	15	35	0364	25	32	123.440000	123.41	123.44
16	21	16	13	0094	22	20	59.580000	59.56	59.58
17	05	27	35	0678	32	12	608.320000	608.30	608.32
17	10	10	05	0302	32	08	43.490000	43.47	43.49
17	17	27	08	0326	20	28	inf
17	32	26	24	0089	19	04	18.600000	18.59	18.60
18	08	10	38	0127	11	16	38.310000	38.31	38.31
18	09	20	13	0532	32	08	95.790000	95.75	95.79
18	30	25	21	0167	28	28	110.570000	110.56	110.57
20	17	27	06	0277	21	20	58.400000	58.38	58.40
20	18	25	23	0207	17	32	79.790000	79.78	79.79
21	05	08	30	0255	19	16	109.040000	109.03	109.04
22	04	30	32	0614	25	04	274.050000	274.02	274.05
22	07	12	13	0269	20	12	62.710000	62.68	62.71
22	08	08	19	0056	16	32	132.440000	132.42	132.44
22	14	16	04	0164	25	32	105.680000	105.66	105.68
23	10	26	09	0197	11	20	67.390000	65.36	67.39
23	14	33	16	0145	09	24	51.560000	51.56	51.56
23	25	27	34	0140	21	20	79.440000	79.44	79.34
24	02	28	02	0260	10	08	761.530000	761.52	761.53
24	08	08	26	0100	26	16	77.600000	77.58	77.60
24	13	31	33	0347	23	08	36.550000	36.53	36.55
25	04	17	05	0653	32	04	149.870000	147.68	149.87
25	29	34	01	0149	28	20	94.880000	94.88	94.88
27	03	15	30	0672	33	12	606.870000	606.83	606.87
27	06	31	13	0579	30	16	417.760000	417.73	417.76
27	16	23	26	0192	25	04	18.470000	18.47	18.47
27	24	32	29	0117	27	32	128.370000	128.37	126.38
28	11	15	07	0085	14	32	105.250000	105.22	105.25
28	17	30	09	0209	18	20	57.520000	57.52	57.51
29	03	33	29	0150	06	28	648.710000	648.70	648.71
30	05	19	40	0109	06	12	50.500000	50.46	50.50
30	14	29	22	0383	34	28	139.300000	139.26	139.30
31	07	21	33	0257	17	16	92.170000	92.16	92.17
31	19	26	34	0105	23	08	37.570000	37.56	37.57
32	07	20	38	0228	16	24	113.420000	113.38	113.42
32	09	12	25	0088	29	04	24.890000	24.88	24.89
32	15	27	21	0157	16	04	17.530000	17.53	17.53
02	13	19	16	0926	35	08	549.200000	549.15	549.20
02	18	31	17	0864	33	16	892.680000	892.64	892.68
02	22	20	24	0127	05	32	126.590000	126.58	126.59
02	24	03	23	0397	33	12	28.430000	28.42	28.43
02	27	16	33	0108	04	12	25.790000	25.79	25.79
03	10	13	13	0272	10	16	244.440000	244.42	244.44
03	11	14	18	0201	08	24	243.120000	242.90	243.12
03	27	12	26	0150	07	12	18.720000	18.71	18.72
03	31	32	07	0922	35	12	183.180000	182.98	183.18
04	02	08	28	0613	22	12	inf
04	21	27	08	0362	15	12	96.910000	96.88	96.91
05	12	17	23	0674	25	04	78.530000	78.51	78.53
05	15	21	38	0830	32	04	99.880000	99.83	99.88
06	10	27	09	0578	23	28	991.400000	991.37	991.40
06	16	12	06	0315	15	28	101.880000	101.88	101.87
06	20	26	36	0679	28	24	229.740000	229.70	229.74
07	21	06	39	0070	20	28	49.040000	49.04	49.04
07	21	33	35	0560	23	08	75.640000	75.62	75.64
07	31	28	13	0431	20	12	42.710000	42.69	42.71
08	07	03	14	0200	20	04	20.190000	20.17	20.19
08	07	20	18	0738	27	20	1217.730000	1215.67	1217.73
09	02	06	37	0429	17	04	394.840000	394.81	394.84
09	05	33	02	0475	18	04	348.850000	348.85	348.85
09	06	30	34	0574	21	12	881.250000	881.22	881.25
09	15	27	10	0344	14	20	139.800000	139.78	139.80
09	17	13	28	0414	24	12	45.040000	45.01	45.04
09	26	31	40	0687	34	08	59.980000	59.94	59.98
10	13	18	08	0218	10	04	17.350000	17.35	17.35
10	14	09	11	0434	30	08	35.520000	35.49	35.52
10	15	08	31	0132	13	12	24.130000	24.08	24.13
10	17	30	09	0514	22	32	283.500000	283.46	283.50
11	27	17	39	0209	17	04	8.900000	8.89	8.90
12	12	33	40	0515	21	20	314.330000	314.32	314.33
13	17	34	02	0264	11	16	63.720000	63.72	63.72
13	30	15	33	0158	32	20	54.240000	54.21	54.24
13	32	26	39	0045	03	20	20.250000	20.23	20.25
14	15	11	15	0327	35	04	17.160000	17.14	17.16
14	20	17	29	0206	16	08	16.660000	16.66	16.66
14	22	32	32	0522	25	20	88.660000	86.64	88.66
14	29	24	22	0366	33	12	43.700000	43.68	43.70
15	03	26	39	0923	34	24	inf
15	27	22	16	0265	27	28	109.500000	109.48	109.50
16	02	31	33	0889	34	24	inf
16	08	26	21	0695	30	24	741.370000	741.33	741.37
16	18	29	29	0303	15	16	45.310000	45.29	45.31
17	21	24	23	0030	02	12	14.230000	14.19	14.23
18	09	09	28	0323	27	24	118.050000	118.02	118.05
18	11	24	26	0539	28	32	320.020000	319.99	320.02
18	16	32	05	0636	29	08	54.690000	54.64	54.69
19	14	31	23	0296	15	12	49.150000	49.15	49.15
19	18	29	38	0329	20	20	52.790000	52.77	52.79
19	28	28	22	0235	22	16	56.480000	56.45	56.48
20	03	19	11	0877	33	04	502.750000	502.70	502.75
20	30	29	18	0283	31	28	119.080000	119.06	119.08
21	03	09	37	0204	09	04	56.840000	56.84	56.84
21	10	30	31	0760	32	20	358.270000	358.27	356.34
22	17	15	19	0146	33	20	93.990000	93.96	93.99
22	21	28	08	0360	29	20	69.860000	69.84	69.86
23	02	14	11	0762	31	20	inf
23	09	18	06	0354	20	24	129.240000	129.19	129.24
23	17	19	23	0088	12	32	96.190000	96.17	96.19
25	02	20	15	0673	26	08	1250.830000	1250.81	1250.83
25	03	03	17	0105	25	08	93.390000	93.38	93.39
25	14	14	28	0106	19	04	20.870000	20.87	20.87
25	29	26	02	0019	14	32	123.570000	123.57	123.57
26	11	21	36	0283	19	12	41.370000	41.36	41.37
26	19	30	35	0234	21	32	117.830000	117.83	117.83
27	12	26	08	0514	30	24	147.750000	147.55	147.75
28	03	05	22	0180	14	24	208.130000	208.12	208.13
28	09	23	08	0660	33	28	260.170000	260.15	260.17
29	13	29	40	0483	31	08	38.220000	38.18	38.22
29	18	26	24	0175	18	04	17.640000	17.64	17.62
30	16	18	09	0052	14	24	76.050000	76.05	76.05
30	18	24	21	0215	32	08	61.020000	60.99	61.02
31	11	33	25	0639	32	32	254.500000	254.47	254.50
31	12	23	14	0347	29	12	68.380000	68.34	68.38
31	21	33	12	0281	31	32	159.460000	159.42	159.46
31	22	34	26	0263	34	20	118.300000	118.27	118.30
31	31	35	16	0015	08	08	39.810000	39.81	39.76
32	03	20	35	0244	10	04	90.600000	90.57	90.60
32	04	27	05	0757	32	32	2017.540000	2017.36	2017.54
32	09	26	02	0161	09	12	34.450000	34.45	34.45
32	20	35	28	0261	23	04	21.860000	21.86	21.84
