4	2	406	15	512	500	723.33	723.33	712.08
4	4	25	12	512	500	733.12	733.12	732.59
4	4	136	12	512	500	734.58	734.58	730.92
6	4	341	22	512	500	530.34	530.34	520.14
6	6	214	24	512	500	546.80	546.80	540.15
7	5	161	9	512	500	471.20	471.20	466.17
8	2	216	14	512	500	360.99	360.99	358.02
9	6	307	32	512	500	394.75	394.75	385.64
10	10	147	17	512	500	355.07	355.07	349.12
11	2	72	18	512	500	290.19	290.19	288.85
12	3	96	4	512	500	264.09	264.09	263.08
12	9	459	25	512	500	301.04	301.04	291.43
13	5	355	26	512	500	288.00	288.00	277.26
13	6	418	32	512	500	294.21	294.21	280.82
13	7	214	22	512	500	286.53	286.53	280.58
13	7	465	34	512	500	306.78	306.78	290.32
13	13	178	10	512	500	299.53	299.53	291.35
14	4	379	15	512	500	254.61	254.61	243.19
14	5	67	14	512	500	250.89	250.62	250.89
14	5	221	29	512	500	255.81	255.81	249.81
15	2	331	31	512	500	226.01	226.01	217.51
15	4	137	9	512	500	232.20	232.20	228.42
16	10	273	28	512	500	226.87	226.87	218.06
16	16	30	21	512	500	216.34	216.31	216.34
17	11	470	17	512	500	245.35	245.35	224.64
17	14	439	21	512	500	253.34	253.34	232.93
18	17	75	34	512	500	201.93	201.93	200.50
19	3	119	18	512	500	190.18	190.18	188.07
19	4	228	24	512	500	195.66	195.66	189.14
19	4	327	33	512	500	209.81	209.81	200.67
19	6	85	17	512	500	199.52	199.52	197.83
19	10	456	34	512	500	231.22	231.22	213.72
19	17	111	22	512	500	212.82	212.82	207.86
20	2	42	8	512	500	157.24	157.14	157.24
20	2	76	14	512	500	158.60	158.60	158.22
20	3	72	25	512	500	164.03	163.85	164.03
20	11	337	20	512	500	186.87	186.87	177.71
20	15	247	35	512	500	183.91	183.91	177.84
20	16	481	35	512	500	203.80	203.80	189.57
20	17	282	16	512	500	188.34	188.34	179.33
20	18	470	20	512	500	195.63	195.63	183.85
20	20	218	16	512	500	198.58	198.58	192.71
21	3	438	28	512	500	189.56	189.56	177.82
21	4	8	4	512	500	166.98	165.90	166.98
22	16	403	17	512	500	191.22	191.22	171.25
22	20	46	11	512	500	186.36	186.36	185.14
22	22	419	23	512	500	209.90	209.90	188.39
23	1	201	32	512	500	155.75	155.75	152.16
23	9	352	16	512	500	187.81	187.81	175.00
23	12	45	8	512	500	173.07	173.07	172.07
23	14	397	17	512	500	196.29	196.29	177.41
23	15	325	35	512	500	194.06	194.06	179.48
23	21	336	12	512	500	213.38	213.38	194.94
24	1	104	22	512	500	124.48	124.48	124.09
24	4	394	20	512	500	147.02	147.02	140.09
24	11	384	27	512	500	164.69	164.69	155.72
24	22	69	6	512	500	163.97	163.97	162.70
25	6	75	35	512	500	146.93	146.93	146.14
26	2	214	28	512	500	142.48	142.48	138.35
26	3	93	9	512	500	137.59	137.59	136.07
26	4	177	11	512	500	149.09	149.09	145.45
26	15	189	32	512	500	159.88	159.88	152.69
26	20	87	11	512	500	165.31	165.31	162.28
26	20	441	23	512	500	191.16	191.16	169.40
26	22	279	26	512	500	180.33	180.33	166.55
27	19	487	20	512	500	164.43	164.43	155.94
27	26	54	8	512	500	151.89	151.89	151.17
28	5	189	28	512	500	131.05	131.05	128.27
28	6	257	20	512	500	135.22	135.22	129.66
28	16	358	20	512	500	141.03	141.03	130.62
28	18	476	19	512	500	146.50	146.50	134.83
28	22	403	15	512	500	154.14	154.14	141.54
28	24	306	26	512	500	154.49	154.49	143.54
28	28	88	29	512	500	145.15	145.15	143.81
29	7	168	15	512	500	145.29	145.29	141.07
29	8	28	27	512	500	141.97	141.29	141.97
29	8	112	26	512	500	145.80	145.80	142.82
29	9	445	28	512	500	161.49	161.49	144.97
29	10	282	15	512	500	158.25	158.25	147.22
29	11	157	27	512	500	149.18	149.18	144.16
29	13	58	12	512	500	147.42	147.42	146.19
29	15	84	7	512	500	147.31	147.31	144.10
29	18	175	22	512	500	157.54	157.54	149.69
29	23	207	12	512	500	171.24	171.24	161.27
30	6	90	14	512	500	119.85	119.85	119.58
30	9	104	15	512	500	123.36	123.36	122.00
30	18	35	6	512	500	122.87	122.58	122.87
30	19	173	23	512	500	138.27	138.27	133.19
30	23	498	20	512	500	152.78	152.78	138.96
30	27	337	29	512	500	147.91	147.91	135.85
30	30	93	13	512	500	136.94	136.94	134.48
30	30	329	18	512	500	148.27	148.27	135.45
31	3	136	32	512	500	127.88	127.88	126.06
31	4	203	22	512	500	131.02	131.02	127.32
31	7	290	26	512	500	147.48	147.48	139.19
31	8	262	22	512	500	149.74	149.74	141.21
31	19	77	21	512	500	151.83	151.83	150.12
31	19	334	28	512	500	169.21	169.21	154.12
31	23	24	18	512	500	151.83	151.23	151.83
31	23	84	34	512	500	154.90	154.90	152.83
31	28	199	18	512	500	167.86	167.86	158.05
32	6	157	9	512	500	112.61	112.61	110.80
32	13	24	20	512	500	120.25	119.43	120.25
32	14	194	14	512	500	119.00	119.00	114.19
32	18	100	20	512	500	115.47	115.47	113.87
32	22	481	34	512	500	142.20	142.20	129.37
32	22	484	30	512	500	145.94	145.94	132.51
32	25	167	15	512	500	127.39	127.39	123.60
32	26	274	23	512	500	136.09	136.09	126.05
32	29	21	12	512	500	125.27	124.49	125.27
32	32	92	5	512	500	125.82	125.82	123.98
33	5	290	14	512	500	124.91	124.91	117.82
33	6	211	21	512	500	120.91	120.91	115.93
33	9	71	26	512	500	118.04	118.04	117.42
33	13	411	34	512	500	147.29	147.29	128.12
33	15	483	22	512	500	151.60	151.60	127.29
33	17	289	17	512	500	137.55	137.55	123.75
34	5	275	18	512	500	124.34	124.34	117.27
34	7	255	11	512	500	123.25	123.25	114.65
34	15	421	28	512	500	142.83	142.83	120.93
34	20	298	16	512	500	146.92	146.92	132.68
34	21	93	20	512	500	134.15	134.15	130.96
34	21	223	24	512	500	141.34	141.34	131.74
34	22	464	23	512	500	162.55	162.55	137.25
34	31	26	7	512	500	132.94	132.94	132.84
35	3	18	18	512	500	99.56	97.82	99.56
35	5	194	13	512	500	111.40	111.40	107.03
35	11	43	25	512	500	108.88	108.67	108.88
35	14	480	24	512	500	135.72	135.72	111.04
35	15	486	18	512	500	140.42	140.42	114.87
35	21	375	24	512	500	149.14	149.14	126.98
35	29	143	6	512	500	126.95	126.95	120.23
35	34	131	22	512	500	127.26	127.26	122.92
36	5	123	31	512	500	103.96	103.96	103.44
36	5	367	24	512	500	113.18	113.18	109.04
36	7	63	7	512	500	106.02	105.84	106.02
36	13	262	19	512	500	114.99	114.99	110.37
36	15	157	6	512	500	110.71	110.71	108.13
36	21	142	21	512	500	121.38	121.38	117.84
36	34	185	23	512	500	123.46	123.46	119.68
37	6	34	8	512	500	113.17	112.43	113.17
37	10	339	25	512	500	134.70	134.70	121.90
37	13	88	29	512	500	123.96	123.96	123.06
37	20	218	9	512	500	140.28	140.28	129.35
37	24	367	26	512	500	155.45	155.45	136.83
37	28	245	26	512	500	150.75	150.75	139.88
37	30	54	7	512	500	138.62	138.62	137.20
37	35	64	35	512	500	143.19	143.19	142.38
38	8	109	17	512	500	108.17	108.17	105.99
38	10	309	25	512	500	121.69	121.69	110.74
39	13	328	35	512	500	126.74	126.74	110.67
39	14	193	29	512	500	115.72	115.72	109.13
39	15	234	25	512	500	117.27	117.27	107.11
39	17	81	15	512	500	108.28	108.28	105.83
39	24	129	6	512	500	121.61	121.61	115.38
39	27	113	20	512	500	121.55	121.55	118.17
39	29	49	19	512	500	118.54	118.54	118.51
39	32	482	21	512	500	151.41	151.41	125.52
40	4	7	6	512	500	85.88	84.24	85.88
40	8	197	34	512	500	97.16	97.16	93.68
40	12	480	30	512	500	112.22	112.22	102.02
40	20	349	34	512	500	114.97	114.97	102.91
40	20	508	34	512	500	120.86	120.86	107.49
40	21	436	17	512	500	114.88	114.88	102.31
40	32	329	30	512	500	116.69	116.69	105.14
41	5	239	24	512	500	110.75	110.75	105.23
41	21	56	17	512	500	120.84	120.84	120.17
41	23	105	25	512	500	127.50	127.50	124.13
41	35	223	12	512	500	144.76	144.76	134.32
42	3	109	26	512	500	83.50	83.50	83.41
42	4	72	11	512	500	83.44	82.94	83.44
42	15	254	27	512	500	96.07	96.07	90.94
42	20	182	28	512	500	105.32	105.32	99.56
43	5	55	22	512	500	98.42	97.45	98.42
43	9	12	11	512	500	102.48	100.42	102.48
43	15	351	16	512	500	127.31	127.31	109.94
43	18	453	29	512	500	139.33	139.33	114.70
43	19	197	32	512	500	126.15	126.15	117.58
43	22	264	32	512	500	134.65	134.65	123.75
43	27	58	30	512	500	121.12	120.92	121.12
43	35	304	25	512	500	148.67	148.67	134.93
44	5	239	20	512	500	87.64	87.64	84.99
44	15	338	35	512	500	102.56	102.56	92.69
44	19	226	30	512	500	101.52	101.52	96.00
44	20	57	31	512	500	96.44	96.41	96.44
44	29	122	17	512	500	100.13	100.13	99.19
45	7	110	24	512	500	90.01	90.01	89.96
45	15	191	17	512	500	94.13	94.13	92.36
45	26	97	9	512	500	98.54	98.54	97.52
45	27	429	30	512	500	113.53	113.53	104.53
45	29	414	17	512	500	113.46	113.46	104.39
45	32	308	22	512	500	108.82	108.82	100.58
46	16	241	28	512	500	105.60	105.60	94.44
46	17	53	3	512	500	94.40	94.40	93.12
46	25	62	19	512	500	105.53	105.53	105.00
46	31	45	20	512	500	109.86	109.86	109.74
46	31	282	31	512	500	126.38	126.38	114.09
47	8	30	9	512	500	93.86	92.84	93.86
47	9	227	15	512	500	102.49	102.49	95.62
47	13	275	14	512	500	117.21	117.21	104.82
47	24	254	25	512	500	124.64	124.64	110.81
47	27	101	21	512	500	116.65	116.65	112.07
47	34	316	33	512	500	139.78	139.78	125.86
48	11	248	31	512	500	85.59	85.59	82.11
48	24	407	25	512	500	99.20	99.20	89.83
48	26	233	18	512	500	93.72	93.72	89.71
48	28	384	15	512	500	103.30	103.30	94.52
49	7	398	28	512	500	94.82	94.82	83.86
49	12	454	33	512	500	102.51	102.51	83.76
49	13	506	34	512	500	119.62	119.62	94.03
49	14	49	17	512	500	83.48	83.48	82.52
49	16	366	23	512	500	104.78	104.78	86.55
49	19	333	35	512	500	110.91	110.91	92.22
49	23	71	27	512	500	90.82	90.82	89.85
49	33	435	22	512	500	121.36	121.36	98.93
50	2	37	14	512	500	67.34	65.44	67.34
50	9	37	11	512	500	76.40	75.30	76.40
50	32	496	32	512	500	103.27	103.27	90.87
51	17	419	30	512	500	116.33	116.33	97.57
51	19	308	32	512	500	110.87	110.87	97.22
51	23	299	35	512	500	114.30	114.30	98.68
51	33	326	23	512	500	116.97	116.97	103.37
52	7	23	20	512	500	76.10	73.90	76.10
52	7	139	24	512	500	76.94	76.94	76.53
52	7	433	28	512	500	89.38	89.38	81.97
52	14	193	17	512	500	83.90	83.90	79.76
52	15	14	1	512	500	77.68	76.31	77.68
52	24	16	14	512	500	85.33	84.39	85.33
52	29	206	13	512	500	94.14	94.14	88.53
52	33	380	22	512	500	103.37	103.37	90.93
52	34	206	18	512	500	95.37	95.37	90.08
52	34	231	13	512	500	95.51	95.51	90.00
53	15	79	30	512	500	94.81	94.81	94.15
53	18	42	33	512	500	92.12	91.10	92.12
53	20	103	21	512	500	106.48	106.48	103.83
53	27	119	27	512	500	111.38	111.38	104.27
53	29	60	8	512	500	105.19	105.19	103.85
53	29	460	28	512	500	138.75	138.75	113.49
53	30	108	7	512	500	110.03	110.03	105.75
53	30	371	15	512	500	140.37	140.37	111.89
54	11	117	10	512	500	82.70	77.53	82.70
54	12	439	33	512	500	89.45	89.45	82.52
54	29	381	16	512	500	94.23	94.23	84.25
54	34	155	11	512	500	86.39	86.39	84.76
54	34	409	28	512	500	99.28	99.28	90.90
55	9	142	22	512	500	77.70	77.70	75.37
55	15	291	35	512	500	91.75	91.75	79.70
55	16	198	10	512	500	87.76	87.76	78.97
55	29	357	21	512	500	111.20	111.20	87.32
55	33	280	24	512	500	101.96	101.96	89.49
55	34	297	11	512	500	101.83	101.83	86.47
56	14	277	11	512	500	78.64	78.64	69.80
56	17	197	24	512	500	76.27	76.27	72.40
56	29	328	22	512	500	90.17	90.17	78.79
56	34	280	11	512	500	88.97	88.97	78.34
56	34	448	35	512	500	91.58	91.58	77.88
57	17	432	21	512	500	103.71	103.71	82.78
57	19	52	12	512	500	83.76	83.64	83.76
57	20	292	21	512	500	105.20	105.20	89.24
57	22	94	34	512	500	89.25	89.25	86.68
58	9	38	29	512	500	76.21	74.17	76.21
58	22	148	13	512	500	94.79	94.79	87.26
59	3	193	27	512	500	80.11	80.11	79.65
59	7	264	34	512	500	96.43	96.43	92.70
59	11	222	25	512	500	91.95	91.95	86.32
59	34	231	20	512	500	115.04	115.04	104.33
59	35	157	8	512	500	110.13	110.13	101.91
60	3	55	32	512	500	62.65	61.58	62.65
60	7	385	19	512	500	79.46	79.46	75.02
60	20	230	35	512	500	78.86	78.86	77.39
61	10	165	32	512	500	85.13	85.13	82.21
61	23	260	16	512	500	112.17	112.17	99.46
61	24	292	34	512	500	116.65	116.65	102.55
61	26	165	16	512	500	100.73	100.73	92.70
61	28	70	34	512	500	94.68	94.68	94.19
62	11	24	20	512	500	73.70	71.00	73.70
62	11	182	35	512	500	81.28	81.28	77.19
62	11	391	21	512	500	91.86	91.86	77.83
62	15	60	32	512	500	76.95	76.26	76.95
62	19	365	24	512	500	106.72	106.72	87.81
62	33	31	19	512	500	89.73	88.60	89.73
63	15	88	7	512	500	70.37	70.27	70.37
63	23	66	23	512	500	74.45	74.23	74.45
63	28	268	19	512	500	83.78	83.78	76.82
63	30	101	29	512	500	81.87	81.87	81.71
64	22	241	20	512	500	69.99	69.99	67.30
64	23	56	29	512	500	68.23	67.80	68.23
64	25	260	26	512	500	74.20	74.20	70.25
64	28	149	32	512	500	69.10	69.10	68.10
64	29	217	28	512	500	70.65	70.65	68.15
64	31	328	35	512	500	77.92	77.92	70.03
65	8	206	21	512	500	73.47	73.47	69.38
65	15	373	21	512	500	92.89	92.89	73.37
65	22	68	35	512	500	75.91	75.91	75.54
65	25	44	26	512	500	76.22	74.85	76.22
65	26	110	10	512	500	79.30	79.30	75.23
65	26	174	9	512	500	84.33	84.33	76.13
66	9	43	24	512	500	63.39	61.46	63.39
66	24	193	22	512	500	74.91	74.91	70.59
66	26	29	27	512	500	70.86	68.74	70.86
66	27	150	28	512	500	72.34	72.34	70.27
66	32	118	16	512	500	71.13	71.13	69.56
66	33	59	26	512	500	70.30	69.72	70.30
66	34	41	22	512	500	71.95	70.40	71.95
67	8	210	34	512	500	83.60	83.60	80.65
67	19	355	22	512	500	110.77	110.77	90.78
67	26	110	6	512	500	91.99	91.99	87.42
67	27	146	29	512	500	96.11	96.11	90.74
67	32	238	10	512	500	104.08	104.08	91.25
67	33	479	31	512	500	131.53	131.53	104.46
68	16	43	27	512	500	67.59	65.57	67.59
68	27	93	20	512	500	72.98	72.76	72.98
68	30	487	33	512	500	92.80	92.80	78.62
68	32	93	10	512	500	73.64	73.64	73.18
68	32	434	27	512	500	88.79	88.79	74.75
69	8	68	14	512	500	65.19	64.30	65.19
69	9	129	26	512	500	71.01	71.01	70.88
69	9	220	32	512	500	73.52	73.52	70.41
69	12	346	20	512	500	85.40	85.40	71.80
69	12	413	24	512	500	90.17	90.17	75.26
69	14	335	34	512	500	88.29	88.29	75.07
69	20	99	24	512	500	76.65	76.65	75.30
69	20	149	15	512	500	81.19	81.19	76.26
69	29	297	34	512	500	99.48	99.48	86.62
70	5	249	32	512	500	58.14	58.14	56.95
70	29	361	33	512	500	81.25	81.25	65.37
70	30	297	19	512	500	80.12	80.12	67.01
70	31	101	28	512	500	64.72	64.72	64.53
71	8	166	20	512	500	74.02	74.02	72.56
71	14	4	2	512	500	78.69	76.15	78.69
71	22	79	27	512	500	82.88	82.88	82.54
71	23	145	8	512	500	88.56	88.56	82.17
71	26	72	29	512	500	85.02	83.09	85.02
72	10	239	17	512	500	61.90	61.90	59.89
72	14	358	33	512	500	69.58	69.58	63.46
72	22	178	15	512	500	68.52	68.52	65.45
73	17	234	26	512	500	82.60	82.60	79.25
73	24	269	23	512	500	104.57	104.57	92.74
73	29	204	9	512	500	96.27	96.27	85.14
73	31	173	29	512	500	98.45	98.45	93.45
73	32	294	33	512	500	110.00	110.00	97.01
73	32	512	22	512	500	inf		
74	6	331	33	512	500	74.16	74.16	68.64
74	11	131	25	512	500	68.92	68.83	68.92
74	15	312	20	512	500	86.00	86.00	73.57
74	21	196	28	512	500	85.69	85.69	78.20
74	25	53	21	512	500	75.52	74.07	75.52
74	31	203	17	512	500	91.43	91.43	81.75
74	33	71	30	512	500	80.37	80.37	79.95
75	11	248	20	512	500	60.97	60.97	58.96
75	21	396	34	512	500	77.33	77.33	69.59
75	25	249	19	512	500	67.41	67.41	64.18
75	29	322	24	512	500	74.79	74.79	69.46
75	30	188	9	512	500	67.90	67.90	64.00
75	32	186	22	512	500	67.69	67.69	64.91
76	8	136	27	512	500	57.50	57.26	57.50
76	16	17	5	512	500	61.34	59.26	61.34
76	19	164	33	512	500	67.91	67.91	65.13
76	28	164	27	512	500	69.24	69.24	67.30
77	5	22	13	512	500	55.66	51.56	55.66
77	6	315	32	512	500	65.96	65.96	62.84
77	13	130	31	512	500	62.38	62.38	61.91
77	15	155	26	512	500	64.23	64.23	60.99
77	20	488	28	512	500	101.87	101.87	72.24
77	22	508	28	512	500	100.64	100.64	74.01
77	23	185	30	512	500	72.03	72.03	66.05
77	25	232	29	512	500	76.49	76.49	67.24
77	26	122	7	512	500	67.79	67.79	61.83
77	32	256	33	512	500	83.08	83.08	68.78
78	27	328	17	512	500	80.50	80.50	66.27
78	29	259	11	512	500	77.65	77.65	65.82
78	30	452	28	512	500	84.54	84.54	70.57
78	31	169	15	512	500	67.15	67.15	64.48
79	12	401	24	512	500	88.39	88.39	76.12
79	14	284	14	512	500	94.31	94.31	80.96
79	16	224	27	512	500	82.26	82.26	73.96
79	35	465	23	512	500	119.71	119.71	95.37
80	13	105	23	512	500	54.65	54.59	54.65
81	6	138	31	512	500	56.60	56.17	56.60
81	24	51	17	512	500	61.38	60.05	61.38
81	24	150	11	512	500	62.57	62.57	60.75
82	23	428	32	512	500	103.28	103.28	81.95
82	32	33	20	512	500	74.35	72.24	74.35
82	34	153	9	512	500	80.25	80.25	74.73
83	8	70	16	512	500	64.61	62.61	64.61
83	12	484	35	512	500	94.29	94.29	73.65
83	18	299	13	512	500	95.72	95.72	84.74
83	19	356	21	512	500	103.48	103.48	87.58
83	22	340	30	512	500	102.82	102.82	85.12
84	12	191	35	512	500	55.73	55.73	54.81
84	15	243	24	512	500	57.94	57.94	56.14
84	18	51	23	512	500	55.18	53.47	55.18
84	21	369	30	512	500	68.28	68.28	61.34
84	26	307	19	512	500	69.91	69.91	62.65
84	31	218	20	512	500	62.13	62.13	58.94
84	35	468	32	512	500	74.35	74.35	66.33
85	13	297	33	512	500	75.23	75.23	63.32
85	13	456	34	512	500	88.46	88.46	68.64
85	14	440	22	512	500	86.22	86.22	65.47
85	15	483	26	512	500	88.37	88.37	67.53
85	23	450	18	512	500	101.26	101.26	75.66
85	29	231	18	512	500	81.30	81.30	66.62
85	31	396	18	512	500	91.61	91.61	69.40
86	17	509	29	512	500	92.72	92.72	71.00
86	19	325	29	512	500	89.18	89.18	71.83
86	23	484	29	512	500	99.97	99.97	75.75
86	29	407	28	512	500	102.77	102.77	76.76
87	9	287	35	512	500	67.98	67.98	61.88
87	17	481	23	512	500	89.51	89.51	68.40
87	24	38	8	512	500	63.40	62.49	63.40
87	35	481	23	512	500	inf		
88	8	23	5	512	500	48.55	46.08	48.55
88	8	309	32	512	500	56.44	56.44	52.19
88	19	494	20	512	500	71.81	71.81	58.77
88	31	316	24	512	500	73.16	73.16	62.00
89	25	61	34	512	500	74.70	72.96	74.70
89	27	145	9	512	500	80.48	80.48	74.30
89	29	277	30	512	500	104.52	104.52	92.13
89	29	294	22	512	500	103.27	103.27	88.39
89	31	277	15	512	500	106.29	106.29	93.42
89	35	366	28	512	500	108.14	108.14	90.99
90	11	97	7	512	500	51.76	51.25	51.76
90	27	202	15	512	500	59.39	59.39	56.61
90	28	92	25	512	500	56.82	55.86	56.82
90	28	191	10	512	500	59.55	59.55	56.47
90	30	365	24	512	500	72.04	72.04	61.87
91	4	125	30	512	500	50.22	47.63	50.22
91	9	338	25	512	500	67.50	67.50	57.05
91	10	94	29	512	500	55.67	51.67	55.67
91	14	107	28	512	500	56.52	54.41	56.52
91	17	32	14	512	500	54.10	50.33	54.10
91	23	122	21	512	500	60.64	60.64	59.49
91	29	332	33	512	500	81.51	81.51	65.19
91	32	376	22	512	500	83.19	83.19	62.54
92	8	204	12	512	500	51.16	51.16	48.97
92	11	13	9	512	500	49.67	46.49	49.67
92	17	186	13	512	500	55.93	55.93	53.25
92	22	180	11	512	500	62.94	62.94	57.36
92	26	143	18	512	500	61.21	61.21	59.16
92	27	157	7	512	500	62.06	62.06	59.63
92	31	209	15	512	500	67.97	67.97	62.84
93	13	399	21	512	500	85.42	85.42	66.59
93	19	142	31	512	500	67.29	67.29	66.35
93	24	33	18	512	500	62.61	59.60	62.61
93	27	354	17	512	500	89.15	89.15	68.62
93	32	22	15	512	500	65.99	62.24	65.99
93	32	272	14	512	500	84.95	84.95	71.71
94	11	301	29	512	500	70.97	70.97	64.40
94	17	57	8	512	500	57.50	56.83	57.50
94	19	346	19	512	500	83.16	83.16	67.29
94	31	218	17	512	500	79.65	79.65	78.26
95	16	143	26	512	500	59.80	59.80	58.05
95	30	60	28	512	500	61.27	58.83	61.27
95	30	138	26	512	500	65.28	65.28	64.71
95	30	169	21	512	500	67.15	67.15	62.60
95	31	64	28	512	500	61.81	59.42	61.81
96	15	122	6	512	500	46.81	46.81	46.03
96	24	497	28	512	500	64.66	64.66	58.08
96	26	286	32	512	500	55.92	55.92	52.29
97	10	263	16	512	500	107.77	107.77	102.27
97	10	436	28	512	500	80.98	80.98	67.87
97	15	417	26	512	500	89.24	89.24	74.13
97	19	189	11	512	500	80.69	80.69	72.52
97	30	328	17	512	500	104.70	104.70	86.78
98	4	29	25	512	500	44.18	39.85	44.18
98	20	483	29	512	500	61.91	61.91	49.97
99	12	128	14	512	500	49.79	49.11	49.79
99	23	338	33	512	500	64.97	64.97	56.24
99	25	278	28	512	500	64.85	64.85	59.05
99	26	208	18	512	500	57.66	57.66	55.31
100	9	71	30	512	500	45.85	44.22	45.85
100	23	253	15	512	500	51.38	51.38	48.72
100	34	35	8	512	500	50.40	49.26	50.40
101	5	183	31	512	500	79.89	76.43	79.89
101	8	290	32	512	500	90.88	90.88	85.28
101	9	91	13	512	500	60.75	57.59	60.75
101	14	42	2	512	500	56.91	55.92	56.91
101	17	188	35	512	500	75.62	75.62	72.18
101	27	297	32	512	500	113.61	113.61	100.56
101	27	372	18	512	500	95.08	95.08	76.93
102	8	322	33	512	500	53.51	53.51	49.27
102	11	255	28	512	500	48.76	48.76	46.73
102	13	292	30	512	500	60.37	60.37	53.96
102	20	313	30	512	500	64.63	64.63	55.64
102	20	317	32	512	500	66.92	66.92	56.89
102	26	401	23	512	500	65.70	65.70	54.51
102	35	186	26	512	500	59.66	59.66	56.30
103	11	92	5	512	500	53.80	53.80	53.14
103	29	75	18	512	500	68.15	68.15	67.59
103	35	102	24	512	500	71.12	69.77	71.12
104	12	220	22	512	500	48.78	48.78	47.42
104	15	143	27	512	500	51.50	51.05	51.50
104	25	239	18	512	500	59.31	59.31	53.55
104	27	360	23	512	500	69.42	69.42	57.98
104	30	216	18	512	500	62.82	62.82	56.18
104	35	481	18	512	500	75.74	75.74	63.22
105	14	245	18	512	500	50.37	50.37	48.50
105	23	253	28	512	500	57.02	57.02	53.53
105	27	241	23	512	500	55.62	55.62	53.64
105	28	367	26	512	500	60.78	60.78	54.64
105	32	179	12	512	500	55.70	55.70	51.76
106	14	34	26	512	500	56.28	51.09	56.28
106	14	152	23	512	500	60.28	60.28	58.57
106	22	151	19	512	500	64.66	64.66	64.51
106	27	71	33	512	500	62.18	61.07	62.18
106	29	197	8	512	500	74.82	74.82	66.55
107	13	84	18	512	500	58.64	58.27	58.64
107	19	28	17	512	500	60.84	56.78	60.84
107	27	359	14	512	500	103.30	103.30	78.82
107	30	122	12	512	500	68.20	68.20	65.73
107	30	357	29	512	500	107.55	107.55	86.66
108	8	158	16	512	500	43.70	43.69	43.70
108	17	434	31	512	500	58.04	58.04	51.99
108	24	169	35	512	500	49.42	49.42	47.93
108	26	84	29	512	500	48.56	46.95	48.56
108	26	170	15	512	500	52.25	50.26	52.25
108	28	185	25	512	500	52.01	52.01	49.95
108	35	124	20	512	500	49.57	48.86	49.57
108	35	161	20	512	500	50.04	50.04	48.72
109	13	67	31	512	500	61.46	56.38	61.46
109	26	100	27	512	500	65.62	65.62	64.80
109	35	338	34	512	500	111.79	111.79	96.43
110	10	137	28	512	500	44.66	42.41	44.66
110	11	171	10	512	500	43.81	43.81	41.59
110	21	170	34	512	500	48.83	48.83	48.64
110	21	449	20	512	500	65.32	65.32	51.40
110	23	178	13	512	500	49.31	49.31	46.27
110	25	123	28	512	500	45.69	45.69	45.55
110	34	94	34	512	500	49.43	49.43	48.10
111	9	148	27	512	500	52.30	50.13	52.30
111	10	38	15	512	500	49.05	44.75	49.05
111	17	114	30	512	500	57.33	53.79	57.33
111	23	45	23	512	500	57.55	53.22	57.55
111	31	306	33	512	500	89.15	89.15	70.23
111	32	435	22	512	500	88.41	88.41	68.95
112	11	381	26	512	500	46.26	46.26	42.47
112	16	477	34	512	500	48.66	48.66	43.26
112	18	83	9	512	500	41.28	40.54	41.28
112	34	80	26	512	500	44.96	43.72	44.96
113	8	209	30	512	500	69.83	69.83	68.87
113	11	153	28	512	500	61.75	60.74	61.75
113	14	425	33	512	500	83.48	83.48	67.79
113	15	189	10	512	500	77.49	77.49	72.88
113	28	49	3	512	500	62.33	62.16	62.33
113	28	230	15	512	500	81.86	81.86	69.60
113	31	352	31	512	500	106.65	106.65	90.85
114	14	230	15	512	500	47.51	47.51	44.30
114	28	44	13	512	500	49.78	46.72	49.78
115	6	172	24	512	500	50.77	47.42	50.77
115	19	174	24	512	500	58.18	58.18	56.59
115	25	130	8	512	500	66.77	66.77	63.29
115	30	270	23	512	500	72.48	72.48	62.02
115	33	131	30	512	500	60.91	60.20	60.91
115	33	145	28	512	500	62.00	62.00	61.83
115	34	289	19	512	500	72.64	72.64	61.71
116	15	30	4	512	500	44.78	41.89	44.78
116	33	266	23	512	500	71.35	71.35	59.09
117	5	150	26	512	500	44.55	41.67	44.55
117	8	456	35	512	500	49.47	49.47	44.98
117	15	105	9	512	500	45.93	45.21	45.93
117	18	64	21	512	500	47.72	44.80	47.72
118	17	42	9	512	500	50.21	47.30	50.21
118	30	43	7	512	500	58.14	56.53	58.14
119	10	189	18	512	500	48.83	48.83	48.30
119	11	29	19	512	500	47.13	39.85	47.13
119	12	193	18	512	500	49.88	49.88	48.34
119	20	220	30	512	500	60.64	60.64	54.45
119	26	266	29	512	500	66.10	66.10	57.91
119	27	366	15	512	500	73.85	73.85	54.08
119	34	289	12	512	500	73.27	73.27	55.61
120	11	87	35	512	500	39.94	38.29	39.94
120	12	306	17	512	500	48.38	48.38	45.75
120	14	246	12	512	500	44.69	44.69	42.92
120	24	357	24	512	500	48.80	48.80	44.33
120	32	59	24	512	500	42.60	41.46	42.60
120	33	334	19	512	500	49.97	49.97	44.79
121	8	355	33	512	500	57.48	57.48	52.52
121	9	218	21	512	500	47.42	47.42	45.90
121	9	361	30	512	500	53.41	53.41	49.50
121	10	311	33	512	500	54.37	54.37	48.19
121	20	196	29	512	500	56.48	56.48	53.62
121	20	340	34	512	500	68.50	68.50	54.11
121	22	512	30	512	500	83.74	83.74	60.45
121	23	222	27	512	500	56.96	56.96	50.94
121	32	122	5	512	500	48.58	48.58	44.96
122	6	191	35	512	500	57.87	56.22	57.87
122	16	39	35	512	500	51.59	46.43	51.59
122	17	487	26	512	500	80.47	80.47	63.13
122	21	360	16	512	500	78.07	78.07	61.52
122	28	58	20	512	500	59.17	55.95	59.17
122	34	114	6	512	500	62.20	62.20	59.21
122	34	284	29	512	500	92.75	92.75	85.27
122	34	394	28	512	500	85.41	85.41	69.50
123	7	155	22	512	500	48.30	45.92	48.30
123	29	395	18	512	500	81.66	81.66	62.02
123	31	83	15	512	500	58.41	56.13	58.41
123	31	352	26	512	500	82.99	82.99	68.57
124	10	61	7	512	500	39.49	38.32	39.49
124	17	422	21	512	500	58.64	58.64	49.56
124	19	130	27	512	500	49.94	48.72	49.94
125	12	428	29	512	500	46.18	46.18	43.99
125	14	229	16	512	500	39.61	39.61	38.63
125	23	129	19	512	500	45.26	45.06	45.26
125	25	68	16	512	500	46.14	44.65	46.14
125	28	134	14	512	500	41.88	41.88	41.61
125	34	88	9	512	500	45.06	43.98	45.06
126	9	36	10	512	500	41.67	38.86	41.67
126	10	364	34	512	500	46.35	46.35	43.18
126	15	155	22	512	500	43.15	43.15	41.32
126	18	146	21	512	500	41.83	41.31	41.83
126	22	475	23	512	500	53.85	53.85	44.69
126	26	356	18	512	500	55.02	55.02	44.89
127	10	244	30	512	500	57.67	57.67	54.98
127	16	30	15	512	500	54.01	48.44	54.01
127	26	372	19	512	500	110.46	110.46	88.36
127	30	330	24	512	500	128.77	128.77	111.00
128	9	320	24	512	500	40.29	40.29	38.88
128	12	325	30	512	500	42.14	42.14	40.50
128	16	300	30	512	500	42.83	42.83	41.10
128	19	389	23	512	500	50.31	50.31	45.74
128	22	88	7	512	500	39.53	38.85	39.53
128	24	94	12	512	500	40.07	39.17	40.07
128	25	128	30	512	500	39.42	39.21	39.42
128	26	240	14	512	500	41.31	41.31	39.63
129	5	33	21	512	500	44.91	38.47	44.91
129	20	36	26	512	500	53.24	47.00	53.24
129	34	296	28	512	500	81.02	81.02	71.20
130	13	53	6	512	500	39.21	36.54	39.21
130	17	331	20	512	500	49.72	49.72	42.71
130	20	500	24	512	500	60.21	60.21	48.04
130	21	154	16	512	500	43.84	43.70	43.84
130	25	300	22	512	500	55.14	55.14	45.27
130	26	167	30	512	500	44.87	44.37	44.87
130	28	67	21	512	500	44.89	41.59	44.89
131	19	464	22	512	500	80.64	80.64	61.24
131	25	197	26	512	500	86.34	86.34	84.36
131	26	376	19	512	500	115.08	115.08	92.28
132	13	322	26	512	500	48.24	48.24	42.54
132	13	366	21	512	500	46.86	46.86	41.47
132	14	100	14	512	500	41.27	39.08	41.27
132	18	57	27	512	500	42.14	38.33	42.14
132	22	363	23	512	500	50.23	50.23	44.03
132	30	326	21	512	500	52.80	52.80	45.53
133	30	166	22	512	500	54.55	54.55	52.23
134	9	65	20	512	500	48.20	42.00	48.20
134	23	59	35	512	500	56.19	50.88	56.19
134	28	497	21	512	500	91.49	91.49	66.17
134	29	307	26	512	500	94.09	94.09	85.23
135	14	312	27	512	500	48.60	48.60	44.75
135	16	295	35	512	500	48.66	48.66	44.91
136	16	446	24	512	500	55.12	55.12	47.41
136	20	41	9	512	500	42.60	39.18	42.60
136	30	191	17	512	500	52.12	52.12	48.60
136	34	454	33	512	500	61.58	61.58	48.64
137	9	34	34	512	500	53.90	42.69	53.90
137	20	6	3	512	500	56.87	52.61	56.87
137	20	158	29	512	500	60.67	60.67	60.15
137	30	171	24	512	500	100.65	100.65	96.47
137	32	7	5	512	500	61.14	56.01	61.14
137	33	142	34	512	500	69.83	69.83	69.42
138	14	276	24	512	500	49.55	49.55	44.90
138	15	33	25	512	500	46.88	41.42	46.88
138	22	334	28	512	500	61.65	61.65	53.85
138	28	34	8	512	500	44.84	40.89	44.84
139	10	167	14	512	500	50.61	49.39	50.61
139	12	102	14	512	500	51.31	47.63	51.31
139	13	183	11	512	500	94.50	94.50	90.78
139	15	115	10	512	500	54.25	54.25	53.23
139	16	314	24	512	500	111.98	111.98	102.10
139	18	187	12	512	500	91.79	91.79	86.79
139	21	72	4	512	500	52.19	52.19	51.50
139	32	162	30	512	500	67.30	67.30	66.49
140	19	264	28	512	500	44.80	44.80	42.22
140	21	299	22	512	500	44.55	44.55	41.03
140	23	298	23	512	500	45.12	45.12	41.49
140	31	176	27	512	500	42.61	42.61	41.15
140	34	211	20	512	500	41.70	41.70	40.21
141	13	123	25	512	500	50.17	47.14	50.17
141	14	447	24	512	500	73.43	73.43	58.67
141	25	83	29	512	500	55.05	49.97	55.05
141	29	381	30	512	500	79.01	79.01	63.15
141	32	145	9	512	500	56.22	56.22	52.39
141	34	411	19	512	500	84.66	84.66	67.46
141	34	417	18	512	500	87.39	87.39	60.70
142	16	279	19	512	500	94.94	94.94	87.77
142	16	502	29	512	500	76.95	76.95	58.35
142	22	431	21	512	500	83.45	83.45	60.57
142	27	282	12	512	500	94.19	94.19	82.56
142	31	236	16	512	500	66.94	66.94	60.16
142	32	290	32	512	500	85.86	85.86	76.14
142	33	236	32	512	500	67.13	67.13	62.31
143	10	31	12	512	500	39.56	34.00	39.56
143	14	64	10	512	500	41.23	38.10	41.23
143	14	378	20	512	500	59.60	59.60	47.44
143	17	158	23	512	500	46.32	46.32	45.43
143	18	213	13	512	500	50.15	50.15	45.18
143	24	120	13	512	500	46.91	46.77	46.91
143	33	19	17	512	500	47.16	40.35	47.16
144	15	211	32	512	500	37.17	37.17	36.63
144	16	140	23	512	500	36.93	35.09	36.93
144	19	234	20	512	500	38.17	38.17	36.59
144	22	107	16	512	500	35.88	35.51	35.88
144	25	415	26	512	500	42.91	42.91	38.02
144	28	344	20	512	500	45.14	45.14	38.87
145	13	269	21	512	500	69.35	69.35	66.25
146	32	415	23	512	500	85.19	85.19	67.86
146	33	380	32	512	500	88.93	88.93	76.98
147	14	202	11	512	500	38.97	38.97	38.38
147	15	53	18	512	500	36.22	34.40	36.22
147	20	185	13	512	500	41.84	41.84	40.91
147	34	492	22	512	500	48.47	48.47	41.09
147	35	362	19	512	500	48.84	48.84	41.83
148	10	297	22	512	500	52.77	52.77	49.63
148	11	56	4	512	500	36.84	33.43	36.84
148	12	446	31	512	500	50.84	50.84	46.09
148	13	359	23	512	500	50.01	50.01	44.19
148	16	150	12	512	500	41.55	39.99	41.55
148	22	49	5	512	500	45.94	39.93	45.94
148	27	178	14	512	500	50.15	50.15	47.79
148	29	392	21	512	500	65.52	65.52	55.56
149	17	96	8	512	500	53.07	51.53	53.07
149	19	186	30	512	500	98.33	98.33	97.26
149	23	99	27	512	500	59.23	55.64	59.23
149	26	20	9	512	500	57.29	51.31	57.29
149	27	159	27	512	500	65.62	65.62	63.78
149	27	230	22	512	500	73.12	73.12	67.50
149	33	253	14	512	500	73.57	73.57	65.27
150	17	210	30	512	500	35.84	35.51	35.84
150	17	414	21	512	500	43.44	43.44	40.15
150	26	67	19	512	500	36.64	35.05	36.64
150	33	297	22	512	500	42.63	42.63	40.27
151	11	40	30	512	500	69.27	56.34	69.27
151	12	101	6	512	500	46.84	45.96	46.84
151	20	262	12	512	500	157.51	157.51	150.50
151	25	499	26	512	500	87.25	87.25	66.41
151	30	233	31	512	500	72.22	72.22	68.41
151	32	88	9	512	500	66.07	64.87	66.07
152	16	106	34	512	500	43.12	39.30	43.12
152	24	130	8	512	500	45.08	44.56	45.08
152	24	154	24	512	500	46.02	44.78	46.02
152	29	36	31	512	500	47.55	41.76	47.55
152	30	295	30	512	500	62.97	62.97	55.15
153	8	144	18	512	500	37.95	36.65	37.95
153	25	86	31	512	500	44.79	42.01	44.79
153	27	451	27	512	500	57.87	57.87	49.90
153	28	204	23	512	500	46.97	46.92	46.97
153	30	264	18	512	500	55.26	55.26	48.63
154	10	341	29	512	500	46.47	46.47	41.86
154	13	253	19	512	500	37.07	37.07	34.86
154	18	124	31	512	500	37.42	33.82	37.42
154	24	76	8	512	500	37.95	35.55	37.95
154	32	171	32	512	500	43.00	43.00	39.73
155	16	250	20	512	500	50.50	50.50	47.49
155	29	234	30	512	500	59.06	59.06	54.17
155	30	319	34	512	500	85.49	85.49	74.15
156	28	357	32	512	500	47.78	47.78	41.96
157	11	207	22	512	500	81.63	80.41	81.63
157	22	31	24	512	500	57.69	49.78	57.69
157	24	406	19	512	500	109.54	109.54	89.52
157	32	216	34	512	500	81.58	81.58	80.17
157	33	439	32	512	500	115.41	115.41	95.31
158	15	15	7	512	500	43.91	38.23	43.91
158	19	205	28	512	500	65.89	64.46	65.89
158	21	45	4	512	500	45.59	43.45	45.59
158	22	179	9	512	500	75.59	75.59	69.27
158	24	273	24	512	500	107.56	107.56	101.68
159	22	299	16	512	500	84.30	84.30	75.47
159	25	100	5	512	500	47.08	47.08	45.11
159	32	391	34	512	500	76.28	76.28	63.83
160	8	191	29	512	500	34.77	33.30	34.77
160	8	194	29	512	500	33.94	32.43	33.94
160	11	320	30	512	500	37.09	37.09	35.78
160	18	390	33	512	500	43.45	43.45	40.56
160	25	161	35	512	500	36.50	36.03	36.50
160	29	34	2	512	500	35.16	33.25	35.16
161	15	87	23	512	500	50.85	41.39	50.85
161	18	91	35	512	500	45.70	40.51	45.70
161	27	206	27	512	500	57.37	57.37	53.72
161	30	139	29	512	500	51.71	49.75	51.71
161	30	208	32	512	500	54.89	54.89	54.33
161	34	71	32	512	500	50.66	44.77	50.66
162	10	119	22	512	500	41.85	38.60	41.85
162	11	220	20	512	500	36.43	35.70	36.43
162	16	227	17	512	500	37.30	37.30	37.13
162	23	196	30	512	500	40.93	40.42	40.93
162	27	411	32	512	500	47.83	47.83	40.52
162	31	416	32	512	500	53.56	53.56	46.03
162	31	446	28	512	500	52.03	52.03	45.02
162	32	16	11	512	500	38.83	35.37	38.83
162	33	96	11	512	500	39.33	37.22	39.33
163	12	442	34	512	500	90.26	90.26	83.25
163	30	238	14	512	500	69.50	69.50	64.12
164	12	316	22	512	500	52.83	52.83	48.17
164	25	115	17	512	500	42.25	41.24	42.25
164	26	142	33	512	500	46.40	43.46	46.40
164	26	299	32	512	500	61.66	61.66	52.66
164	32	194	22	512	500	55.42	55.42	54.17
165	12	184	22	512	500	38.42	36.75	38.42
165	15	116	26	512	500	38.80	36.03	38.80
165	17	130	12	512	500	35.50	35.31	35.50
165	18	340	23	512	500	44.81	44.81	40.12
165	19	355	25	512	500	45.98	45.98	40.46
166	13	212	17	512	500	62.02	62.02	59.00
166	21	326	15	512	500	98.20	98.20	87.65
166	22	120	30	512	500	59.75	54.29	59.75
166	25	142	28	512	500	55.63	53.21	55.63
166	25	379	17	512	500	86.64	86.64	70.82
166	28	283	17	512	500	111.08	111.08	101.09
166	28	320	33	512	500	110.48	110.48	101.12
166	29	124	25	512	500	57.37	52.87	57.37
166	32	241	13	512	500	67.86	67.86	56.69
167	16	109	35	512	500	71.88	66.58	71.88
167	16	490	31	512	500	75.33	75.33	58.18
167	19	111	29	512	500	80.79	73.63	80.79
167	23	496	34	512	500	85.74	85.74	65.80
167	27	119	17	512	500	61.49	58.71	61.49
167	34	345	23	512	500	153.09	153.09	141.46
168	10	59	28	512	500	31.27	28.29	31.27
168	12	38	34	512	500	32.50	28.95	32.50
168	19	304	19	512	500	39.78	39.78	37.45
168	19	451	23	512	500	44.72	44.72	39.41
168	28	357	20	512	500	42.24	42.24	36.20
168	29	236	27	512	500	34.80	34.80	34.10
168	33	37	12	512	500	34.35	31.62	34.35
168	33	49	31	512	500	35.63	32.68	35.63
168	34	446	18	512	500	40.57	40.57	34.74
169	12	106	27	512	500	44.60	40.19	44.60
169	18	110	6	512	500	37.51	37.51	36.70
169	24	464	24	512	500	73.00	73.00	54.88
169	25	49	3	512	500	36.25	34.04	36.25
169	25	199	31	512	500	53.28	49.67	53.28
169	28	48	3	512	500	36.85	35.74	36.85
169	31	505	29	512	500	87.00	87.00	60.85
169	33	178	33	512	500	52.80	52.80	51.80
170	12	254	22	512	500	34.75	34.27	34.75
170	14	447	33	512	500	56.43	56.43	49.09
170	19	84	30	512	500	40.68	34.77	40.68
170	22	285	25	512	500	49.08	49.08	42.26
170	26	158	23	512	500	41.35	39.23	41.35
170	26	225	18	512	500	40.21	40.21	38.13
171	10	143	33	512	500	37.50	34.67	37.50
171	30	195	31	512	500	43.36	43.36	43.35
171	31	17	14	512	500	42.65	38.03	42.65
171	31	336	21	512	500	51.35	51.35	46.65
172	17	104	29	512	500	39.27	36.08	39.27
172	19	279	23	512	500	57.83	57.83	52.25
172	20	125	9	512	500	36.56	36.56	36.44
172	20	509	29	512	500	58.14	58.14	45.68
172	21	268	13	512	500	64.99	64.99	58.44
172	23	53	5	512	500	39.13	35.34	39.13
172	24	153	11	512	500	42.79	41.35	42.79
173	13	135	29	512	500	99.25	92.22	99.25
173	32	411	35	512	500	126.50	126.50	105.85
174	12	73	7	512	500	34.59	30.49	34.59
174	20	471	28	512	500	54.62	54.62	46.12
174	23	80	30	512	500	42.14	36.59	42.14
174	25	371	18	512	500	51.29	51.29	41.82
174	28	116	26	512	500	41.93	37.89	41.93
175	13	24	23	512	500	34.32	29.90	34.32
175	13	250	24	512	500	32.43	31.46	32.43
175	13	415	29	512	500	35.02	35.02	33.05
175	14	91	27	512	500	32.63	29.92	32.63
175	20	83	30	512	500	33.98	31.60	33.98
175	20	104	16	512	500	34.69	33.02	34.69
175	27	236	13	512	500	34.17	34.17	33.72
175	30	355	27	512	500	39.79	39.79	35.53
175	32	125	20	512	500	34.57	33.49	34.57
175	32	264	24	512	500	39.68	39.68	38.89
176	11	145	16	512	500	32.08	29.70	32.08
176	11	273	29	512	500	34.42	34.36	34.42
176	12	231	23	512	500	30.35	29.92	30.35
176	30	120	25	512	500	33.50	32.60	33.50
176	30	403	31	512	500	39.49	39.49	34.49
177	10	20	7	512	500	37.97	32.02	37.97
177	14	144	17	512	500	49.65	47.06	49.65
177	17	54	35	512	500	45.68	38.17	45.68
177	23	249	17	512	500	60.01	60.01	53.64
177	23	479	34	512	500	78.96	78.96	53.25
178	15	150	17	512	500	57.29	53.86	57.29
178	17	65	19	512	500	52.37	45.12	52.37
178	23	476	22	512	500	80.85	80.85	60.95
178	25	41	5	512	500	45.62	41.81	45.62
178	29	506	24	512	500	79.65	79.65	57.07
178	31	366	31	512	500	104.50	104.50	90.36
179	18	168	18	512	500	50.64	49.73	50.64
180	21	47	11	512	500	31.88	29.59	31.88
180	23	82	11	512	500	32.10	30.52	32.10
180	25	226	35	512	500	33.81	33.24	33.81
180	25	264	26	512	500	38.76	38.76	36.84
180	25	384	28	512	500	36.91	36.91	34.24
180	27	67	32	512	500	34.09	31.37	34.09
181	13	233	25	512	500	65.36	65.36	64.44
181	18	180	27	512	500	124.73	123.41	124.73
181	18	189	18	512	500	110.16	110.16	108.83
181	19	192	23	512	500	109.93	108.95	109.93
181	24	379	25	512	500	118.45	118.45	102.57
181	33	245	27	512	500	67.11	67.11	62.59
182	20	144	16	512	500	38.59	35.77	38.59
182	30	88	26	512	500	39.78	33.92	39.78
182	31	56	24	512	500	40.04	32.54	40.04
183	17	39	10	512	500	42.06	35.40	42.06
183	17	483	27	512	500	69.67	69.67	57.10
183	19	132	7	512	500	53.94	53.94	53.49
183	30	408	28	512	500	81.00	81.00	66.22
183	31	288	29	512	500	97.77	97.77	93.70
183	35	244	24	512	500	65.42	62.71	65.42
184	9	52	6	512	500	33.54	28.20	33.54
184	17	304	23	512	500	57.70	57.70	52.55
184	19	223	31	512	500	42.94	42.09	42.94
184	22	40	4	512	500	37.81	33.64	37.81
184	30	432	35	512	500	63.89	63.89	49.29
184	35	86	23	512	500	48.76	41.96	48.76
185	24	104	16	512	500	49.96	44.83	49.96
185	27	377	20	512	500	74.80	74.80	62.09
185	29	255	33	512	500	59.22	59.22	53.38
186	9	221	30	512	500	35.85	32.97	35.85
186	13	109	15	512	500	35.59	32.46	35.59
186	15	505	35	512	500	52.58	52.58	43.53
187	13	70	15	512	500	41.80	36.00	41.80
187	13	429	29	512	500	61.21	61.21	50.67
187	16	75	21	512	500	42.90	34.87	42.90
187	17	165	22	512	500	42.89	41.56	42.89
187	22	153	9	512	500	52.58	52.58	49.82
188	16	335	22	512	500	52.82	52.82	47.62
188	17	192	32	512	500	44.25	43.82	44.25
188	29	31	31	512	500	39.48	35.07	39.48
189	21	204	26	512	500	45.26	40.01	45.26
190	15	416	31	512	500	42.94	42.94	37.82
190	25	405	32	512	500	54.13	54.13	44.91
190	25	438	29	512	500	51.80	51.80	42.48
190	31	295	16	512	500	56.47	56.47	44.42
191	12	329	29	512	500	149.11	149.11	149.04
191	14	142	18	512	500	91.59	87.77	91.59
191	26	240	31	512	500	72.54	72.54	66.87
191	35	81	11	512	500	55.54	52.10	55.54
192	20	225	16	512	500	31.38	31.38	30.30
192	22	105	28	512	500	32.09	29.37	32.09
192	25	305	31	512	500	42.24	42.24	40.23
192	31	84	18	512	500	32.19	29.99	32.19
193	7	46	33	512	500	48.65	39.01	48.65
193	16	99	23	512	500	50.99	43.98	50.99
193	17	72	35	512	500	50.75	41.26	50.75
193	21	463	26	512	500	97.89	97.89	79.98
193	22	84	13	512	500	51.41	46.43	51.41
193	28	141	25	512	500	101.07	97.28	101.07
194	15	119	9	512	500	42.54	41.93	42.54
194	15	450	35	512	500	79.00	79.00	65.18
194	23	35	24	512	500	49.45	41.29	49.45
194	25	459	21	512	500	81.71	81.71	63.63
194	27	352	34	512	500	103.36	103.36	95.83
195	20	109	26	512	500	38.99	34.94	38.99
195	27	485	34	512	500	48.87	48.87	43.82
195	28	84	19	512	500	38.26	34.84	38.26
195	33	238	24	512	500	39.44	39.17	39.44
196	17	157	21	512	500	31.05	29.08	31.05
196	17	505	31	512	500	38.35	38.35	35.56
196	21	73	23	512	500	32.78	29.08	32.78
196	22	56	3	512	500	30.39	28.19	30.39
196	29	419	20	512	500	41.50	41.50	36.80
196	34	473	21	512	500	37.17	37.17	31.79
196	35	287	18	512	500	38.27	38.27	34.61
198	10	233	28	512	500	33.98	31.92	33.98
198	11	225	35	512	500	35.26	33.29	35.26
198	31	448	24	512	500	43.91	43.91	37.29
198	31	497	26	512	500	43.59	43.59	36.66
199	16	440	26	512	500	103.87	103.87	93.30
199	17	123	15	512	500	49.81	45.59	49.81
199	18	222	30	512	500	87.33	82.35	87.33
199	23	178	35	512	500	127.25	125.81	127.25
199	25	230	35	512	500	80.95	80.95	80.65
199	29	13	1	512	500	51.13	45.20	51.13
199	32	506	29	512	500	88.56	88.56	71.81
200	12	83	11	512	500	29.35	26.88	29.35
200	13	168	32	512	500	31.41	29.09	31.41
200	14	164	27	512	500	30.65	28.57	30.65
200	25	415	29	512	500	36.05	36.05	33.69
200	33	121	35	512	500	32.41	30.60	32.41
200	34	227	32	512	500	32.99	32.99	32.71
200	35	102	8	512	500	31.43	29.96	31.43
200	35	500	29	512	500	36.42	36.42	32.40
201	11	87	35	512	500	58.60	48.70	58.60
201	31	280	17	512	500	101.06	101.06	94.56
201	31	381	28	512	500	105.43	105.43	88.63
201	32	170	18	512	500	54.91	54.91	52.33
202	18	220	15	512	500	64.80	64.74	64.80
202	20	77	18	512	500	50.94	44.43	50.94
202	24	269	29	512	500	123.69	123.69	118.66
203	24	272	29	512	500	74.51	74.51	73.48
203	29	475	28	512	500	81.17	81.17	56.60
203	35	379	31	512	500	80.72	80.72	67.44
204	12	94	22	512	500	33.84	28.72	33.84
204	16	375	33	512	500	43.53	43.53	40.59
204	30	370	25	512	500	51.06	51.06	44.43
205	10	110	34	512	500	51.69	42.18	51.69
205	13	234	29	512	500	52.86	49.89	52.86
205	27	42	6	512	500	39.75	34.93	39.75
205	27	112	23	512	500	53.36	48.60	53.36
205	29	345	35	512	500	82.52	82.52	70.85
205	31	222	26	512	500	66.09	63.81	66.09
205	31	404	33	512	500	71.89	71.89	59.45
206	13	237	27	512	500	61.01	57.78	61.01
206	13	255	29	512	500	56.02	56.01	56.02
206	15	361	31	512	500	101.33	101.33	96.61
206	22	463	30	512	500	80.79	80.79	67.48
206	29	290	29	512	500	125.35	125.35	120.40
206	35	469	29	512	500	inf		
208	11	16	10	512	500	26.69	23.98	26.69
208	15	155	35	512	500	31.54	29.28	31.54
208	15	473	33	512	500	38.61	38.61	36.26
208	29	308	31	512	500	40.03	40.03	36.37
209	15	137	22	512	500	49.75	41.21	49.75
209	20	167	19	512	500	48.18	45.69	48.18
209	25	74	28	512	500	51.42	42.38	51.42
210	10	155	25	512	500	31.60	27.46	31.60
210	12	226	19	512	500	29.74	28.31	29.74
210	19	371	27	512	500	34.13	34.13	32.73
210	20	282	30	512	500	34.86	34.86	34.51
210	20	294	33	512	500	34.99	34.82	34.99
211	14	164	24	512	500	61.64	56.81	61.64
211	18	323	26	512	500	171.23	171.23	165.37
211	23	279	22	512	500	201.98	201.98	200.90
211	25	392	22	512	500	151.63	151.63	132.37
212	8	63	35	512	500	32.83	26.30	32.83
212	9	73	31	512	500	40.68	32.04	40.68
212	11	192	26	512	500	48.21	44.16	48.21
212	12	324	28	512	500	61.18	61.18	58.44
212	23	172	34	512	500	49.32	46.96	49.32
212	31	219	19	512	500	43.32	43.32	41.74
212	33	409	34	512	500	59.17	59.17	50.04
212	34	95	9	512	500	41.48	38.46	41.48
213	25	387	28	512	500	92.88	92.88	80.31
213	34	31	23	512	500	50.98	40.47	50.98
214	17	37	21	512	500	59.97	48.21	59.97
214	30	512	34	512	500	78.29	78.29	59.24
214	31	213	28	512	500	79.02	77.82	79.02
214	31	367	31	512	500	109.22	109.22	101.95
215	10	21	19	512	500	49.85	38.04	49.85
215	26	106	31	512	500	61.81	52.32	61.81
215	28	333	30	512	500	77.83	77.83	66.81
215	33	122	11	512	500	45.66	42.50	45.66
216	18	344	21	512	500	30.11	30.11	28.49
216	19	31	5	512	500	26.36	24.24	26.36
216	21	164	30	512	500	28.35	26.86	28.35
216	21	301	27	512	500	30.68	30.68	29.55
216	29	460	27	512	500	31.10	31.10	28.15
216	30	154	8	512	500	27.28	26.34	27.28
216	32	427	31	512	500	135.01	135.01	132.17
217	11	191	33	512	500	62.20	56.58	62.20
217	18	96	29	512	500	51.68	42.19	51.68
217	21	153	10	512	500	44.03	43.96	44.03
217	21	295	28	512	500	79.94	79.94	76.89
217	26	144	7	512	500	44.76	44.76	42.10
217	26	382	31	512	500	72.07	72.07	60.80
217	28	187	18	512	500	56.70	56.00	56.70
217	31	223	19	512	500	59.48	59.48	57.45
218	11	13	13	512	500	60.88	48.56	60.88
218	14	172	19	512	500	83.72	77.22	83.72
218	24	13	7	512	500	51.69	44.03	51.69
218	28	342	30	512	500	113.35	113.35	105.88
219	25	76	31	512	500	60.89	52.51	60.89
219	25	324	18	512	500	101.86	101.86	92.95
219	29	296	25	512	500	105.00	105.00	99.26
219	30	211	34	512	500	66.71	66.71	64.81
219	32	313	15	512	500	110.38	110.38	94.20
220	14	207	23	512	500	29.20	29.04	29.20
220	24	67	16	512	500	32.20	28.29	32.20
221	10	146	31	512	500	52.46	42.36	52.46
221	18	118	14	512	500	48.09	42.85	48.09
221	22	57	15	512	500	48.60	40.50	48.60
221	24	275	34	512	500	63.54	63.54	61.26
221	29	222	11	512	500	50.84	50.84	46.54
221	30	235	23	512	500	57.36	56.32	57.36
221	35	182	23	512	500	60.78	57.36	60.78
222	18	308	27	512	500	55.58	55.58	52.04
222	30	101	25	512	500	42.73	36.81	42.73
222	33	151	18	512	500	45.37	41.28	45.37
223	24	448	26	512	500	105.97	105.97	90.58
223	29	278	17	512	500	200.51	200.51	195.39
224	19	83	12	512	500	31.11	26.68	31.11
224	21	275	25	512	500	36.76	36.76	36.01
225	30	465	31	512	500	41.05	41.05	36.06
226	11	19	19	512	500	59.56	48.25	59.56
226	17	480	30	512	500	76.90	76.90	66.22
226	33	54	22	512	500	59.68	47.81	59.68
226	34	184	8	512	500	92.19	92.19	90.41
227	12	36	27	512	500	62.87	49.30	62.87
227	20	359	32	512	500	156.67	156.67	153.95
227	26	494	24	512	500	82.69	82.69	65.97
227	33	305	22	512	500	200.85	200.85	196.26
228	24	167	14	512	500	42.46	40.51	42.46
228	34	241	35	512	500	43.52	43.52	41.35
229	15	64	24	512	500	59.29	45.92	59.29
229	16	254	32	512	500	55.41	54.40	55.41
229	23	379	27	512	500	126.29	126.29	118.56
229	24	205	11	512	500	114.24	114.24	109.37
229	25	97	9	512	500	59.85	56.93	59.85
229	26	26	26	512	500	75.38	63.78	75.38
229	32	96	21	512	500	72.32	64.28	72.32
230	15	224	32	512	500	32.66	32.50	32.66
230	19	148	10	512	500	38.14	35.86	38.14
230	21	131	13	512	500	43.42	38.81	43.42
230	22	412	24	512	500	44.49	44.49	38.25
230	26	244	23	512	500	36.45	36.45	35.99
230	30	65	16	512	500	44.23	37.17	44.23
231	27	264	28	512	500	48.71	48.71	46.02
234	33	78	23	512	500	36.18	30.65	36.18
234	34	393	35	512	500	40.02	40.02	35.73
235	29	45	23	512	500	55.03	43.07	55.03
235	29	196	17	512	500	64.52	63.63	64.52
235	31	126	33	512	500	54.44	49.92	54.44
235	31	152	31	512	500	66.23	56.03	66.23
236	19	98	26	512	500	46.99	37.93	46.99
237	17	192	13	512	500	78.13	74.37	78.13
237	19	437	32	512	500	85.80	85.80	77.43
237	20	343	35	512	500	104.72	104.72	101.07
237	30	170	27	512	500	61.27	54.07	61.27
237	34	243	20	512	500	60.72	60.72	59.00
238	12	71	21	512	500	42.30	32.95	42.30
238	15	87	9	512	500	37.21	31.76	37.21
238	15	397	35	512	500	45.70	45.70	40.69
238	26	113	22	512	500	33.57	29.78	33.57
238	28	29	10	512	500	40.14	33.09	40.14
238	29	145	31	512	500	45.67	40.64	45.67
238	31	35	26	512	500	46.42	36.39	46.42
238	33	462	35	512	500	53.05	53.05	41.58
239	26	216	20	512	500	113.07	113.07	110.56
239	28	261	16	512	500	218.44	218.44	216.39
239	32	94	20	512	500	84.93	76.51	84.93
239	34	53	27	512	500	86.58	71.82	86.58
240	13	350	34	512	500	30.36	30.36	29.62
240	19	396	26	512	500	31.83	31.83	30.21
240	21	305	29	512	500	37.06	36.67	37.06
241	15	204	20	512	500	110.20	105.09	110.20
241	24	291	24	512	500	191.78	191.78	186.94
242	21	271	32	512	500	47.48	47.48	45.86
242	27	505	25	512	500	43.49	43.49	36.50
242	28	363	19	512	500	43.97	43.97	34.88
242	32	224	20	512	500	33.41	32.89	33.41
242	35	274	34	512	500	43.16	43.16	40.11
243	15	15	9	512	500	31.38	25.61	31.38
243	22	300	31	512	500	42.40	42.40	41.53
243	26	500	32	512	500	45.30	45.30	40.20
243	28	195	20	512	500	36.13	34.07	36.13
244	18	254	17	512	500	34.29	34.29	34.29
244	30	252	13	512	500	40.68	40.68	37.82
244	31	111	29	512	500	43.87	40.01	43.87
244	33	312	20	512	500	80.65	80.65	73.74
244	35	271	31	512	500	86.82	86.82	82.73
244	35	285	31	512	500	76.63	76.63	73.11
245	13	181	22	512	500	28.74	26.51	28.74
245	15	364	29	512	500	29.95	29.95	29.38
245	26	395	23	512	500	32.67	32.67	29.29
245	32	244	12	512	500	28.57	28.15	28.57
245	32	253	31	512	500	29.84	29.65	29.84
245	34	364	35	512	500	34.21	34.21	30.74
246	13	231	30	512	500	38.65	34.97	38.65
247	12	48	10	512	500	47.17	36.68	47.17
247	13	61	11	512	500	48.47	38.81	48.47
247	31	218	29	512	500	64.09	62.14	64.09
247	33	277	22	512	500	77.52	77.52	76.66
248	11	3	1	512	500	59.95	51.79	59.95
248	20	160	31	512	500	47.96	42.51	47.96
248	23	314	29	512	500	75.29	75.29	73.22
249	26	422	35	512	500	80.62	80.62	66.15
249	29	48	10	512	500	55.11	45.87	55.11
249	29	123	8	512	500	48.52	45.58	48.52
250	20	81	35	512	500	31.09	27.99	31.09
250	21	132	35	512	500	32.03	28.33	32.03
250	24	364	32	512	500	33.67	32.53	33.67
250	26	229	12	512	500	29.46	29.44	29.46
250	34	410	35	512	500	39.85	39.85	37.30
251	13	165	23	512	500	61.09	54.21	61.09
251	26	288	15	512	500	198.03	198.03	194.47
251	35	366	27	512	500	171.42	171.42	166.40
254	18	100	18	512	500	56.68	47.25	56.68
254	27	204	25	512	500	85.10	79.08	85.10
254	31	70	25	512	500	69.01	52.20	69.01
254	34	394	33	512	500	124.25	124.25	110.11
255	24	352	31	512	500	40.67	40.67	35.49
255	31	488	28	512	500	44.92	44.92	41.38
256	16	13	7	512	500	26.49	22.27	26.49
256	22	133	29	512	500	30.58	26.39	30.58
256	22	197	17	512	500	27.96	27.58	27.96
256	23	15	6	512	500	26.57	23.43	26.57
256	27	274	31	512	500	39.75	39.75	38.97
257	26	225	34	512	500	109.63	103.87	109.63
257	32	49	10	512	500	69.15	61.69	69.15
257	34	194	35	512	500	153.90	149.14	153.90
258	16	280	25	512	500	61.41	61.41	59.65
258	27	263	31	512	500	73.90	73.90	70.04
258	31	65	20	512	500	47.63	38.45	47.63
258	31	121	7	512	500	31.55	30.56	31.55
258	35	339	16	512	500	59.17	59.17	52.31
259	13	78	13	512	500	60.48	45.43	60.48
259	19	412	35	512	500	83.18	83.18	74.00
259	20	72	33	512	500	56.16	42.81	56.16
259	31	36	19	512	500	57.30	45.15	57.30
260	21	172	31	512	500	36.52	34.29	36.52
260	21	312	22	512	500	35.84	35.84	34.27
260	29	451	25	512	500	39.70	39.70	33.87
261	14	149	17	512	500	30.35	28.19	30.35
261	28	104	33	512	500	39.52	32.08	39.52
261	28	237	13	512	500	37.48	36.72	37.48
261	31	136	21	512	500	35.71	32.89	35.71
262	23	143	14	512	500	73.12	66.62	73.12
262	28	51	23	512	500	63.94	49.04	63.94
262	28	292	35	512	500	149.83	149.83	145.46
263	33	368	32	512	500	177.61	177.61	176.66
264	13	141	31	512	500	28.98	24.59	28.98
264	35	402	24	512	500	36.91	36.91	34.26
265	19	197	13	512	500	60.76	56.28	60.76
265	26	295	22	512	500	95.62	95.62	90.29
266	13	62	31	512	500	32.01	24.61	32.01
266	22	193	32	512	500	34.94	33.09	34.94
266	28	45	33	512	500	50.87	41.49	50.87
266	32	301	20	512	500	46.47	46.47	41.77
267	19	35	25	512	500	59.90	46.38	59.90
267	21	326	28	512	500	116.30	115.23	116.30
267	23	264	17	512	500	121.12	121.12	120.22
268	10	45	17	512	500	52.68	40.57	52.68
268	11	141	29	512	500	59.29	49.06	59.29
268	20	73	6	512	500	39.90	33.79	39.90
268	35	184	24	512	500	65.02	62.02	65.02
269	27	478	24	512	500	109.78	109.78	92.46
269	32	172	32	512	500	189.39	180.97	189.39
270	18	69	15	512	500	26.78	23.00	26.78
270	22	195	30	512	500	29.55	27.57	29.55
270	32	77	7	512	500	27.25	24.57	27.25
271	29	469	32	512	500	123.68	123.68	104.74
271	31	38	2	512	500	56.23	50.68	56.23
272	17	227	34	512	500	27.77	25.18	27.77
272	18	101	21	512	500	29.27	24.78	29.27
272	19	399	28	512	500	33.02	33.02	32.11
272	24	33	22	512	500	29.70	24.11	29.70
272	25	381	24	512	500	40.31	40.31	38.58
273	15	154	22	512	500	30.93	27.32	30.93
273	31	322	31	512	500	48.82	48.82	45.57
273	32	500	24	512	500	38.50	38.50	34.63
274	14	55	15	512	500	64.78	49.57	64.78
275	30	363	28	512	500	33.14	33.14	32.35
276	23	268	19	512	500	64.45	64.45	61.08
276	34	266	22	512	500	69.47	69.47	63.40
277	24	355	28	512	500	197.94	197.94	191.14
277	31	378	22	512	500	176.29	176.29	168.91
277	35	333	18	512	500	217.84	217.84	207.41
278	19	178	23	512	500	126.34	115.68	126.34
278	23	119	8	512	500	60.44	56.29	60.44
279	16	387	35	512	500	37.95	37.95	35.14
279	25	172	27	512	500	42.32	39.43	42.32
279	27	335	22	512	500	51.40	51.40	48.48
280	16	217	28	512	500	27.86	25.50	27.86
280	19	155	35	512	500	28.00	24.80	28.00
280	35	437	23	512	500	34.20	34.20	32.01
281	12	34	32	512	500	67.89	52.35	67.89
281	23	238	23	512	500	90.94	85.65	90.94
283	12	30	15	512	500	72.86	57.52	72.86
283	27	197	16	512	500	141.83	137.33	141.83
283	28	336	25	512	500	215.01	215.01	208.22
283	29	38	3	512	500	58.84	52.39	58.84
283	29	262	25	512	500	272.84	270.69	272.84
284	16	31	26	512	500	34.39	27.29	34.39
284	23	340	30	512	500	75.80	75.80	71.35
284	27	267	34	512	500	96.75	96.75	96.32
285	23	148	16	512	500	33.49	31.42	33.49
285	26	201	26	512	500	35.20	32.56	35.20
286	16	138	35	512	500	52.90	44.63	52.90
286	23	206	25	512	500	36.84	33.00	36.84
286	24	177	12	512	500	37.48	37.48	37.41
286	34	144	22	512	500	49.29	43.65	49.29
287	20	163	15	512	500	64.53	56.25	64.53
287	21	327	33	512	500	89.83	88.32	89.83
287	35	138	29	512	500	79.71	64.02	79.71
288	20	192	19	512	500	26.29	24.58	26.29
288	24	116	27	512	500	25.97	23.39	25.97
288	34	178	21	512	500	27.01	25.39	27.01
289	28	140	26	512	500	68.40	58.61	68.40
289	29	103	30	512	500	63.83	53.97	63.83
289	32	342	23	512	500	84.73	84.73	73.10
290	19	341	30	512	500	54.30	54.30	53.92
290	23	184	13	512	500	40.12	38.03	40.12
290	23	263	17	512	500	62.31	62.31	59.48
290	23	398	27	512	500	49.86	49.86	47.94
290	34	216	29	512	500	46.44	40.35	46.44
291	16	203	26	512	500	102.45	91.64	102.45
291	22	403	27	512	500	105.39	105.39	99.66
293	24	132	32	512	500	151.61	134.79	151.61
293	29	347	30	512	500	212.27	212.27	207.01
293	34	259	35	512	500	283.72	283.72	283.16
294	22	291	30	512	500	41.47	38.65	41.47
294	25	273	18	512	500	34.24	33.79	34.24
294	31	427	23	512	500	29.96	29.96	25.96
294	31	482	32	512	500	28.26	28.26	25.23
294	32	170	24	512	500	26.50	24.10	26.50
295	20	22	9	512	500	55.76	43.32	55.76
295	20	421	33	512	500	88.87	88.87	81.24
295	29	159	20	512	500	70.88	63.77	70.88
295	33	159	24	512	500	73.45	62.86	73.45
296	15	154	34	512	500	56.71	46.47	56.71
296	17	98	10	512	500	47.70	39.78	47.70
296	30	152	24	512	500	67.98	49.17	67.98
297	20	188	16	512	500	39.71	37.04	39.71
297	20	305	22	512	500	48.98	47.47	48.98
297	33	192	16	512	500	38.77	36.59	38.77
298	21	202	22	512	500	99.40	90.37	99.40
298	26	113	8	512	500	64.34	60.46	64.34
298	33	506	27	512	500	inf		
299	21	248	17	512	500	67.11	64.97	67.11
300	26	231	18	512	500	27.65	26.27	27.65
300	27	356	21	512	500	32.76	32.76	31.40
300	33	209	15	512	500	29.07	27.42	29.07
301	15	207	33	512	500	72.64	61.69	72.64
301	31	139	15	512	500	66.34	60.68	66.34
301	35	65	21	512	500	68.27	50.55	68.27
302	23	311	32	512	500	164.90	159.56	164.90
302	26	44	32	512	500	72.28	57.31	72.28
302	33	98	25	512	500	75.52	63.10	75.52
304	30	176	34	512	500	55.25	50.23	55.25
305	16	208	28	512	500	82.59	70.21	82.59
305	23	386	34	512	500	90.49	90.25	90.49
305	27	450	35	512	500	96.91	96.91	82.23
305	28	271	25	512	500	116.46	111.54	116.46
305	28	293	22	512	500	102.37	102.37	101.39
306	31	498	28	512	500	45.60	45.60	39.03
306	35	100	22	512	500	38.63	31.46	38.63
307	20	152	19	512	500	117.05	104.29	117.05
307	28	51	4	512	500	51.63	44.84	51.63
308	33	411	28	512	500	31.05	31.05	28.33
309	15	160	22	512	500	69.08	57.89	69.08
309	19	331	35	512	500	124.59	124.59	122.02
309	20	384	33	512	500	108.81	108.81	105.98
309	31	224	31	512	500	84.02	74.09	84.02
310	23	107	35	512	500	40.21	33.31	40.21
311	13	71	13	512	500	73.97	57.01	73.97
311	24	9	8	512	500	105.09	91.64	105.09
311	24	239	19	512	500	100.94	95.65	100.94
311	27	324	33	512	500	247.62	247.62	243.61
312	19	301	24	512	500	42.75	42.75	41.48
312	20	174	18	512	500	37.88	35.41	37.88
312	35	53	21	512	500	30.75	24.49	30.75
312	35	106	19	512	500	27.11	24.22	27.11
313	15	104	20	512	500	137.31	119.82	137.31
313	18	192	35	512	500	182.28	172.83	182.28
313	25	106	12	512	500	140.72	132.69	140.72
313	28	410	24	512	500	146.80	146.80	135.48
314	14	167	34	512	500	69.78	56.38	69.78
314	24	67	18	512	500	82.19	68.47	82.19
315	19	113	18	512	500	27.37	23.12	27.37
315	23	179	26	512	500	32.25	28.91	32.25
315	24	152	19	512	500	27.84	25.77	27.84
315	26	389	34	512	500	32.76	32.76	31.16
316	21	179	23	512	500	78.33	72.89	78.33
317	24	132	10	512	500	140.55	132.67	140.55
317	28	195	25	512	500	185.47	172.89	185.47
317	32	14	3	512	500	76.48	67.67	76.48
318	23	481	34	512	500	44.60	44.60	41.35
318	27	128	27	512	500	38.52	32.94	38.52
318	34	232	20	512	500	41.87	40.97	41.87
319	23	114	35	512	500	67.16	52.36	67.16
319	24	137	16	512	500	69.47	59.23	69.47
320	17	352	35	512	500	26.02	26.02	25.33
320	19	242	32	512	500	26.65	24.35	26.65
320	22	176	26	512	500	31.83	27.54	31.83
320	29	232	27	512	500	27.42	25.82	27.42
320	33	112	13	512	500	26.52	23.26	26.52
321	22	200	15	512	500	88.84	80.63	88.84
321	26	101	9	512	500	58.42	52.62	58.42
321	31	344	26	512	500	121.62	121.62	116.84
322	25	425	32	512	500	47.25	47.25	46.76
322	30	249	31	512	500	40.58	40.30	40.58
322	34	34	14	512	500	56.31	44.47	56.31
323	18	35	19	512	500	67.86	50.43	67.86
323	18	38	29	512	500	64.72	47.72	64.72
323	27	329	22	512	500	90.41	90.41	88.54
323	28	248	24	512	500	71.89	68.79	71.89
323	29	93	7	512	500	52.90	46.46	52.90
323	32	135	16	512	500	69.68	60.07	69.68
324	14	108	19	512	500	23.78	19.85	23.78
324	28	101	14	512	500	24.44	21.26	24.44
324	34	318	30	512	500	39.45	38.30	39.45
325	20	148	19	512	500	28.20	24.07	28.20
325	33	175	24	512	500	33.59	30.64	33.59
325	35	314	25	512	500	38.92	38.92	38.39
326	26	257	32	512	500	165.67	153.52	165.67
326	30	112	9	512	500	79.46	75.13	79.46
327	16	54	27	512	500	75.32	55.43	75.32
327	34	139	10	512	500	87.72	82.58	87.72
328	15	112	25	512	500	52.74	44.42	52.74
328	22	89	13	512	500	56.65	46.98	56.65
328	24	120	19	512	500	42.46	33.51	42.46
328	32	312	32	512	500	101.80	101.80	95.86
329	15	65	29	512	500	75.08	51.33	75.08
329	29	123	22	512	500	72.32	58.56	72.32
330	21	127	24	512	500	27.03	22.52	27.03
330	34	48	4	512	500	24.60	21.21	24.60
330	35	319	20	512	500	37.62	37.31	37.62
332	25	120	28	512	500	43.54	36.57	43.54
333	23	133	26	512	500	37.78	32.68	37.78
333	30	247	25	512	500	39.82	36.07	39.82
333	34	253	18	512	500	41.99	40.00	41.99
334	13	101	31	512	500	70.52	53.61	70.52
334	26	112	32	512	500	113.70	93.42	113.70
334	28	89	34	512	500	104.13	88.46	104.13
335	14	68	20	512	500	71.74	52.73	71.74
335	18	129	30	512	500	87.60	71.72	87.60
335	20	250	28	512	500	74.92	62.95	74.92
336	24	81	16	512	500	24.85	20.74	24.85
336	25	176	25	512	500	25.37	23.40	25.37
336	26	100	33	512	500	25.41	21.21	25.41
336	28	46	4	512	500	22.52	19.61	22.52
337	18	122	18	512	500	93.70	78.55	93.70
337	22	190	14	512	500	189.93	180.15	189.93
337	31	74	27	512	500	147.02	125.09	147.02
338	17	109	28	512	500	41.11	32.14	41.11
338	25	192	13	512	500	44.23	40.55	44.23
339	17	178	33	512	500	123.57	107.48	123.57
339	21	191	28	512	500	119.17	105.51	119.17
339	22	393	29	512	500	112.18	112.18	111.27
339	25	429	33	512	500	inf		
339	26	17	2	512	500	57.05	48.05	57.05
339	29	393	31	512	500	120.53	120.53	118.88
339	31	227	17	512	500	80.69	74.59	80.69
339	32	488	32	512	500	101.05	101.05	82.74
340	13	35	30	512	500	32.67	25.53	32.67
340	22	78	32	512	500	33.34	26.78	33.34
340	25	190	12	512	500	39.37	36.91	39.37
340	31	93	17	512	500	37.93	31.52	37.93
341	18	49	21	512	500	73.49	49.78	73.49
342	21	218	32	512	500	42.79	36.87	42.79
342	21	276	22	512	500	70.27	69.32	70.27
342	30	359	21	512	500	42.85	42.85	39.42
343	27	49	21	512	500	23.77	19.61	23.77
344	20	183	29	512	500	74.10	67.63	74.10
344	32	113	25	512	500	59.24	50.15	59.24
345	33	40	3	512	500	31.27	25.15	31.27
346	18	56	27	512	500	73.58	53.41	73.58
346	22	220	33	512	500	106.63	98.09	106.63
346	23	147	33	512	500	inf		
346	28	180	13	512	500	143.66	137.14	143.66
346	30	471	35	512	500	112.63	112.63	95.59
347	17	85	19	512	500	78.68	60.57	78.68
347	22	90	33	512	500	136.66	123.03	136.66
347	27	22	21	512	500	92.59	74.83	92.59
347	29	83	24	512	500	85.46	68.96	85.46
347	30	205	17	512	500	142.19	138.52	142.19
348	20	209	27	512	500	54.45	49.75	54.45
350	17	67	14	512	500	27.20	21.71	27.20
351	24	194	35	512	500	43.22	38.17	43.22
351	25	122	14	512	500	41.50	35.05	41.50
352	24	122	31	512	500	26.66	21.09	26.66
352	35	99	10	512	500	30.89	25.44	30.89
353	15	26	25	512	500	88.49	68.45	88.49
353	21	147	21	512	500	154.10	136.99	154.10
353	22	141	15	512	500	153.15	139.57	153.15
353	23	51	29	512	500	83.56	62.70	83.56
353	34	427	27	512	500	180.39	180.39	170.94
354	20	356	34	512	500	70.48	70.48	68.46
354	26	332	21	512	500	75.06	75.06	72.18
354	29	39	8	512	500	54.84	42.97	54.84
354	30	30	22	512	500	53.46	39.20	53.46
355	34	486	32	512	500	inf		
356	27	272	30	512	500	93.61	92.12	93.61
357	22	113	31	512	500	43.76	35.12	43.76
357	30	419	24	512	500	39.92	39.92	35.12
359	14	20	12	512	500	97.23	81.31	97.23
359	20	37	17	512	500	96.90	78.13	96.90
359	20	58	25	512	500	123.80	101.98	123.80
359	27	121	12	512	500	76.27	67.76	76.27
360	18	44	28	512	500	24.71	19.39	24.71
360	24	340	23	512	500	41.75	40.10	41.75
360	31	61	32	512	500	26.22	20.89	26.22
361	28	103	9	512	500	150.24	142.80	150.24
361	35	141	21	512	500	174.79	159.58	174.79
362	21	227	19	512	500	108.10	97.21	108.10
362	28	68	34	512	500	92.73	74.06	92.73
362	28	223	18	512	500	97.30	95.05	97.30
362	35	72	14	512	500	78.04	60.52	78.04
364	16	210	32	512	500	30.88	26.19	30.88
365	27	323	34	512	500	121.50	120.91	121.50
365	33	211	14	512	500	73.44	64.17	73.44
365	34	373	35	512	500	118.48	118.48	110.54
366	23	489	35	512	500	50.49	50.49	44.60
366	33	92	15	512	500	53.42	40.58	53.42
367	24	213	20	512	500	166.66	159.20	166.66
368	19	79	8	512	500	54.10	43.91	54.10
368	25	147	34	512	500	54.85	42.95	54.85
369	27	304	33	512	500	70.00	70.00	68.65
369	28	412	34	512	500	41.27	41.27	38.84
370	25	22	8	512	500	56.93	43.89	56.93
370	31	282	24	512	500	76.49	76.49	73.16
371	24	119	31	512	500	87.76	64.58	87.76
371	27	133	30	512	500	95.47	76.71	95.47
371	35	160	11	512	500	73.14	63.78	73.14
372	24	53	31	512	500	72.06	57.48	72.06
372	31	338	35	512	500	85.41	85.41	79.86
372	32	128	8	512	500	35.46	33.46	35.46
373	35	320	32	512	500	293.78	289.91	293.78
374	22	114	24	512	500	42.02	33.97	42.02
374	24	88	28	512	500	53.02	37.76	53.02
374	27	222	19	512	500	44.23	40.68	44.23
375	27	305	22	512	500	51.57	48.49	51.57
375	33	187	15	512	500	34.60	31.29	34.60
376	15	69	20	512	500	60.66	45.77	60.66
377	26	133	14	512	500	84.74	69.96	84.74
378	18	281	33	512	500	45.04	41.98	45.04
378	32	328	23	512	500	38.27	38.27	37.75
378	32	491	31	512	500	30.95	30.95	28.67
379	25	277	31	512	500	362.59	350.01	362.59
379	30	386	29	512	500	218.45	218.45	213.27
380	33	75	24	512	500	64.66	50.27	64.66
380	34	199	27	512	500	54.81	50.06	54.81
381	23	101	18	512	500	84.71	70.50	84.71
381	24	204	32	512	500	121.60	100.13	121.60
381	25	273	34	512	500	139.80	128.01	139.80
381	30	147	34	512	500	113.89	92.89	113.89
381	33	162	11	512	500	76.05	68.01	76.05
381	34	275	32	512	500	171.45	168.72	171.45
382	29	200	15	512	500	119.94	113.75	119.94
382	30	142	26	512	500	125.18	108.04	125.18
382	33	333	32	512	500	188.14	176.53	188.14
383	21	172	24	512	500	233.39	220.04	233.39
384	18	81	32	512	500	25.68	20.44	25.68
384	26	181	25	512	500	27.08	24.10	27.08
384	31	108	30	512	500	27.75	21.98	27.75
385	16	57	30	512	500	30.47	23.15	30.47
385	29	67	5	512	500	25.55	21.18	25.55
385	30	485	30	512	500	31.73	31.47	31.73
385	32	360	33	512	500	38.77	38.77	38.48
386	15	39	23	512	500	90.28	70.21	90.28
386	17	45	24	512	500	88.57	68.49	88.57
386	20	112	19	512	500	111.66	93.87	111.66
386	28	401	29	512	500	147.06	147.06	144.74
387	17	37	33	512	500	49.14	38.05	49.14
387	23	107	17	512	500	48.40	39.70	48.40
388	19	58	28	512	500	48.96	36.15	48.96
388	19	150	17	512	500	62.11	50.79	62.11
388	32	154	11	512	500	56.45	47.72	56.45
389	25	69	22	512	500	96.83	75.35	96.83
389	32	99	28	512	500	106.03	85.88	106.03
389	35	182	22	512	500	243.61	229.18	243.61
390	21	339	32	512	500	42.35	41.17	42.35
390	27	209	19	512	500	32.87	30.22	32.87
390	29	192	35	512	500	37.38	33.92	37.38
391	32	22	9	512	500	67.49	52.25	67.49
391	35	131	17	512	500	83.78	69.87	83.78
392	32	134	13	512	500	24.15	21.01	24.15
392	33	384	22	512	500	27.12	27.12	27.12
394	20	168	34	512	500	inf		
394	30	46	35	512	500	inf		
394	34	293	34	512	500	209.97	208.17	209.97
395	28	339	31	512	500	inf		
396	17	182	32	512	500	36.77	30.68	36.77
396	33	450	28	512	500	29.88	29.88	28.74
397	29	22	18	512	500	104.88	85.05	104.88
397	34	219	32	512	500	187.52	172.69	187.52
399	28	184	21	512	500	51.07	46.19	51.07
399	34	443	28	512	500	44.00	44.00	43.76
401	20	138	21	512	500	190.26	174.09	190.26
401	21	14	3	512	500	91.48	79.90	91.48
401	21	115	35	512	500	inf		
401	23	148	25	512	500	167.14	147.53	167.14
401	29	284	34	512	500	347.83	340.04	347.83
401	35	28	15	512	500	103.26	81.25	103.26
402	24	178	24	512	500	75.14	68.50	75.14
402	26	123	28	512	500	46.09	36.59	46.09
402	33	345	34	512	500	77.61	77.61	77.54
403	16	48	12	512	500	74.00	55.86	74.00
403	21	64	25	512	500	87.43	60.33	87.43
403	35	194	12	512	500	69.00	60.92	69.00
405	29	209	17	512	500	37.40	33.58	37.40
405	34	68	26	512	500	32.74	25.93	32.74
406	22	21	5	512	500	54.85	42.62	54.85
406	29	274	23	512	500	77.09	74.70	77.09
407	18	71	32	512	500	86.26	60.91	86.26
407	21	328	35	512	500	109.45	104.76	109.45
407	34	427	25	512	500	81.66	81.29	81.66
408	23	292	35	512	500	51.12	50.28	51.12
408	26	37	7	512	500	32.25	25.93	32.25
409	23	86	10	512	500	164.48	146.45	164.48
409	25	292	28	512	500	334.54	326.53	334.54
409	26	391	28	512	500	240.51	234.43	240.51
410	26	168	18	512	500	54.56	44.69	54.56
410	26	188	21	512	500	60.66	55.18	60.66
411	19	72	31	512	500	90.86	62.01	90.86
411	20	34	15	512	500	86.53	66.17	86.53
412	20	155	26	512	500	63.87	51.15	63.87
412	27	130	16	512	500	70.94	58.60	70.94
412	29	40	20	512	500	72.72	54.69	72.72
412	30	232	20	512	500	57.27	53.05	57.27
412	35	331	26	512	500	107.00	106.71	107.00
413	20	79	34	512	500	inf		
413	21	128	14	512	500	81.79	67.63	81.79
413	32	176	17	512	500	99.25	89.84	99.25
413	35	512	31	512	500	inf		
414	28	242	35	512	500	55.36	50.04	55.36
414	34	138	13	512	500	45.58	41.26	45.58
415	28	156	21	512	500	91.93	76.56	91.93
415	34	239	33	512	500	90.46	80.93	90.46
416	21	125	35	512	500	29.60	24.46	29.60
416	25	180	20	512	500	48.40	41.77	48.40
416	26	377	28	512	500	45.46	44.48	45.46
416	27	103	25	512	500	32.87	26.30	32.87
416	35	412	30	512	500	38.47	37.28	38.47
417	20	71	15	512	500	91.10	72.01	91.10
417	22	69	29	512	500	98.73	73.55	98.73
418	24	298	30	512	500	68.15	65.96	68.15
418	29	18	13	512	500	77.14	61.12	77.14
418	33	179	25	512	500	57.23	48.00	57.23
419	28	43	3	512	500	98.44	89.01	98.44
419	28	160	22	512	500	117.08	98.58	117.08
420	34	169	14	512	500	26.61	23.26	26.61
421	26	153	24	512	500	145.55	130.84	145.55
421	33	155	32	512	500	inf		
422	33	31	20	512	500	97.01	76.71	97.01
424	26	89	13	512	500	72.47	59.57	72.47
424	33	115	27	512	500	67.60	53.56	67.60
424	34	53	6	512	500	60.09	48.89	60.09
425	20	36	20	512	500	34.93	27.65	34.93
425	22	253	30	512	500	35.98	31.23	35.98
425	32	63	7	512	500	31.50	26.53	31.50
426	33	394	35	512	500	75.36	75.36	71.82
426	34	367	25	512	500	82.87	82.87	82.80
427	24	28	20	512	500	90.00	65.20	90.00
427	33	70	18	512	500	90.67	72.54	90.67
428	31	205	34	512	500	71.23	61.49	71.23
428	34	389	28	512	500	91.03	90.32	91.03
428	35	342	34	512	500	87.20	84.09	87.20
429	20	162	21	512	500	34.32	27.66	34.32
429	24	39	30	512	500	54.95	42.92	54.95
429	26	8	8	512	500	47.21	36.61	47.21
429	30	157	23	512	500	35.53	28.37	35.53
429	33	30	9	512	500	65.80	54.35	65.80
429	33	316	35	512	500	47.33	47.30	47.33
431	23	26	13	512	500	128.49	104.14	128.49
431	31	209	24	512	500	215.98	201.26	215.98
432	31	157	17	512	500	33.75	29.33	33.75
433	33	193	29	512	500	258.16	237.48	258.16
434	17	94	24	512	500	54.84	38.48	54.84
434	17	100	32	512	500	55.80	38.84	55.80
435	18	58	35	512	500	53.51	41.76	53.51
435	26	416	35	512	500	49.25	49.25	47.60
435	33	269	20	512	500	79.00	79.00	78.75
436	25	194	23	512	500	90.51	82.60	90.51
436	31	128	29	512	500	57.31	47.34	57.31
436	35	381	28	512	500	97.82	94.51	97.82
437	18	154	31	512	500	inf		
437	19	13	8	512	500	126.01	108.12	126.01
437	19	203	31	512	500	221.52	203.03	221.52
437	22	33	30	512	500	108.02	84.49	108.02
437	25	7	6	512	500	160.50	145.38	160.50
437	27	107	17	512	500	177.48	158.90	177.48
438	22	18	17	512	500	86.85	69.51	86.85
438	26	83	32	512	500	75.21	57.17	75.21
438	29	93	25	512	500	58.84	43.04	58.84
438	31	442	34	512	500	68.86	68.86	65.73
438	32	123	24	512	500	52.02	38.82	52.02
438	32	311	24	512	500	94.75	94.59	94.75
439	26	51	14	512	500	107.69	82.96	107.69
439	27	255	34	512	500	93.33	82.38	93.33
440	26	352	35	512	500	32.18	32.18	31.71
440	35	92	26	512	500	34.63	26.32	34.63
441	23	87	20	512	500	25.44	20.40	25.44
442	22	213	35	512	500	48.70	41.29	48.70
442	33	478	30	512	500	58.10	56.28	58.10
443	25	148	24	512	500	161.20	140.33	161.20
443	33	174	33	512	500	298.24	280.98	298.24
444	26	106	34	512	500	67.27	52.01	67.27
444	27	88	16	512	500	61.76	46.80	61.76
444	28	92	18	512	500	60.63	43.94	60.63
444	30	34	27	512	500	70.79	52.37	70.79
444	32	84	35	512	500	80.45	62.74	80.45
445	18	123	28	512	500	99.53	76.62	99.53
445	34	377	32	512	500	inf		
446	33	204	22	512	500	150.82	131.75	150.82
447	21	162	25	512	500	95.21	75.58	95.21
447	33	465	30	512	500	117.18	112.01	117.18
447	34	486	34	512	500	inf		
447	35	34	8	512	500	81.35	63.13	81.35
449	34	80	28	512	500	136.91	113.55	136.91
450	32	53	12	512	500	32.09	25.66	32.09
450	34	287	22	512	500	43.81	42.17	43.81
450	34	488	35	512	500	32.11	32.11	31.50
451	20	117	26	512	500	102.07	73.55	102.07
452	32	108	10	512	500	72.44	65.78	72.44
452	32	232	25	512	500	66.02	59.49	66.02
453	28	258	26	512	500	216.72	202.96	216.72
453	32	330	28	512	500	174.33	171.73	174.33
453	35	312	29	512	500	184.20	173.28	184.20
454	29	101	33	512	500	inf		
454	34	55	8	512	500	87.61	70.46	87.61
457	28	257	29	512	500	inf		
459	28	160	17	512	500	36.28	30.42	36.28
459	28	185	22	512	500	59.95	50.17	59.95
459	33	272	17	512	500	72.07	71.24	72.07
459	34	389	35	512	500	44.97	44.97	43.48
460	26	59	31	512	500	55.88	41.71	55.88
460	31	239	16	512	500	58.53	53.55	58.53
460	35	170	22	512	500	61.26	47.25	61.26
461	21	55	27	512	500	110.74	81.57	110.74
461	29	267	27	512	500	432.60	415.98	432.60
461	33	179	29	512	500	276.75	256.64	276.75
462	24	170	31	512	500	31.01	24.70	31.01
462	33	64	31	512	500	30.20	23.43	30.20
463	31	225	22	512	500	164.92	146.89	164.92
463	32	70	13	512	500	113.86	92.32	113.86
463	33	14	5	512	500	117.96	103.47	117.96
464	22	180	27	512	500	76.68	67.39	76.68
464	32	439	34	512	500	71.65	71.65	70.66
465	30	56	20	512	500	41.52	32.52	41.52
466	18	31	15	512	500	107.42	81.68	107.42
466	24	25	9	512	500	95.58	77.13	95.58
466	25	173	17	512	500	177.13	163.13	177.13
466	31	314	23	512	500	233.46	223.33	233.46
466	34	211	30	512	500	131.18	110.94	131.18
467	26	99	24	512	500	109.03	81.68	109.03
467	30	43	22	512	500	155.14	128.12	155.14
467	34	293	20	512	500	383.83	375.94	383.83
468	23	164	35	512	500	34.69	28.98	34.69
469	29	117	27	512	500	101.63	76.11	101.63
470	21	209	35	512	500	66.95	57.77	66.95
470	27	120	30	512	500	56.17	43.63	56.17
471	28	7	1	512	500	81.60	67.44	81.60
472	24	97	31	512	500	65.23	44.86	65.23
472	35	437	31	512	500	71.03	67.36	71.03
473	35	67	20	512	500	99.14	72.19	99.14
474	27	312	28	512	500	93.01	90.22	93.01
475	22	236	35	512	500	38.87	34.67	38.87
476	27	161	20	512	500	46.52	39.17	46.52
476	29	315	27	512	500	56.05	55.13	56.05
476	33	104	31	512	500	34.85	28.43	34.85
479	20	102	34	512	500	inf		
479	35	288	32	512	500	inf		
480	30	163	24	512	500	35.16	29.14	35.16
480	32	69	6	512	500	29.94	25.54	29.94
481	23	180	24	512	500	108.32	87.85	108.32
481	29	223	18	512	500	83.54	75.02	83.54
482	30	124	26	512	500	115.78	88.52	115.78
482	34	171	31	512	500	219.41	197.52	219.41
483	27	56	18	512	500	39.96	32.18	39.96
484	35	98	31	512	500	52.39	42.66	52.39
486	19	101	26	512	500	34.86	28.13	34.86
486	33	314	35	512	500	54.55	50.20	54.55
487	22	168	24	512	500	121.02	93.09	121.02
487	26	148	23	512	500	200.51	176.46	200.51
487	28	142	12	512	500	209.57	196.30	209.57
490	25	125	17	512	500	27.18	21.97	27.18
492	30	217	18	512	500	60.34	53.03	60.34
493	20	55	26	512	500	103.16	72.14	103.16
493	27	195	26	512	500	114.99	90.63	114.99
493	30	21	6	512	500	77.22	61.04	77.22
495	24	156	20	512	500	40.94	33.98	40.94
495	26	75	14	512	500	39.09	31.75	39.09
495	31	129	10	512	500	42.78	36.81	42.78
496	22	162	26	512	500	60.60	44.66	60.60
497	22	45	13	512	500	103.76	78.34	103.76
497	27	234	32	512	500	101.03	82.97	101.03
497	34	333	26	512	500	143.94	134.76	143.94
498	26	55	26	512	500	92.25	70.04	92.25
498	28	145	28	512	500	66.12	50.56	66.12
498	31	107	31	512	500	74.47	60.50	74.47
499	28	257	26	512	500	489.07	468.37	489.07
499	31	107	17	512	500	196.76	174.68	196.76
500	35	297	27	512	500	69.56	61.60	69.56
502	26	114	33	512	500	inf		
502	32	118	15	512	500	129.35	108.55	129.35
503	25	17	16	512	500	148.35	121.91	148.35
504	24	113	23	512	500	37.31	29.87	37.31
504	32	249	26	512	500	36.69	32.16	36.69
507	28	120	16	512	500	59.11	47.98	59.11
508	22	125	31	512	500	58.25	42.96	58.25
508	27	41	14	512	500	91.46	71.29	91.46
509	27	6	3	512	500	179.54	163.95	179.54
510	31	90	31	512	500	44.74	35.93	44.74
510	33	137	20	512	500	50.08	43.08	50.08
510	35	190	25	512	500	52.75	45.77	52.75
511	31	250	24	512	500	106.30	85.05	106.30
512	25	213	35	512	500	23.12	20.50	23.12
512	34	271	33	512	500	48.27	43.72	48.27
514	30	285	33	512	500	inf		
515	25	209	28	512	500	140.74	114.82	140.74
516	28	89	9	512	500	71.87	57.40	71.87
517	32	83	17	512	500	108.33	85.47	108.33
518	29	140	23	512	500	71.03	51.50	71.03
518	30	377	32	512	500	77.99	68.98	77.99
519	29	273	23	512	500	238.90	220.89	238.90
519	32	343	34	512	500	inf		
520	24	11	7	512	500	33.32	26.38	33.32
523	27	148	17	512	500	198.57	173.43	198.57
523	29	279	28	512	500	inf		
523	29	337	32	512	500	inf		
523	35	449	35	512	500	inf		
524	20	79	32	512	500	94.86	71.18	94.86
524	35	311	32	512	500	150.29	146.66	150.29
525	25	180	32	512	500	51.66	44.78	51.66
526	23	149	35	512	500	inf		
527	27	171	34	512	500	inf		
527	33	269	24	512	500	127.28	103.00	127.28
528	29	147	16	512	500	38.39	32.46	38.39
528	33	134	25	512	500	43.57	35.09	43.57
529	24	75	14	512	500	108.22	82.13	108.22
529	35	69	24	512	500	113.93	79.48	113.93
531	30	46	27	512	500	67.74	53.11	67.74
532	29	78	31	512	500	55.51	42.59	55.51
532	35	201	26	512	500	44.54	37.96	44.54
533	26	134	28	512	500	122.44	93.97	122.44
535	31	89	30	512	500	inf		
536	25	66	34	512	500	93.97	71.03	93.97
538	27	182	26	512	500	239.85	210.73	239.85
539	28	163	17	512	500	35.02	29.30	35.02
539	30	384	33	512	500	41.53	40.01	41.53
541	30	178	20	512	500	339.32	318.42	339.32
543	33	59	20	512	500	135.14	98.91	135.14
544	31	129	30	512	500	58.40	45.47	58.40
545	29	140	22	512	500	131.85	106.03	131.85
545	32	73	30	512	500	inf		
547	21	65	33	512	500	inf		
547	27	17	6	512	500	119.79	102.19	119.79
547	28	44	33	512	500	inf		
549	25	35	8	512	500	66.05	52.44	66.05
550	26	170	24	512	500	45.38	36.95	45.38
550	28	251	32	512	500	44.38	38.71	44.38
551	33	69	7	512	500	89.13	71.58	89.13
553	23	92	23	512	500	131.41	93.19	131.41
555	28	30	8	512	500	58.79	45.61	58.79
555	31	115	32	512	500	68.82	53.86	68.82
556	29	164	17	512	500	72.83	56.81	72.83
558	30	315	29	512	500	93.61	85.21	93.61
559	22	44	24	512	500	inf		
559	22	115	32	512	500	inf		
559	28	226	26	512	500	130.95	103.59	130.95
560	26	99	21	512	500	35.35	28.54	35.35
561	27	31	29	512	500	70.88	53.95	70.88
561	32	290	27	512	500	83.04	76.04	83.04
562	28	28	26	512	500	inf		
562	30	134	23	512	500	203.70	174.93	203.70
564	26	65	25	512	500	104.85	77.95	104.85
566	25	41	31	512	500	inf		
567	30	41	9	512	500	29.70	25.99	29.70
567	34	136	19	512	500	35.99	29.98	35.99
568	27	76	28	512	500	107.14	81.16	107.14
569	32	317	30	512	500	399.98	376.35	399.98
570	28	123	23	512	500	46.92	38.35	46.92
570	35	127	31	512	500	48.14	38.33	48.14
572	28	58	7	512	500	25.54	20.49	25.54
573	27	101	27	512	500	inf		
574	29	37	32	512	500	100.80	75.99	100.80
575	28	38	22	512	500	48.45	38.70	48.45
575	31	8	1	512	500	34.07	26.69	34.07
575	35	360	34	512	500	55.91	51.22	55.91
576	23	85	22	512	500	39.86	31.22	39.86
578	33	142	34	512	500	72.31	51.57	72.31
578	34	45	14	512	500	96.55	73.64	96.55
580	34	88	23	512	500	55.35	44.18	55.35
580	34	107	30	512	500	44.93	37.31	44.93
580	35	292	24	512	500	69.22	64.67	69.22
581	22	46	21	512	500	120.46	82.21	120.46
582	29	144	30	512	500	97.59	74.89	97.59
582	33	217	22	512	500	90.59	79.13	90.59
583	35	62	10	512	500	106.26	82.18	106.26
585	29	25	9	512	500	41.93	33.73	41.93
585	34	27	10	512	500	47.29	38.36	47.29
585	35	309	30	512	500	54.17	52.31	54.17
588	30	66	34	512	500	37.95	30.19	37.95
589	26	20	17	512	500	117.96	87.61	117.96
590	35	218	25	512	500	78.72	64.61	78.72
591	26	105	17	512	500	145.20	115.76	145.20
595	27	210	34	512	500	49.40	41.58	49.40
596	35	10	2	512	500	72.41	54.50	72.41
598	29	127	29	512	500	69.61	50.74	69.61
599	33	135	30	512	500	inf		
600	27	58	33	512	500	41.60	32.99	41.60
600	31	61	8	512	500	31.85	24.96	31.85
600	32	16	13	512	500	42.05	33.99	42.05
600	34	213	25	512	500	44.22	38.93	44.22
601	27	177	27	512	500	341.68	317.22	341.68
602	34	295	31	512	500	104.28	93.98	104.28
603	34	118	28	512	500	76.61	60.06	76.61
604	23	75	35	512	500	107.21	80.09	107.21
605	27	156	23	512	500	50.83	40.73	50.83
605	29	178	33	512	500	56.56	48.80	56.56
606	27	201	29	512	500	102.59	88.28	102.59
606	35	104	29	512	500	97.59	79.98	97.59
607	30	93	20	512	500	184.54	155.90	184.54
607	34	33	13	512	500	133.84	105.21	133.84
608	35	94	17	512	500	58.69	46.54	58.69
609	27	126	25	512	500	75.75	58.63	75.75
610	30	42	18	512	500	104.63	81.90	104.63
610	31	257	28	512	500	111.01	101.17	111.01
610	33	77	22	512	500	109.24	82.72	109.24
611	31	39	13	512	500	123.28	90.33	123.28
615	30	215	33	512	500	64.01	49.92	64.01
615	35	150	20	512	500	54.00	43.81	54.00
616	28	63	30	512	500	37.81	29.95	37.81
616	30	13	4	512	500	31.72	26.20	31.72
617	33	182	17	512	500	316.99	295.72	316.99
618	32	110	21	512	500	82.81	65.85	82.81
619	29	28	19	512	500	126.28	101.11	126.28
621	35	31	10	512	500	70.36	53.92	70.36
624	32	52	26	512	500	44.21	34.82	44.21
626	31	56	8	512	500	111.86	85.01	111.86
626	35	122	28	512	500	inf		
627	25	73	31	512	500	80.13	61.17	80.13
631	34	29	20	512	500	144.64	117.52	144.64
632	33	264	28	512	500	192.23	180.92	192.23
634	35	39	35	512	500	inf		
635	29	148	19	512	500	159.18	123.79	159.18
636	31	121	20	512	500	72.87	56.02	72.87
636	33	158	24	512	500	92.11	66.50	92.11
638	35	51	5	512	500	86.91	68.30	86.91
640	32	115	24	512	500	27.99	24.12	27.99
641	32	149	35	512	500	inf		
642	33	82	23	512	500	104.34	76.21	104.34
643	29	30	23	512	500	126.79	97.68	126.79
645	25	40	21	512	500	78.68	60.00	78.68
645	35	111	20	512	500	78.01	60.37	78.01
647	35	340	35	512	500	inf		
649	26	76	24	512	500	inf		
650	34	200	26	512	500	59.84	50.50	59.84
651	27	48	35	512	500	77.29	59.75	77.29
651	34	69	16	512	500	76.96	60.13	76.96
654	26	53	20	512	500	107.76	81.40	107.76
655	31	157	31	512	500	inf		
659	34	169	20	512	500	114.20	95.10	114.20
660	27	115	26	512	500	39.93	31.68	39.93
660	29	164	32	512	500	46.99	37.18	46.99
663	23	9	9	512	500	70.69	54.86	70.69
663	32	30	22	512	500	81.04	61.67	81.04
665	33	131	21	512	500	53.53	43.92	53.53
666	27	45	12	512	500	74.58	58.40	74.58
666	32	136	30	512	500	62.74	51.65	62.74
667	33	97	17	512	500	133.60	102.39	133.60
667	34	175	31	512	500	inf		
668	25	61	24	512	500	83.51	63.21	83.51
670	31	253	33	512	500	78.46	60.63	78.46
670	34	95	35	512	500	86.11	60.76	86.11
672	34	50	21	512	500	40.44	31.61	40.44
672	35	73	15	512	500	41.25	35.27	41.25
673	33	77	22	512	500	183.37	155.48	183.37
673	35	216	35	512	500	inf		
676	35	112	30	512	500	45.10	34.64	45.10
680	32	63	32	512	500	55.42	43.02	55.42
681	27	34	14	512	500	141.78	104.21	141.78
681	31	84	28	512	500	inf		
682	35	46	26	512	500	120.42	90.78	120.42
685	29	76	15	512	500	142.07	103.71	142.07
687	31	99	29	512	500	inf		
693	29	59	15	512	500	41.81	33.60	41.81
693	35	276	28	512	500	84.22	71.98	84.22
694	34	66	26	512	500	inf		
695	30	83	22	512	500	inf		
696	27	18	18	512	500	69.45	55.36	69.45
698	28	25	22	512	500	inf		
699	33	22	16	512	500	149.49	114.24	149.49
699	35	169	32	512	500	inf		
700	32	148	35	512	500	49.38	41.44	49.38
702	33	31	30	512	500	47.37	36.64	47.37
702	34	314	35	512	500	72.80	66.55	72.80
711	31	72	19	512	500	81.10	60.75	81.10
711	31	108	27	512	500	85.64	65.01	85.64
713	35	187	31	512	500	inf		
714	35	57	33	512	500	53.83	40.43	53.83
726	32	109	29	512	500	52.52	40.76	52.52
729	32	207	30	512	500	41.09	34.67	41.09
734	31	36	8	512	500	137.00	105.10	137.00
735	26	31	31	512	500	44.52	34.38	44.52
736	32	30	17	512	500	71.91	55.50	71.91
737	30	32	10	512	500	132.55	98.25	132.55
737	32	88	30	512	500	inf		
741	35	128	16	512	500	89.42	71.76	89.42
743	33	77	33	512	500	inf		
744	34	153	24	512	500	54.76	40.08	54.76
748	31	37	30	512	500	69.39	53.18	69.39
749	31	55	11	512	500	137.80	103.27	137.80
751	34	94	27	512	500	inf		
752	35	152	24	512	500	99.48	70.62	99.48
762	29	96	35	512	500	inf		
763	35	151	21	512	500	160.68	108.99	160.68
767	35	104	17	512	500	126.05	88.74	126.05
768	33	16	7	512	500	25.94	21.92	25.94
774	31	65	14	512	500	94.97	71.57	94.97
780	30	32	24	512	500	54.22	44.53	54.22
786	33	56	19	512	500	131.70	95.50	131.70
788	29	10	6	512	500	104.55	80.07	104.55
788	31	39	29	512	500	139.69	105.18	139.69
788	35	29	25	512	500	103.49	68.92	103.49
792	35	168	25	512	500	54.22	42.14	54.22
801	30	42	20	512	500	96.23	73.66	96.23
804	35	114	27	512	500	104.64	72.54	104.64
819	34	63	28	512	500	49.36	40.00	49.36
821	35	49	12	512	500	110.61	89.35	110.61
824	34	57	13	512	500	108.66	82.27	108.66
828	31	66	23	512	500	55.62	43.15	55.62
847	32	64	27	512	500	50.20	39.25	50.20
850	32	57	22	512	500	65.79	50.32	65.79
854	35	60	35	512	500	inf		
869	35	136	35	512	500	inf		
880	34	41	18	512	500	45.66	36.63	45.66
886	34	4	4	512	500	262.98	234.98	262.98
891	32	32	32	512	500	42.30	32.52	42.30
905	33	35	34	512	500	inf		
941	34	39	20	512	500	131.26	97.52	131.26
