4	2	406	15	512	500	730.47	725.88	718.32	730.47
4	4	25	12	512	500	735.67	730.57	735.07	
4	4	136	12	512	500	738.90	734.58	735.03	738.90
6	4	341	22	512	500	534.08	529.54	524.10	
6	6	214	24	512	500	549.84	545.91	543.76	549.84
7	5	161	9	512	500	481.39	477.27	476.85	481.39
8	2	216	14	512	500	366.98	359.35	360.64	366.98
9	6	307	32	512	500	398.05	393.62	389.57	398.05
10	10	147	17	512	500	357.42	355.07	353.54	
11	2	72	18	512	500	295.64	290.89	294.26	295.64
12	3	96	4	512	500	270.51	264.36	267.88	270.51
12	9	459	25	512	500	309.52	301.32	296.04	
13	5	355	26	512	500	288.03	283.65	278.40	288.03
13	6	418	32	512	500	295.72	293.26	284.27	295.72
13	7	214	22	512	500	291.46	288.46	285.86	291.46
13	7	465	34	512	500	304.21	302.66	291.11	304.21
13	13	178	10	512	500	300.68	299.85	296.06	300.68
14	4	379	15	512	500	259.52	255.44	248.71	259.52
14	5	67	14	512	500	253.31	248.56	252.13	253.31
14	5	221	29	512	500	257.90	253.83	252.40	257.90
15	2	331	31	512	500	230.91	225.89	222.14	
15	4	137	9	512	500	232.54	228.02	229.09	
16	10	273	28	512	500	230.74	225.65	223.34	230.74
16	16	30	21	512	500	223.29	218.14	223.07	223.29
17	11	470	17	512	500	246.49	246.49	228.96	242.37
17	14	439	21	512	500	248.10	248.10	232.53	244.71
18	17	75	34	512	500	205.06	200.06	203.63	205.06
19	3	119	18	512	500	194.44	189.69	192.07	194.44
19	4	228	24	512	500	201.38	197.22	195.77	201.38
19	4	327	33	512	500	206.89	202.75	198.82	206.89
19	6	85	17	512	500	204.01	199.71	202.63	204.01
19	10	456	34	512	500	224.21	224.21	209.76	221.91
19	17	111	22	512	500	213.06	210.65	210.88	213.06
20	2	42	8	512	500	161.88	156.26	161.24	161.88
20	2	76	14	512	500	161.52	155.64	160.17	161.52
20	3	72	25	512	500	170.31	164.96	169.02	170.31
20	11	337	20	512	500	191.93	186.93	182.44	191.93
20	15	247	35	512	500	189.56	184.21	182.77	
20	16	481	35	512	500	202.83	196.50	188.97	202.83
20	17	282	16	512	500	191.81	188.09	183.82	
20	18	470	20	512	500	200.55	194.87	187.05	200.55
20	20	218	16	512	500	203.65	199.02	197.63	203.65
21	3	438	28	512	500	194.15	190.96	182.72	194.15
21	4	8	4	512	500	172.24	167.26	172.24	171.86
22	16	403	17	512	500	191.26	191.26	175.63	186.50
22	20	46	11	512	500	189.62	185.87	189.47	
22	22	419	23	512	500	214.88	214.88	196.81	207.94
23	1	201	32	512	500	160.74	155.71	156.69	160.74
23	9	352	16	512	500	187.77	187.77	178.23	187.37
23	12	45	8	512	500	177.88	174.52	177.54	177.88
23	14	397	17	512	500	196.91	196.91	182.74	193.32
23	15	325	35	512	500	193.71	193.71	184.42	
23	21	336	12	512	500	212.40	212.40	199.43	208.35
24	1	104	22	512	500	130.29	124.04	128.13	130.29
24	4	394	20	512	500	159.00	150.33	147.86	159.00
24	11	384	27	512	500	165.88	159.84	154.98	165.88
24	22	69	6	512	500	168.03	163.58	166.87	168.03
25	6	75	35	512	500	150.45	146.42	149.90	150.45
26	2	214	28	512	500	147.75	142.85	143.27	
26	3	93	9	512	500	145.07	140.31	143.50	145.07
26	4	177	11	512	500	149.61	145.35	145.58	149.61
26	15	189	32	512	500	160.17	159.38	156.85	160.17
26	20	87	11	512	500	168.15	166.05	167.08	168.15
26	20	441	23	512	500	191.81	191.81	172.96	184.34
26	22	279	26	512	500	179.17	179.17	171.46	177.64
27	19	487	20	512	500	174.69	165.80	160.50	174.69
27	26	54	8	512	500	157.17	151.22	155.87	157.17
28	5	189	28	512	500	137.49	130.38	132.58	137.49
28	6	257	20	512	500	140.67	135.37	133.99	
28	16	358	20	512	500	144.70	140.37	135.10	144.70
28	18	476	19	512	500	152.55	146.32	139.09	152.55
28	22	403	15	512	500	158.13	154.57	146.21	158.13
28	24	306	26	512	500	156.84	156.03	148.71	156.84
28	28	88	29	512	500	149.80	145.84	148.50	149.80
29	7	168	15	512	500	147.64	144.65	144.23	147.64
29	8	28	27	512	500	147.32	141.89	147.32	146.40
29	8	112	26	512	500	148.92	146.11	148.33	
29	9	445	28	512	500	159.83	159.83	148.83	159.42
29	10	282	15	512	500	158.27	158.00	151.42	158.27
29	11	157	27	512	500	151.73	149.53	149.46	151.73
29	13	58	12	512	500	151.25	147.93	151.01	151.25
29	15	84	7	512	500	149.73	147.24	148.41	149.73
29	18	175	22	512	500	157.72	156.69	154.54	157.72
29	23	207	12	512	500	171.25	171.25	166.00	170.42
30	6	90	14	512	500	126.58	121.11	125.11	126.58
30	9	104	15	512	500	131.36	125.95	129.22	131.36
30	18	35	6	512	500	127.41	123.09	127.22	127.41
30	19	173	23	512	500	142.38	139.39	138.22	142.38
30	23	498	20	512	500	157.69	151.74	143.62	157.69
30	27	337	29	512	500	149.79	148.83	140.78	149.79
30	30	93	13	512	500	141.82	137.16	140.20	141.82
30	30	329	18	512	500	149.63	149.63	140.46	
31	3	136	32	512	500	133.44	128.65	132.41	
31	4	203	22	512	500	136.58	132.27	132.57	136.58
31	7	290	26	512	500	150.39	147.82	143.80	
31	8	262	22	512	500	151.74	149.85	146.03	151.74
31	19	77	21	512	500	156.14	153.47	155.91	156.14
31	19	334	28	512	500	169.50	169.50	159.00	
31	23	24	18	512	500	157.95	153.45	157.95	156.99
31	23	84	34	512	500	159.50	156.92	159.50	159.26
31	28	199	18	512	500	168.27	168.27	162.65	
32	6	157	9	512	500	119.14	112.71	115.48	119.14
32	13	24	20	512	500	119.94	114.46	119.94	119.19
32	14	194	14	512	500	123.08	118.76	118.33	123.08
32	18	100	20	512	500	122.62	117.90	121.11	
32	22	481	34	512	500	144.64	139.87	131.49	
32	22	484	30	512	500	147.39	142.63	134.15	147.39
32	25	167	15	512	500	132.05	128.00	128.37	132.05
32	26	274	23	512	500	137.58	136.71	130.37	137.58
32	29	21	12	512	500	130.26	124.95	130.26	129.63
32	32	92	5	512	500	132.48	127.91	130.62	132.48
33	5	290	14	512	500	129.10	125.02	122.29	129.10
33	6	211	21	512	500	124.77	121.88	120.99	
33	9	71	26	512	500	122.50	118.68	122.50	
33	13	411	34	512	500	141.29	141.29	125.04	135.02
33	15	483	22	512	500	151.94	151.94	131.73	143.78
33	17	289	17	512	500	136.17	136.17	126.52	
34	5	275	18	512	500	129.23	125.21	123.27	129.23
34	7	255	11	512	500	125.26	123.00	119.37	125.26
34	15	421	28	512	500	147.80	147.80	131.06	140.82
34	20	298	16	512	500	146.48	146.48	137.42	144.08
34	21	93	20	512	500	136.11	135.40	135.86	136.11
34	21	223	24	512	500	141.21	141.21	135.84	
34	22	464	23	512	500	158.25	158.25	136.63	148.39
34	31	26	7	512	500	139.39	134.66	139.39	138.69
35	3	18	18	512	500	103.85	97.36	103.85	
35	5	194	13	512	500	115.33	111.02	111.42	115.33
35	11	43	25	512	500	114.64	109.78	114.64	113.86
35	14	480	24	512	500	139.44	139.44	119.95	131.83
35	15	486	18	512	500	135.36	135.36	114.07	126.80
35	21	375	24	512	500	139.33	139.33	125.53	134.08
35	29	143	6	512	500	127.36	127.00	124.45	127.36
35	34	131	22	512	500	128.93	127.38	127.77	128.93
36	5	123	31	512	500	109.61	102.71	106.99	109.61
36	5	367	24	512	500	118.70	108.18	108.42	118.70
36	7	63	7	512	500	113.09	106.86	111.92	113.09
36	13	262	19	512	500	125.12	118.50	118.12	125.12
36	15	157	6	512	500	115.98	109.53	111.64	115.98
36	21	142	21	512	500	125.49	120.23	122.20	125.49
36	34	185	23	512	500	129.09	123.39	124.39	129.09
37	6	34	8	512	500	118.75	113.41	118.75	118.11
37	10	339	25	512	500	136.00	136.00	126.84	134.33
37	13	88	29	512	500	125.21	123.66	125.21	125.17
37	20	218	9	512	500	139.75	139.75	134.11	139.04
37	24	367	26	512	500	154.90	154.90	141.68	149.51
37	28	245	26	512	500	148.80	148.80	141.30	145.92
37	30	54	7	512	500	143.29	142.12	143.29	143.17
37	35	64	35	512	500	147.54	143.38	147.54	146.50
38	8	109	17	512	500	111.48	108.57	110.67	
38	10	309	25	512	500	122.23	122.23	115.34	
39	13	328	35	512	500	125.56	125.56	113.38	120.54
39	14	193	29	512	500	117.29	117.29	114.10	116.98
39	15	234	25	512	500	116.70	116.70	110.88	114.91
39	17	81	15	512	500	111.59	109.80	111.59	111.22
39	24	129	6	512	500	122.62	122.62	119.98	122.29
39	27	113	20	512	500	123.70	122.25	122.82	123.70
39	29	49	19	512	500	123.74	119.02	123.74	122.58
39	32	482	21	512	500	151.74	151.74	131.57	143.30
40	4	7	6	512	500	91.09	85.48	91.09	90.11
40	8	197	34	512	500	106.98	101.16	100.21	106.98
40	12	480	30	512	500	116.22	109.56	103.56	116.22
40	20	349	34	512	500	117.08	117.08	107.63	116.58
40	20	508	34	512	500	125.30	120.09	111.59	125.30
40	21	436	17	512	500	124.03	119.28	111.97	124.03
40	32	329	30	512	500	118.13	117.07	110.03	118.13
41	5	239	24	512	500	114.01	110.77	110.46	
41	21	56	17	512	500	126.02	122.40	126.02	125.22
41	23	105	25	512	500	130.33	128.23	130.33	130.22
41	35	223	12	512	500	146.07	146.07	139.89	144.35
42	3	109	26	512	500	88.07	81.65	86.71	88.07
42	4	72	11	512	500	89.16	83.50	88.59	89.16
42	15	254	27	512	500	109.76	104.70	103.60	109.76
42	20	182	28	512	500	107.65	104.14	104.13	
43	5	55	22	512	500	102.14	97.06	102.14	101.26
43	9	12	11	512	500	107.15	101.31	107.15	105.43
43	15	351	16	512	500	126.99	126.99	113.96	122.08
43	18	453	29	512	500	132.95	132.95	113.50	123.76
43	19	197	32	512	500	125.48	125.48	122.72	
43	22	264	32	512	500	136.66	136.66	128.45	132.04
43	27	58	30	512	500	126.64	121.95	126.64	125.11
43	35	304	25	512	500	148.29	148.29	138.33	144.38
44	5	239	20	512	500	94.29	87.07	88.84	94.29
44	15	338	35	512	500	108.23	105.20	99.70	108.23
44	19	226	30	512	500	105.76	102.72	100.60	
44	20	57	31	512	500	105.31	100.21	105.30	105.31
44	29	122	17	512	500	107.46	102.26	105.02	107.46
45	7	110	24	512	500	96.16	89.53	94.30	96.16
45	15	191	17	512	500	100.69	94.35	96.03	100.69
45	26	97	9	512	500	103.83	98.28	102.00	103.83
45	27	429	30	512	500	115.44	107.87	103.95	115.44
45	29	414	17	512	500	121.99	115.23	110.25	121.99
45	32	308	22	512	500	112.68	107.94	104.60	112.68
46	16	241	28	512	500	105.53	105.53	100.38	103.05
46	17	53	3	512	500	97.43	93.90	97.23	97.43
46	25	62	19	512	500	112.21	108.75	112.21	110.78
46	31	45	20	512	500	114.62	109.30	114.62	112.87
46	31	282	31	512	500	127.59	127.59	120.50	124.28
47	8	30	9	512	500	98.55	92.91	98.55	97.29
47	9	227	15	512	500	104.97	102.87	100.91	104.97
47	13	275	14	512	500	117.07	117.07	109.92	115.44
47	24	254	25	512	500	122.38	122.38	114.19	118.35
47	27	101	21	512	500	119.28	118.36	119.28	119.10
47	34	316	33	512	500	140.83	140.83	131.31	136.50
48	11	248	31	512	500	92.73	85.04	86.67	92.73
48	24	407	25	512	500	105.56	99.50	94.37	
48	26	233	18	512	500	102.14	95.70	96.47	102.14
48	28	384	15	512	500	104.85	98.87	94.11	104.85
49	7	398	28	512	500	95.79	94.02	87.07	95.79
49	12	454	33	512	500	109.52	109.52	94.47	103.36
49	13	506	34	512	500	117.24	117.24	96.44	107.27
49	14	49	17	512	500	89.02	83.92	89.02	87.26
49	16	366	23	512	500	104.35	104.35	90.85	98.50
49	19	333	35	512	500	107.05	107.05	95.06	101.49
49	23	71	27	512	500	95.49	91.66	95.49	93.61
49	33	435	22	512	500	119.37	119.37	102.11	111.35
50	2	37	14	512	500	71.54	64.93	71.54	70.46
50	9	37	11	512	500	82.74	76.73	82.74	82.03
50	32	496	32	512	500	107.45	103.09	95.14	
51	17	419	30	512	500	109.65	109.65	92.72	101.46
51	19	308	32	512	500	111.97	111.97	102.45	106.84
51	23	299	35	512	500	114.45	114.45	103.59	
51	33	326	23	512	500	117.27	117.27	105.66	111.91
52	7	23	20	512	500	81.18	75.05	81.18	79.71
52	7	139	24	512	500	82.74	76.82	81.12	82.74
52	7	433	28	512	500	97.38	89.72	86.10	97.38
52	14	193	17	512	500	90.15	85.58	86.09	90.15
52	15	14	1	512	500	82.13	76.07	82.13	81.03
52	24	16	14	512	500	90.16	85.01	90.16	
52	29	206	13	512	500	97.41	93.90	92.69	
52	33	380	22	512	500	104.73	102.73	95.41	104.73
52	34	206	18	512	500	98.97	95.26	94.53	
52	34	231	13	512	500	100.34	95.91	94.85	100.34
53	15	79	30	512	500	97.25	93.89	97.25	
53	18	42	33	512	500	97.03	91.22	97.03	94.90
53	20	103	21	512	500	106.48	104.41	106.48	105.92
53	27	119	27	512	500	108.16	107.88	108.16	107.89
53	29	60	8	512	500	108.40	104.89	108.40	107.75
53	29	460	28	512	500	144.80	144.80	117.66	127.73
53	30	108	7	512	500	111.24	110.12	110.16	111.24
53	30	371	15	512	500	134.95	134.95	115.45	123.57
54	11	117	10	512	500	83.33	77.13	81.08	83.33
54	12	439	33	512	500	99.27	89.20	87.27	
54	29	381	16	512	500	99.79	92.93	89.25	99.79
54	34	155	11	512	500	92.30	87.08	88.52	92.30
54	34	409	28	512	500	105.91	99.37	94.84	105.91
55	9	142	22	512	500	81.95	79.66	81.91	81.95
55	15	291	35	512	500	94.80	94.80	87.44	92.35
55	16	198	10	512	500	86.09	86.09	81.60	84.76
55	29	357	21	512	500	108.56	108.56	92.02	99.03
55	33	280	24	512	500	102.02	102.02	93.43	
55	34	297	11	512	500	108.00	108.00	97.49	103.52
56	14	277	11	512	500	83.73	80.92	76.74	83.73
56	17	197	24	512	500	84.58	80.92	77.14	84.58
56	29	328	22	512	500	90.76	90.76	82.44	90.62
56	34	280	11	512	500	89.19	88.45	82.21	89.19
56	34	448	35	512	500	98.49	94.87	86.98	98.49
57	17	432	21	512	500	103.61	103.61	86.66	95.62
57	19	52	12	512	500	89.25	85.09	89.25	87.86
57	20	292	21	512	500	102.58	102.58	94.11	98.94
57	22	94	34	512	500	93.27	91.77	93.27	92.10
58	9	38	29	512	500	80.58	73.73	80.58	
58	22	148	13	512	500	93.92	93.92	92.76	93.63
59	3	193	27	512	500	87.05	82.42	85.55	87.05
59	7	264	34	512	500	99.02	95.58	96.49	99.02
59	11	222	25	512	500	90.71	90.46	88.31	90.71
59	34	231	20	512	500	113.64	113.64	108.50	110.72
59	35	157	8	512	500	110.27	110.27	106.67	108.83
60	3	55	32	512	500	67.41	61.12	67.23	67.41
60	7	385	19	512	500	84.51	74.15	74.24	84.51
60	20	230	35	512	500	85.56	79.24	80.72	85.56
61	10	165	32	512	500	86.34	84.71	85.73	86.34
61	23	260	16	512	500	112.35	112.35	105.03	108.91
61	24	292	34	512	500	118.10	118.10	110.11	113.04
61	26	165	16	512	500	100.47	100.47	97.33	98.65
61	28	70	34	512	500	99.14	95.31	99.14	97.05
62	11	24	20	512	500	78.67	71.92	78.67	75.68
62	11	182	35	512	500	82.96	82.51	81.84	82.96
62	11	391	21	512	500	91.77	91.77	82.10	88.92
62	15	60	32	512	500	83.39	77.05	83.39	80.51
62	19	365	24	512	500	106.07	106.07	91.16	97.75
62	33	31	19	512	500	94.76	87.45	94.76	91.78
63	15	88	7	512	500	74.44	68.99	73.18	74.44
63	23	66	23	512	500	80.84	74.98	80.84	80.45
63	28	268	19	512	500	87.79	83.14	81.05	87.79
63	30	101	29	512	500	80.44	75.23	79.26	80.44
64	22	241	20	512	500	77.34	69.37	71.07	77.34
64	23	56	29	512	500	73.15	67.26	73.08	73.15
64	25	260	26	512	500	96.55	90.09	90.28	
64	28	149	32	512	500	76.38	70.33	73.59	76.38
64	29	217	28	512	500	77.70	72.35	72.29	77.70
64	31	328	35	512	500	83.35	75.90	74.38	83.35
65	8	206	21	512	500	74.04	73.00	72.92	74.04
65	15	373	21	512	500	92.65	92.65	78.89	85.15
65	22	68	35	512	500	80.53	76.23	80.53	77.56
65	25	44	26	512	500	81.32	75.19	81.32	78.72
65	26	110	10	512	500	81.67	81.67	80.86	80.80
65	26	174	9	512	500	86.09	86.09	79.99	82.45
66	9	43	24	512	500	68.62	61.48	68.62	67.48
66	24	193	22	512	500	77.54	75.60	74.02	77.54
66	26	29	27	512	500	74.98	67.99	74.98	72.91
66	27	150	28	512	500	77.04	74.97	75.72	77.04
66	32	118	16	512	500	76.85	74.47	75.25	76.85
66	33	59	26	512	500	75.27	69.93	75.27	
66	34	41	22	512	500	76.22	69.78	76.22	74.42
67	8	210	34	512	500	86.01	84.52	85.72	86.01
67	19	355	22	512	500	112.68	112.68	98.91	104.51
67	26	110	6	512	500	94.02	94.02	92.49	93.09
67	27	146	29	512	500	96.78	96.30	96.78	95.02
67	32	238	10	512	500	104.37	104.37	95.51	99.24
67	33	479	31	512	500	125.46	125.46	103.11	112.66
68	16	43	27	512	500	72.95	66.55	72.95	70.93
68	27	93	20	512	500	81.17	76.98	81.10	81.17
68	30	487	33	512	500	90.77	87.99	78.96	90.77
68	32	93	10	512	500	105.68	104.83	79.41	
68	32	434	27	512	500	89.79	88.70	79.16	
69	8	68	14	512	500	72.05	66.40	72.05	70.01
69	9	129	26	512	500	75.18	70.38	75.18	73.27
69	9	220	32	512	500	75.58	74.43	73.78	75.58
69	12	346	20	512	500	84.84	84.84	75.82	80.81
69	12	413	24	512	500	84.75	84.75	74.60	82.04
69	14	335	34	512	500	88.89	88.89	79.89	
69	20	99	24	512	500	80.40	76.49	80.40	
69	20	149	15	512	500	80.39	80.39	79.95	
69	29	297	34	512	500	102.74	102.74	91.11	93.71
70	5	249	32	512	500	66.28	58.67	61.22	66.28
70	29	361	33	512	500	83.90	83.90	72.80	80.52
70	30	297	19	512	500	76.81	76.73	70.14	76.81
70	31	101	28	512	500	69.86	64.91	69.86	
71	8	166	20	512	500	75.22	73.19	75.22	75.18
71	14	4	2	512	500	80.25	73.45	80.25	78.28
71	22	79	27	512	500	87.56	82.56	87.56	
71	23	145	8	512	500	90.18	90.18	87.71	88.70
71	26	72	29	512	500	90.44	83.99	90.44	
72	10	239	17	512	500	69.62	62.01	64.38	69.62
72	14	358	33	512	500	76.17	69.44	67.35	76.17
72	22	178	15	512	500	73.24	68.90	69.71	73.24
73	17	234	26	512	500	84.30	84.30	80.65	80.77
73	24	269	23	512	500	103.78	103.78	95.71	98.58
73	29	204	9	512	500	96.93	96.93	90.86	93.45
73	31	173	29	512	500	97.29	97.29	96.28	96.08
73	32	294	33	512	500	110.99	110.99	103.38	105.15
73	32	512	22	512	500	inf			
74	6	331	33	512	500	76.21	73.85	71.79	76.21
74	11	131	25	512	500	72.18	69.24	72.18	
74	15	312	20	512	500	89.85	89.85	78.75	82.29
74	21	196	28	512	500	83.85	83.85	82.74	
74	25	53	21	512	500	81.27	75.11	81.27	77.95
74	31	203	17	512	500	90.74	90.74	85.98	87.69
74	33	71	30	512	500	84.69	80.06	84.69	81.30
75	11	248	20	512	500	68.74	60.71	63.56	
75	21	396	34	512	500	84.18	77.54	73.90	84.18
75	25	249	19	512	500	73.80	67.18	68.47	73.80
75	29	322	24	512	500	77.92	73.40	70.37	77.92
75	30	188	9	512	500	72.54	67.37	68.74	72.54
75	32	186	22	512	500	72.94	68.62	69.52	
76	8	136	27	512	500	62.66	57.14	62.18	62.66
76	16	17	5	512	500	65.16	58.27	65.16	
76	19	164	33	512	500	71.29	67.05	69.80	71.29
76	28	164	27	512	500	73.27	69.97	71.74	
77	5	22	13	512	500	59.32	51.39	59.32	55.71
77	6	315	32	512	500	73.05	69.77	70.74	73.05
77	13	130	31	512	500	66.19	63.23	66.19	64.47
77	15	155	26	512	500	67.83	65.16	67.83	65.50
77	20	488	28	512	500	96.80	96.80	77.72	85.12
77	22	508	28	512	500	93.99	93.99	72.88	81.15
77	23	185	30	512	500	71.27	71.02	71.27	
77	25	232	29	512	500	76.30	76.30	71.17	72.34
77	26	122	7	512	500	67.35	67.35	66.61	66.94
77	32	256	33	512	500	80.66	80.66	72.23	
78	27	328	17	512	500	80.71	80.71	70.10	77.74
78	29	259	11	512	500	77.26	77.26	69.95	75.73
78	30	452	28	512	500	81.30	81.30	69.58	79.70
78	31	169	15	512	500	70.80	67.22	68.90	70.80
79	12	401	24	512	500	89.56	89.56	79.48	85.80
79	14	284	14	512	500	95.19	95.19	86.51	90.18
79	16	224	27	512	500	82.98	82.98	81.92	81.08
79	35	465	23	512	500	121.66	121.66	100.09	108.41
80	13	105	23	512	500	60.89	54.41	59.26	60.89
81	6	138	31	512	500	63.34	56.07	61.14	63.34
81	24	51	17	512	500	66.61	60.41	66.61	65.83
81	24	150	11	512	500	68.24	62.51	65.09	68.24
82	23	428	32	512	500	99.17	99.17	82.16	86.85
82	32	33	20	512	500	80.06	72.18	80.06	75.31
82	34	153	9	512	500	81.83	81.83	79.54	
83	8	70	16	512	500	68.77	62.03	68.77	65.77
83	12	484	35	512	500	93.27	93.27	77.52	86.04
83	18	299	13	512	500	100.76	100.76	90.65	94.97
83	19	356	21	512	500	107.56	107.56	91.34	96.19
83	22	340	30	512	500	102.94	102.94	90.98	93.32
84	12	191	35	512	500	62.42	55.71	59.15	62.42
84	15	243	24	512	500	64.11	57.13	59.75	64.11
84	18	51	23	512	500	60.82	54.36	60.82	59.75
84	21	369	30	512	500	72.23	67.14	63.17	72.23
84	26	307	19	512	500	71.68	67.23	64.53	71.68
84	31	218	20	512	500	67.46	63.97	63.53	67.46
84	35	468	32	512	500	75.86	67.76	64.59	75.86
85	13	297	33	512	500	76.98	76.98	69.41	71.64
85	13	456	34	512	500	88.72	88.72	72.86	
85	14	440	22	512	500	83.68	83.68	69.78	76.05
85	15	483	26	512	500	83.50	83.50	67.65	74.36
85	23	450	18	512	500	96.22	96.22	75.50	83.08
85	29	231	18	512	500	77.24	77.24	71.18	71.98
85	31	396	18	512	500	93.84	93.84	75.04	81.44
86	17	509	29	512	500	97.34	97.34	73.26	82.11
86	19	325	29	512	500	86.82	86.82	78.56	
86	23	484	29	512	500	98.48	98.48	77.74	84.67
86	29	407	28	512	500	97.57	97.57	79.72	
87	9	287	35	512	500	69.39	68.21	66.85	
87	17	481	23	512	500	92.15	92.15	73.15	81.34
87	24	38	8	512	500	68.55	62.76	68.55	65.87
87	35	481	23	512	500	inf			
88	8	23	5	512	500	52.38	45.59	52.38	50.23
88	8	309	32	512	500	62.89	57.63	57.20	62.89
88	19	494	20	512	500	74.64	72.35	63.03	74.64
88	31	316	24	512	500	68.67	68.67	61.18	67.29
89	25	61	34	512	500	80.72	73.62	80.72	76.20
89	27	145	9	512	500	79.68	79.68	78.90	78.96
89	29	277	30	512	500	111.40	111.40	104.05	103.78
89	29	294	22	512	500	102.74	102.74	93.71	96.30
89	31	277	15	512	500	110.61	110.61	101.41	104.37
89	35	366	28	512	500	111.49	111.49	94.17	97.71
90	11	97	7	512	500	57.38	51.55	56.55	57.38
90	27	202	15	512	500	64.75	59.39	60.98	64.75
90	28	92	25	512	500	62.00	55.92	62.00	
90	28	191	10	512	500	64.27	60.21	60.63	64.27
90	30	365	24	512	500	70.36	65.30	61.98	70.36
91	4	125	30	512	500	56.17	47.46	56.17	51.68
91	9	338	25	512	500	63.68	63.39	61.56	63.68
91	10	94	29	512	500	60.09	51.47	60.09	54.67
91	14	107	28	512	500	59.80	55.69	59.80	
91	17	32	14	512	500	59.52	51.43	59.52	54.56
91	23	122	21	512	500	63.96	61.41	63.96	61.27
91	29	332	33	512	500	78.95	78.95	68.58	70.96
91	32	376	22	512	500	84.24	84.24	68.73	72.44
92	8	204	12	512	500	60.24	54.12	53.92	60.24
92	11	13	9	512	500	53.85	46.54	53.85	51.24
92	17	186	13	512	500	61.89	58.45	59.18	61.89
92	22	180	11	512	500	65.44	62.96	62.37	65.44
92	26	143	18	512	500	64.18	60.42	63.71	
92	27	157	7	512	500	64.25	60.47	62.51	64.25
92	31	209	15	512	500	68.45	65.76	64.77	
93	13	399	21	512	500	80.58	80.58	66.76	70.97
93	19	142	31	512	500	69.36	66.92	69.36	66.69
93	24	33	18	512	500	68.43	60.42	68.43	
93	27	354	17	512	500	88.54	88.54	74.83	78.88
93	32	22	15	512	500	72.01	64.50	72.01	
93	32	272	14	512	500	85.16	85.16	77.12	78.99
94	11	301	29	512	500	73.18	73.18	70.96	71.75
94	17	57	8	512	500	61.83	55.83	61.83	59.40
94	19	346	19	512	500	83.02	83.02	71.90	75.90
94	31	218	17	512	500	82.97	82.97	73.90	74.79
95	16	143	26	512	500	61.58	58.85	61.58	59.13
95	30	60	28	512	500	67.14	58.61	67.14	61.07
95	30	138	26	512	500	68.27	68.27	67.77	64.45
95	30	169	21	512	500	67.10	67.10	66.48	64.86
95	31	64	28	512	500	66.61	60.64	66.61	
96	15	122	6	512	500	54.24	47.56	51.52	54.24
96	24	497	28	512	500	72.39	61.05	59.53	72.39
96	26	286	32	512	500	62.74	57.08	56.35	62.74
97	10	263	16	512	500	108.21	107.49	106.13	108.21
97	10	436	28	512	500	85.62	85.62	78.07	82.13
97	15	417	26	512	500	84.02	84.02	72.01	77.31
97	19	189	11	512	500	80.53	80.53	77.16	77.72
97	30	328	17	512	500	100.98	100.98	88.15	92.24
98	4	29	25	512	500	48.62	40.27	48.62	45.06
98	20	483	29	512	500	70.59	68.00	60.34	70.59
99	12	128	14	512	500	55.32	49.02	54.28	55.32
99	23	338	33	512	500	68.28	63.23	61.08	68.28
99	25	278	28	512	500	68.42	64.21	62.96	68.42
99	26	208	18	512	500	63.80	58.91	60.24	63.80
100	9	71	30	512	500	50.62	44.06	50.62	50.03
100	23	253	15	512	500	59.30	51.54	53.12	59.30
100	34	35	8	512	500	55.27	48.88	55.27	54.57
101	5	183	31	512	500	96.38	90.26	96.38	94.09
101	8	290	32	512	500	93.82	91.87	93.82	93.22
101	9	91	13	512	500	64.51	57.67	64.51	61.11
101	14	42	2	512	500	61.77	56.06	61.77	59.88
101	17	188	35	512	500	78.87	76.45	78.87	76.06
101	27	297	32	512	500	113.11	113.11	105.50	105.81
101	27	372	18	512	500	97.45	97.45	82.73	86.73
102	8	322	33	512	500	60.95	55.42	54.98	60.95
102	11	255	28	512	500	54.44	48.73	50.41	54.44
102	13	292	30	512	500	61.65	58.76	56.51	61.65
102	20	313	30	512	500	64.58	63.90	59.75	
102	20	317	32	512	500	64.90	64.19	58.98	64.90
102	26	401	23	512	500	73.93	73.93	64.49	72.48
102	35	186	26	512	500	63.21	60.81	61.97	63.21
103	11	92	5	512	500	58.11	54.14	58.11	57.01
103	29	75	18	512	500	72.76	66.95	72.76	67.92
103	35	102	24	512	500	75.69	70.47	75.69	71.03
104	12	220	22	512	500	54.33	49.14	51.33	
104	15	143	27	512	500	55.66	50.31	55.66	54.88
104	25	239	18	512	500	61.93	60.26	58.39	
104	27	360	23	512	500	69.31	69.31	62.87	69.18
104	30	216	18	512	500	63.57	60.66	60.72	
104	35	481	18	512	500	73.86	71.10	62.80	73.86
105	14	245	18	512	500	57.14	49.83	52.73	57.14
105	23	253	28	512	500	60.99	56.30	56.41	
105	27	241	23	512	500	64.42	58.81	60.30	64.42
105	28	367	26	512	500	64.73	60.59	56.87	64.73
105	32	179	12	512	500	58.96	55.72	56.28	58.96
106	14	34	26	512	500	59.32	50.08	59.32	53.91
106	14	152	23	512	500	61.66	57.85	61.66	58.32
106	22	151	19	512	500	66.50	66.49	66.50	63.96
106	27	71	33	512	500	67.53	61.15	67.53	62.29
106	29	197	8	512	500	73.53	73.53	68.98	70.08
107	13	84	18	512	500	62.82	55.93	62.82	58.12
107	19	28	17	512	500	65.80	57.38	65.80	60.54
107	27	359	14	512	500	106.51	106.51	85.89	90.39
107	30	122	12	512	500	70.35	68.32	70.35	68.16
107	30	357	29	512	500	103.23	103.23	91.58	93.82
108	8	158	16	512	500	55.56	48.54	52.97	55.56
108	17	434	31	512	500	65.54	57.17	55.54	65.54
108	24	169	35	512	500	56.11	50.14	53.67	56.11
108	26	84	29	512	500	53.78	47.87	53.78	
108	26	170	15	512	500	54.89	49.87	52.05	54.89
108	28	185	25	512	500	56.22	51.19	53.89	56.22
108	35	124	20	512	500	53.71	48.58	53.00	53.71
108	35	161	20	512	500	55.37	49.64	53.26	55.37
109	13	67	31	512	500	64.33	56.01	64.33	58.38
109	26	100	27	512	500	71.03	65.11	71.03	65.02
109	35	338	34	512	500	112.78	112.78	103.11	
110	10	137	28	512	500	49.94	43.38	49.94	
110	11	171	10	512	500	47.49	43.12	45.32	47.49
110	21	170	34	512	500	52.44	47.90	52.44	51.78
110	21	449	20	512	500	61.17	59.51	51.82	61.17
110	23	178	13	512	500	52.22	49.72	50.48	
110	25	123	28	512	500	49.77	45.26	49.77	49.50
110	34	94	34	512	500	54.75	48.64	54.75	
111	9	148	27	512	500	56.18	50.43	56.18	52.55
111	10	38	15	512	500	54.08	44.56	54.08	
111	17	114	30	512	500	60.10	54.20	60.10	55.49
111	23	45	23	512	500	62.82	53.90	62.82	57.24
111	31	306	33	512	500	81.53	81.53	73.56	
111	32	435	22	512	500	93.17	93.17	76.37	80.42
112	11	381	26	512	500	56.28	45.40	46.77	56.28
112	16	477	34	512	500	65.07	54.03	53.27	65.07
112	18	83	9	512	500	46.73	40.94	46.22	
112	34	80	26	512	500	49.82	43.83	49.82	
113	8	209	30	512	500	70.52	66.91	70.52	68.70
113	11	153	28	512	500	64.42	59.10	64.42	60.75
113	14	425	33	512	500	91.11	91.11	77.00	80.32
113	15	189	10	512	500	84.00	84.00	81.08	81.21
113	28	49	3	512	500	67.03	61.70	67.03	64.98
113	28	230	15	512	500	77.23	77.23	73.18	72.38
113	31	352	31	512	500	107.46	107.46	96.05	97.33
114	14	230	15	512	500	51.32	46.69	48.33	51.32
114	28	44	13	512	500	54.75	47.02	54.75	
115	6	172	24	512	500	54.21	47.28	54.21	51.32
115	19	174	24	512	500	61.82	60.32	61.82	58.10
115	25	130	8	512	500	57.94	57.34	57.94	56.44
115	30	270	23	512	500	72.65	72.65	67.08	
115	33	131	30	512	500	66.60	60.96	66.60	
115	33	145	28	512	500	64.31	61.81	64.31	58.97
115	34	289	19	512	500	76.58	76.58	66.24	67.28
116	15	30	4	512	500	49.04	42.08	49.04	46.36
116	33	266	23	512	500	67.35	67.35	62.52	66.43
117	5	150	26	512	500	48.77	41.02	47.11	48.77
117	8	456	35	512	500	65.87	54.60	54.72	65.87
117	15	105	9	512	500	52.08	46.76	50.75	52.08
117	18	64	21	512	500	53.52	46.59	53.52	51.65
118	17	42	9	512	500	54.10	46.46	54.10	50.01
118	30	43	7	512	500	61.40	55.14	61.40	57.67
119	10	189	18	512	500	52.72	49.55	52.72	50.24
119	11	29	19	512	500	50.21	40.83	50.21	44.77
119	12	193	18	512	500	54.16	50.18	54.16	
119	20	220	30	512	500	61.45	59.78	61.45	56.45
119	26	266	29	512	500	70.20	70.20	63.06	61.77
119	27	366	15	512	500	73.40	73.40	60.05	62.99
119	34	289	12	512	500	69.18	69.18	61.16	63.02
120	11	87	35	512	500	44.57	38.20	44.57	
120	12	306	17	512	500	52.43	43.24	45.29	52.43
120	14	246	12	512	500	49.05	40.51	43.23	49.05
120	24	357	24	512	500	57.29	49.73	49.30	57.29
120	32	59	24	512	500	48.88	42.30	48.88	47.99
120	33	334	19	512	500	57.35	49.73	49.19	57.35
121	8	355	33	512	500	55.83	55.83	54.22	54.96
121	9	218	21	512	500	50.48	48.02	50.48	48.94
121	9	361	30	512	500	54.24	54.24	52.99	53.28
121	10	311	33	512	500	54.20	54.20	53.58	53.04
121	20	196	29	512	500	59.19	57.32	59.19	53.59
121	20	340	34	512	500	68.77	68.77	60.59	58.84
121	22	512	30	512	500	89.12	89.12	61.17	67.86
121	23	222	27	512	500	59.74	59.74	56.76	
121	32	122	5	512	500	49.64	49.41	49.64	48.76
122	6	191	35	512	500	61.62	55.56	61.62	58.54
122	16	39	35	512	500	58.46	48.83	58.46	52.40
122	17	487	26	512	500	75.40	75.40	62.29	65.94
122	21	360	16	512	500	79.35	79.35	66.28	69.64
122	28	58	20	512	500	65.78	58.25	65.78	59.10
122	34	114	6	512	500	63.47	62.34	63.47	62.30
122	34	284	29	512	500	95.54	95.54	93.52	91.54
122	34	394	28	512	500	85.99	85.99	75.10	
123	7	155	22	512	500	52.10	45.26	52.10	48.26
123	29	395	18	512	500	82.01	82.01	67.45	70.50
123	31	83	15	512	500	61.33	55.93	61.33	56.75
123	31	352	26	512	500	80.69	80.69	70.36	71.08
124	10	61	7	512	500	43.57	37.49	43.57	42.84
124	17	422	21	512	500	58.22	54.38	50.57	58.22
124	19	130	27	512	500	54.66	49.37	54.66	
125	12	428	29	512	500	58.77	45.98	48.25	58.77
125	14	229	16	512	500	48.77	39.99	43.94	48.77
125	23	129	19	512	500	53.16	41.33	47.74	
125	25	68	16	512	500	46.66	41.01	46.66	46.56
125	28	134	14	512	500	48.38	42.25	46.91	48.38
125	34	88	9	512	500	46.69	41.07	45.89	46.69
126	9	36	10	512	500	46.12	38.08	46.12	43.80
126	10	364	34	512	500	54.65	46.18	47.50	54.65
126	15	155	22	512	500	47.88	41.57	46.13	47.88
126	18	146	21	512	500	50.30	44.48	49.22	50.30
126	22	475	23	512	500	65.30	60.95	56.04	65.30
126	26	356	18	512	500	57.39	52.83	49.62	57.39
127	10	244	30	512	500	59.21	57.08	59.21	56.99
127	16	30	15	512	500	60.09	48.26	60.09	
127	26	372	19	512	500	107.71	107.71	94.76	97.27
127	30	330	24	512	500	121.18	121.18	112.87	111.91
128	9	320	24	512	500	50.97	40.78	44.04	50.97
128	12	325	30	512	500	51.02	41.77	44.51	51.02
128	16	300	30	512	500	64.43	55.82	57.94	64.43
128	19	389	23	512	500	55.37	46.51	46.24	55.37
128	22	88	7	512	500	44.53	38.59	44.08	44.53
128	24	94	12	512	500	46.50	40.63	46.50	46.50
128	25	128	30	512	500	45.37	39.35	44.59	45.37
128	26	240	14	512	500	49.18	42.39	44.09	49.18
129	5	33	21	512	500	49.49	38.34	49.49	43.33
129	20	36	26	512	500	57.27	47.52	57.27	50.78
129	34	296	28	512	500	85.16	85.16	75.79	
130	13	53	6	512	500	43.80	36.35	43.80	41.30
130	17	331	20	512	500	51.86	49.53	47.32	51.86
130	20	500	24	512	500	63.08	59.44	53.07	63.08
130	21	154	16	512	500	48.47	44.50	48.47	
130	25	300	22	512	500	55.16	55.16	49.58	
130	26	167	30	512	500	49.93	45.28	49.93	
130	28	67	21	512	500	49.53	42.05	49.53	45.16
131	19	464	22	512	500	86.35	86.35	69.38	73.44
131	25	197	26	512	500	88.99	88.12	88.99	
131	26	376	19	512	500	112.66	112.66	99.49	101.92
132	13	322	26	512	500	53.13	46.68	47.29	53.13
132	13	366	21	512	500	52.77	45.79	44.67	52.77
132	14	100	14	512	500	45.54	39.01	45.54	44.78
132	18	57	27	512	500	47.36	38.24	47.36	43.94
132	22	363	23	512	500	56.12	50.05	48.96	56.12
132	30	326	21	512	500	57.84	54.01	51.39	57.84
133	30	166	22	512	500	55.86	55.03	55.86	
134	9	65	20	512	500	53.70	42.16	53.70	45.91
134	23	59	35	512	500	61.88	53.09	61.88	54.14
134	28	497	21	512	500	90.72	90.72	70.63	74.85
134	29	307	26	512	500	99.82	99.82	93.24	90.48
135	14	312	27	512	500	55.30	49.35	49.77	55.30
135	16	295	35	512	500	53.33	47.60	51.14	53.33
136	16	446	24	512	500	58.81	55.38	50.45	58.81
136	20	41	9	512	500	47.91	39.69	47.91	44.37
136	30	191	17	512	500	51.35	48.91	49.92	51.35
136	34	454	33	512	500	69.08	69.08	58.55	65.76
137	9	34	34	512	500	53.83	42.36	53.83	46.91
137	20	6	3	512	500	63.82	55.10	63.82	59.88
137	20	158	29	512	500	64.08	60.41	64.08	58.49
137	30	171	24	512	500	104.18	102.34	104.18	98.76
137	32	7	5	512	500	65.01	56.33	65.01	
137	33	142	34	512	500	78.20	73.19	78.20	69.93
138	14	276	24	512	500	52.63	50.78	49.55	52.63
138	15	33	25	512	500	46.92	36.96	46.92	41.82
138	22	334	28	512	500	58.22	58.22	51.71	
138	28	34	8	512	500	49.79	41.29	49.79	
139	10	167	14	512	500	54.08	49.49	54.08	50.83
139	12	102	14	512	500	54.02	46.27	54.02	48.58
139	13	183	11	512	500	97.18	95.98	97.18	95.54
139	15	115	10	512	500	62.27	58.02	62.27	58.80
139	16	314	24	512	500	112.40	112.40	109.51	107.61
139	18	187	12	512	500	94.03	92.81	94.03	92.19
139	21	72	4	512	500	56.18	51.63	56.18	53.38
139	32	162	30	512	500	70.55	68.20	70.55	62.78
140	19	264	28	512	500	51.62	44.65	46.48	51.62
140	21	299	22	512	500	54.84	48.04	48.57	54.84
140	23	298	23	512	500	52.55	50.30	47.52	52.55
140	31	176	27	512	500	47.90	41.93	45.52	
140	34	211	20	512	500	47.96	42.10	43.94	47.96
141	13	123	25	512	500	54.51	46.92	54.51	47.93
141	14	447	24	512	500	67.67	67.67	57.26	58.48
141	25	83	29	512	500	58.11	49.37	58.11	
141	29	381	30	512	500	77.05	77.05	65.30	66.07
141	32	145	9	512	500	59.24	59.24	56.79	54.44
141	34	411	19	512	500	86.75	86.75	65.84	68.06
141	34	417	18	512	500	81.31	81.31	64.54	67.33
142	16	279	19	512	500	95.21	95.21	93.97	92.59
142	16	502	29	512	500	78.52	78.52	60.48	64.70
142	22	431	21	512	500	79.56	79.56	62.56	65.88
142	27	282	12	512	500	97.34	97.34	89.72	90.63
142	31	236	16	512	500	66.54	66.54	63.49	61.21
142	32	290	32	512	500	88.80	88.80	86.88	82.08
142	33	236	32	512	500	69.16	68.43	69.16	62.12
143	10	31	12	512	500	45.03	34.19	45.03	
143	14	64	10	512	500	46.15	37.66	46.15	40.95
143	14	378	20	512	500	58.08	58.08	49.98	51.65
143	17	158	23	512	500	48.76	43.27	48.76	43.45
143	18	213	13	512	500	49.98	49.98	48.77	46.54
143	24	120	13	512	500	49.71	46.67	49.71	44.92
143	33	19	17	512	500	56.32	44.84	56.32	48.86
144	15	211	32	512	500	43.31	35.50	39.62	43.31
144	16	140	23	512	500	41.39	34.70	40.58	41.39
144	19	234	20	512	500	45.52	37.57	40.88	45.52
144	22	107	16	512	500	41.41	35.57	40.34	41.41
144	25	415	26	512	500	53.43	45.86	44.05	53.43
144	28	344	20	512	500	50.42	43.71	42.42	50.42
145	13	269	21	512	500	71.13	71.13	67.90	65.82
146	32	415	23	512	500	89.56	89.56	65.63	67.37
146	33	380	32	512	500	91.25	91.25	82.73	79.72
147	14	202	11	512	500	45.00	38.71	42.72	45.00
147	15	53	18	512	500	43.62	36.74	43.62	42.36
147	20	185	13	512	500	47.75	42.35	46.41	47.75
147	34	492	22	512	500	56.61	52.09	45.88	56.61
147	35	362	19	512	500	58.41	53.43	51.04	58.41
148	10	297	22	512	500	56.80	53.00	52.84	56.80
148	11	56	4	512	500	41.62	33.41	41.62	38.77
148	12	446	31	512	500	52.58	46.30	44.74	52.58
148	13	359	23	512	500	53.59	51.03	48.70	53.59
148	16	150	12	512	500	46.64	40.62	46.64	44.95
148	22	49	5	512	500	48.27	40.28	48.27	45.09
148	27	178	14	512	500	52.25	49.55	51.61	52.25
148	29	392	21	512	500	59.15	58.64	52.43	59.15
149	17	96	8	512	500	56.85	51.10	56.85	52.50
149	19	186	30	512	500	107.40	104.50	107.40	100.39
149	23	99	27	512	500	63.73	56.81	63.73	
149	26	20	9	512	500	61.37	51.33	61.37	55.48
149	27	159	27	512	500	71.27	63.86	71.27	
149	27	230	22	512	500	70.75	70.08	70.75	65.65
149	33	253	14	512	500	71.43	71.43	67.80	65.46
150	17	210	30	512	500	43.92	35.59	40.39	43.92
150	17	414	21	512	500	54.97	43.09	44.36	54.97
150	26	67	19	512	500	41.02	34.90	41.02	
150	33	297	22	512	500	50.54	42.56	44.99	50.54
151	11	40	30	512	500	58.20	46.57	58.20	50.16
151	12	101	6	512	500	51.18	45.86	51.18	47.89
151	20	262	12	512	500	157.24	157.24	153.19	153.00
151	25	499	26	512	500	90.85	90.85	69.27	71.04
151	30	233	31	512	500	76.43	76.43	72.34	67.27
151	32	88	9	512	500	71.99	66.13	71.99	67.35
152	16	106	34	512	500	48.03	39.09	48.03	43.67
152	24	130	8	512	500	49.17	44.42	49.17	47.76
152	24	154	24	512	500	51.67	46.01	51.67	48.96
152	29	36	31	512	500	52.01	42.42	52.01	
152	30	295	30	512	500	62.10	62.10	59.03	60.91
153	8	144	18	512	500	43.79	36.86	42.28	43.79
153	25	86	31	512	500	49.34	41.85	49.34	
153	27	451	27	512	500	59.17	55.46	49.99	59.17
153	28	204	23	512	500	52.40	48.13	50.75	52.40
153	30	264	18	512	500	57.46	55.51	53.15	57.46
154	10	341	29	512	500	50.35	46.03	45.77	50.35
154	13	253	19	512	500	41.72	36.93	39.02	41.72
154	18	124	31	512	500	68.95	68.95	62.17	
154	24	76	8	512	500	42.23	35.57	42.23	38.76
154	32	171	32	512	500	44.61	43.47	44.61	
155	16	250	20	512	500	50.89	49.86	50.89	47.05
155	29	234	30	512	500	61.42	59.12	61.42	
155	30	319	34	512	500	71.27	71.27	67.57	63.19
156	28	357	32	512	500	52.56	48.14	46.21	52.56
157	11	207	22	512	500	88.22	81.73	88.22	82.12
157	22	31	24	512	500	62.52	50.52	62.52	53.51
157	24	406	19	512	500	113.54	113.54	102.47	103.65
157	32	216	34	512	500	84.22	84.22	82.00	77.46
157	33	439	32	512	500	103.33	103.33	87.36	89.59
158	15	15	7	512	500	48.23	38.30	48.23	42.66
158	19	205	28	512	500	70.69	65.22	70.69	62.50
158	21	45	4	512	500	51.30	43.64	51.30	46.91
158	22	179	9	512	500	77.00	77.00	75.32	73.18
158	24	273	24	512	500	109.46	109.46	107.54	103.91
159	22	299	16	512	500	86.36	86.36	79.48	77.19
159	25	100	5	512	500	50.21	48.64	50.21	47.08
159	32	391	34	512	500	90.20	90.20	78.46	76.44
160	8	191	29	512	500	41.58	33.15	38.93	41.58
160	8	194	29	512	500	40.91	32.59	38.05	40.91
160	11	320	30	512	500	46.30	36.60	40.50	46.30
160	18	390	33	512	500	53.12	43.85	44.19	53.12
160	25	161	35	512	500	41.80	35.34	41.34	41.80
160	29	34	2	512	500	38.90	32.53	38.90	37.89
161	15	87	23	512	500	49.80	39.99	49.80	41.22
161	18	91	35	512	500	50.12	39.26	50.12	41.65
161	27	206	27	512	500	58.19	56.88	58.19	50.35
161	30	139	29	512	500	55.94	49.60	55.94	48.43
161	30	208	32	512	500	58.65	55.26	58.65	51.30
161	34	71	32	512	500	54.61	44.96	54.61	45.21
162	10	119	22	512	500	42.38	33.86	42.38	40.03
162	11	220	20	512	500	43.03	35.66	41.53	43.03
162	16	227	17	512	500	44.57	37.94	42.37	44.57
162	23	196	30	512	500	45.57	40.14	44.86	45.57
162	27	411	32	512	500	60.59	56.85	52.05	60.59
162	31	416	32	512	500	52.67	46.87	45.24	52.67
162	31	446	28	512	500	53.39	49.87	44.93	53.39
162	32	16	11	512	500	43.63	35.52	43.63	40.28
162	33	96	11	512	500	44.41	38.60	44.41	43.00
163	12	442	34	512	500	91.18	91.18	88.88	85.90
163	30	238	14	512	500	69.15	69.15	67.70	63.88
164	12	316	22	512	500	57.22	53.50	54.13	57.22
164	25	115	17	512	500	47.41	41.02	47.41	
164	26	142	33	512	500	50.10	43.34	50.10	
164	26	299	32	512	500	64.02	64.02	58.83	61.85
164	32	194	22	512	500	52.64	51.62	52.64	
165	12	184	22	512	500	42.82	36.24	42.65	42.82
165	15	116	26	512	500	42.70	35.21	42.70	
165	17	130	12	512	500	42.24	36.34	41.67	42.24
165	18	340	23	512	500	50.43	45.08	44.34	50.43
165	19	355	25	512	500	50.81	45.11	44.20	50.81
166	13	212	17	512	500	62.38	60.76	62.38	59.07
166	21	326	15	512	500	98.29	98.29	91.89	91.15
166	22	120	30	512	500	57.01	49.74	57.01	48.88
166	25	142	28	512	500	60.90	54.08	60.90	53.21
166	25	379	17	512	500	85.66	85.66	75.07	75.10
166	28	283	17	512	500	115.44	115.44	104.48	102.85
166	28	320	33	512	500	111.80	111.80	104.44	98.91
166	29	124	25	512	500	61.92	54.87	61.92	
166	32	241	13	512	500	62.47	62.47	61.00	56.92
167	16	109	35	512	500	78.46	68.63	78.46	
167	16	490	31	512	500	77.76	77.76	65.24	67.49
167	19	111	29	512	500	83.02	74.11	83.02	
167	23	496	34	512	500	86.26	86.26	67.30	68.38
167	27	119	17	512	500	66.62	59.03	66.62	
167	34	345	23	512	500	144.68	144.68	136.41	134.69
168	10	59	28	512	500	35.82	28.35	35.82	34.52
168	12	38	34	512	500	37.21	28.95	37.21	
168	19	304	19	512	500	46.53	39.04	40.98	46.53
168	19	451	23	512	500	54.12	44.08	43.82	54.12
168	28	357	20	512	500	48.08	40.43	42.48	48.08
168	29	236	27	512	500	42.45	36.01	38.41	
168	33	37	12	512	500	39.15	31.71	39.15	
168	33	49	31	512	500	40.42	32.49	40.42	
168	34	446	18	512	500	49.95	39.88	39.17	49.95
169	12	106	27	512	500	48.64	37.16	48.64	39.56
169	18	110	6	512	500	41.18	37.27	41.18	38.12
169	24	464	24	512	500	66.35	66.35	56.37	55.86
169	25	49	3	512	500	41.42	35.30	41.42	37.57
169	25	199	31	512	500	55.78	52.43	55.78	46.31
169	28	48	3	512	500	41.88	35.51	41.88	37.92
169	31	505	29	512	500	81.05	81.05	66.52	68.67
169	33	178	33	512	500	55.08	50.09	55.08	47.69
170	12	254	22	512	500	39.43	34.34	38.75	39.43
170	14	447	33	512	500	53.57	48.52	46.96	53.57
170	19	84	30	512	500	44.11	34.50	44.11	
170	22	285	25	512	500	50.41	50.41	47.79	48.99
170	26	158	23	512	500	57.68	50.65	57.68	54.30
170	26	225	18	512	500	43.41	40.67	42.18	
171	10	143	33	512	500	41.32	34.74	41.19	41.32
171	30	195	31	512	500	48.42	44.73	48.01	48.42
171	31	17	14	512	500	49.10	40.12	49.10	44.96
171	31	336	21	512	500	58.19	53.93	53.30	58.19
172	17	104	29	512	500	47.47	37.68	47.47	44.16
172	19	279	23	512	500	59.35	58.94	57.20	59.35
172	20	125	9	512	500	40.58	36.27	40.58	40.36
172	20	509	29	512	500	58.39	57.47	50.46	58.39
172	21	268	13	512	500	66.88	66.77	64.03	66.88
172	23	53	5	512	500	45.42	36.62	45.42	41.71
172	24	153	11	512	500	46.26	40.54	46.26	44.28
173	13	135	29	512	500	106.21	95.88	106.21	96.27
173	32	411	35	512	500	115.04	115.04	105.22	103.72
174	12	73	7	512	500	39.16	30.35	39.16	35.28
174	20	471	28	512	500	51.93	49.54	45.72	51.93
174	23	80	30	512	500	47.99	36.47	47.99	40.60
174	25	371	18	512	500	52.86	52.86	47.61	52.83
174	28	116	26	512	500	45.20	39.66	45.20	42.41
175	13	24	23	512	500	37.11	29.25	37.11	34.48
175	13	250	24	512	500	41.15	31.83	36.87	41.15
175	13	415	29	512	500	46.84	35.24	37.41	46.84
175	14	91	27	512	500	37.38	30.28	37.38	36.55
175	20	83	30	512	500	39.36	32.36	39.36	38.39
175	20	104	16	512	500	37.87	31.95	37.66	37.87
175	27	236	13	512	500	43.37	35.19	39.06	43.37
175	30	355	27	512	500	50.18	40.11	42.30	50.18
175	32	125	20	512	500	39.34	33.26	39.00	
175	32	264	24	512	500	47.07	40.55	43.71	
176	11	145	16	512	500	36.96	29.76	36.42	36.96
176	11	273	29	512	500	43.69	34.29	38.84	43.69
176	12	231	23	512	500	38.37	29.81	35.24	38.37
176	30	120	25	512	500	38.39	31.73	38.39	37.97
176	30	403	31	512	500	48.07	41.98	40.32	
177	10	20	7	512	500	46.44	36.09	46.44	36.55
177	14	144	17	512	500	54.98	48.41	54.98	48.95
177	17	54	35	512	500	50.76	37.90	50.76	
177	23	249	17	512	500	56.40	56.40	53.67	49.99
177	23	479	34	512	500	81.17	81.17	65.81	63.35
178	15	150	17	512	500	60.23	55.20	60.23	54.01
178	17	65	19	512	500	59.02	46.41	59.02	48.81
178	23	476	22	512	500	77.90	77.90	63.30	63.73
178	25	41	5	512	500	48.94	40.63	48.94	
178	29	506	24	512	500	90.41	90.41	71.72	72.47
178	31	366	31	512	500	99.44	99.44	92.06	88.91
179	18	168	18	512	500	52.04	47.30	52.04	46.35
180	21	47	11	512	500	37.33	30.05	37.33	35.89
180	23	82	11	512	500	36.76	30.39	36.76	36.40
180	25	226	35	512	500	41.09	32.87	37.25	41.09
180	25	264	26	512	500	44.47	36.98	39.92	
180	25	384	28	512	500	47.11	37.32	38.69	47.11
180	27	67	32	512	500	37.69	30.81	37.69	
181	13	233	25	512	500	71.29	67.13	71.29	64.63
181	18	180	27	512	500	130.53	125.43	130.53	123.25
181	18	189	18	512	500	114.18	111.59	114.18	109.36
181	19	192	23	512	500	113.40	110.57	113.40	
181	24	379	25	512	500	121.73	121.73	112.91	110.42
181	33	245	27	512	500	65.04	65.04	64.28	57.55
182	20	144	16	512	500	43.56	35.38	43.56	40.19
182	30	88	26	512	500	44.92	35.24	44.92	
182	31	56	24	512	500	45.56	34.60	45.56	38.99
183	17	39	10	512	500	46.99	35.44	46.99	
183	17	483	27	512	500	67.73	67.73	59.84	59.58
183	19	132	7	512	500	59.54	57.29	59.54	55.79
183	30	408	28	512	500	92.70	92.70	76.55	75.38
183	31	288	29	512	500	98.08	97.87	98.08	
183	35	244	24	512	500	60.12	59.71	60.12	54.14
184	9	52	6	512	500	38.82	28.51	38.82	34.49
184	17	304	23	512	500	60.96	59.03	58.11	60.96
184	19	223	31	512	500	43.78	40.38	43.77	43.78
184	22	40	4	512	500	42.75	33.38	42.75	37.97
184	30	432	35	512	500	61.40	61.40	53.37	59.67
184	35	86	23	512	500	51.71	41.29	51.71	45.47
185	24	104	16	512	500	53.92	45.55	53.92	
185	27	377	20	512	500	74.39	74.39	64.62	63.43
185	29	255	33	512	500	59.13	59.13	55.67	49.59
186	9	221	30	512	500	42.63	36.09	42.63	42.35
186	13	109	15	512	500	39.04	32.22	39.04	36.71
186	15	505	35	512	500	52.14	44.07	43.46	52.14
187	13	70	15	512	500	46.78	35.04	46.78	
187	13	429	29	512	500	64.74	64.74	60.08	57.53
187	16	75	21	512	500	48.61	35.71	48.61	
187	17	165	22	512	500	48.41	39.48	48.41	
187	22	153	9	512	500	45.32	41.97	45.32	41.03
188	16	335	22	512	500	58.18	55.08	55.53	58.18
188	17	192	32	512	500	50.26	45.49	50.26	
188	29	31	31	512	500	45.35	36.55	45.35	40.63
189	21	204	26	512	500	42.76	37.76	42.20	42.76
190	15	416	31	512	500	52.70	46.53	48.70	52.70
190	25	405	32	512	500	53.74	52.11	48.31	53.74
190	25	438	29	512	500	52.84	52.84	46.35	52.33
190	31	295	16	512	500	53.58	53.58	45.04	48.36
191	12	329	29	512	500	152.05	150.98	152.05	147.71
191	14	142	18	512	500	96.15	90.18	96.15	89.40
191	26	240	31	512	500	75.07	75.07	74.16	66.61
191	35	81	11	512	500	62.60	53.73	62.60	53.76
192	20	225	16	512	500	39.26	32.68	35.96	39.26
192	22	105	28	512	500	35.59	29.57	35.59	35.33
192	25	305	31	512	500	44.06	37.27	40.18	44.06
192	31	84	18	512	500	37.69	30.23	37.69	
193	7	46	33	512	500	54.59	40.02	54.59	44.39
193	16	99	23	512	500	54.95	43.26	54.95	44.20
193	17	72	35	512	500	57.73	43.81	57.73	46.13
193	21	463	26	512	500	92.50	92.50	79.92	79.22
193	22	84	13	512	500	55.61	45.33	55.61	46.69
193	28	141	25	512	500	110.16	103.88	110.16	
194	15	119	9	512	500	47.99	41.37	47.99	42.48
194	15	450	35	512	500	79.04	79.04	71.41	71.14
194	23	35	24	512	500	56.23	42.14	56.23	45.25
194	25	459	21	512	500	83.93	83.93	70.19	70.25
194	27	352	34	512	500	103.91	103.91	100.29	93.82
195	20	109	26	512	500	45.09	34.68	45.09	42.06
195	27	485	34	512	500	56.32	50.44	47.74	56.32
195	28	84	19	512	500	42.86	34.22	42.86	
195	33	238	24	512	500	45.26	38.97	44.42	45.26
196	17	157	21	512	500	43.31	29.34	43.31	
196	17	505	31	512	500	48.52	33.75	37.81	48.52
196	21	73	23	512	500	37.11	28.91	37.11	
196	22	56	3	512	500	34.50	28.18	34.50	33.22
196	29	419	20	512	500	45.89	36.82	37.11	45.89
196	34	473	21	512	500	51.83	44.46	40.62	51.83
196	35	287	18	512	500	45.24	38.71	40.14	45.24
198	10	233	28	512	500	39.72	32.20	38.75	39.72
198	11	225	35	512	500	39.80	32.49	39.11	39.80
198	31	448	24	512	500	54.72	47.85	46.55	54.72
198	31	497	26	512	500	56.07	50.86	46.18	56.07
199	16	440	26	512	500	104.51	104.51	98.45	94.61
199	17	123	15	512	500	53.02	44.77	53.02	45.05
199	18	222	30	512	500	88.76	85.20	88.76	81.53
199	23	178	35	512	500	132.37	126.17	132.37	123.33
199	25	230	35	512	500	88.02	88.02	86.94	79.69
199	29	13	1	512	500	55.16	45.68	55.16	49.45
199	32	506	29	512	500	91.87	91.87	78.22	74.12
200	12	83	11	512	500	33.60	26.77	33.60	33.02
200	13	168	32	512	500	36.26	28.51	35.16	36.26
200	14	164	27	512	500	36.38	28.78	35.41	36.38
200	25	415	29	512	500	52.17	41.19	42.31	52.17
200	33	121	35	512	500	40.54	30.85	40.40	40.54
200	34	227	32	512	500	42.94	35.87	40.02	42.94
200	35	102	8	512	500	36.27	30.01	36.10	36.27
200	35	500	29	512	500	53.60	40.75	41.43	53.60
201	11	87	35	512	500	66.91	52.46	66.91	54.93
201	31	280	17	512	500	98.84	98.84	96.45	92.56
201	31	381	28	512	500	90.79	90.79	85.82	79.13
201	32	170	18	512	500	54.81	54.53	54.81	47.89
202	18	220	15	512	500	66.84	65.59	66.84	61.79
202	20	77	18	512	500	59.20	47.78	59.20	49.25
202	24	269	29	512	500	122.26	119.70	122.26	114.63
203	24	272	29	512	500	77.56	77.56	77.28	69.53
203	29	475	28	512	500	78.27	78.27	62.35	61.56
203	35	379	31	512	500	69.50	69.50	63.35	56.76
204	12	94	22	512	500	39.05	28.74	39.05	35.22
204	16	375	33	512	500	45.38	38.87	39.53	45.38
204	30	370	25	512	500	48.74	44.03	42.49	48.74
205	10	110	34	512	500	54.62	41.51	54.62	44.13
205	13	234	29	512	500	59.44	49.37	59.44	46.58
205	27	42	6	512	500	44.49	35.18	44.49	38.11
205	27	112	23	512	500	61.68	49.01	61.68	48.61
205	29	345	35	512	500	82.64	82.64	80.12	72.48
205	31	222	26	512	500	63.84	58.01	63.84	52.92
205	31	404	33	512	500	74.64	74.64	65.37	62.26
206	13	237	27	512	500	61.17	55.91	61.17	53.33
206	13	255	29	512	500	55.54	53.58	55.54	47.77
206	15	361	31	512	500	101.72	101.28	101.72	92.49
206	22	463	30	512	500	83.57	83.57	73.93	68.05
206	29	290	29	512	500	128.35	128.35	127.80	121.13
206	35	469	29	512	500	inf			
208	11	16	10	512	500	30.89	23.80	30.89	
208	15	155	35	512	500	36.64	27.98	36.64	36.06
208	15	473	33	512	500	47.01	32.71	36.66	47.01
208	29	308	31	512	500	48.15	41.55	41.94	48.15
209	15	137	22	512	500	54.65	43.85	54.65	43.06
209	20	167	19	512	500	52.67	46.33	52.67	42.26
209	25	74	28	512	500	58.87	44.62	58.87	
210	10	155	25	512	500	34.92	26.67	34.48	34.92
210	12	226	19	512	500	37.11	27.21	33.95	37.11
210	19	371	27	512	500	44.68	34.28	37.29	44.68
210	20	282	30	512	500	48.46	39.76	44.22	48.46
210	20	294	33	512	500	44.25	35.17	40.06	44.25
211	14	164	24	512	500	65.02	55.10	65.02	52.98
211	18	323	26	512	500	174.34	173.36	174.34	166.46
211	23	279	22	512	500	208.46	205.64	208.46	200.89
211	25	392	22	512	500	138.48	138.48	130.48	127.55
212	8	63	35	512	500	39.68	26.42	39.68	33.84
212	9	73	31	512	500	45.43	31.98	45.43	37.32
212	11	192	26	512	500	51.44	44.31	51.44	49.23
212	12	324	28	512	500	64.88	61.57	63.20	64.88
212	23	172	34	512	500	53.25	47.57	53.25	50.01
212	31	219	19	512	500	45.97	44.54	45.97	45.42
212	33	409	34	512	500	56.02	56.02	48.34	
212	34	95	9	512	500	46.36	38.95	46.36	
213	25	387	28	512	500	86.28	86.28	79.58	75.20
213	34	31	23	512	500	56.00	41.29	56.00	44.29
214	17	37	21	512	500	64.12	48.38	64.12	51.98
214	30	512	34	512	500	82.35	82.35	69.58	69.51
214	31	213	28	512	500	85.26	80.58	85.26	75.20
214	31	367	31	512	500	109.46	109.46	103.80	98.64
215	10	21	19	512	500	53.94	38.51	53.94	42.23
215	26	106	31	512	500	64.98	53.42	64.98	52.47
215	28	333	30	512	500	77.44	77.44	71.68	63.41
215	33	122	11	512	500	50.67	43.92	50.67	42.70
216	18	344	21	512	500	44.34	29.81	36.36	44.34
216	19	31	5	512	500	31.26	24.26	31.26	29.81
216	21	164	30	512	500	35.37	26.34	34.19	35.37
216	21	301	27	512	500	42.41	31.16	36.59	42.41
216	29	460	27	512	500	51.16	36.46	39.87	51.16
216	30	154	8	512	500	35.04	26.64	32.93	35.04
216	32	427	31	512	500	50.91	38.31	41.33	50.91
217	11	191	33	512	500	69.28	55.75	69.28	56.63
217	18	96	29	512	500	56.87	42.28	56.87	
217	21	153	10	512	500	49.34	43.92	49.34	42.63
217	21	295	28	512	500	78.46	75.15	78.46	68.40
217	26	144	7	512	500	47.82	45.65	47.82	43.06
217	26	382	31	512	500	73.53	73.53	68.69	62.48
217	28	187	18	512	500	63.20	59.35	63.20	53.48
217	31	223	19	512	500	61.24	59.27	61.24	53.39
218	11	13	13	512	500	63.37	48.13	63.37	52.18
218	14	172	19	512	500	88.36	79.04	88.36	78.93
218	24	13	7	512	500	55.74	44.55	55.74	
218	28	342	30	512	500	115.24	115.24	111.33	105.14
219	25	76	31	512	500	70.08	54.79	70.08	56.08
219	25	324	18	512	500	99.59	99.59	96.49	90.87
219	29	296	25	512	500	104.73	104.38	104.73	96.69
219	30	211	34	512	500	74.44	67.17	74.44	60.35
219	32	313	15	512	500	104.48	104.48	93.74	89.63
220	14	207	23	512	500	36.96	27.69	35.04	36.96
220	24	67	16	512	500	36.77	28.14	36.77	33.41
221	10	146	31	512	500	58.23	42.79	58.23	44.85
221	18	118	14	512	500	52.48	42.89	52.48	43.08
221	22	57	15	512	500	53.77	40.58	53.77	42.51
221	24	275	34	512	500	64.90	62.47	64.90	55.47
221	29	222	11	512	500	52.31	52.31	51.61	46.54
221	30	235	23	512	500	56.47	55.71	56.47	48.20
221	35	182	23	512	500	68.85	58.66	68.85	56.06
222	18	308	27	512	500	58.15	56.90	57.55	58.15
222	30	101	25	512	500	47.22	36.47	47.22	39.68
222	33	151	18	512	500	49.02	40.47	49.02	43.77
223	24	448	26	512	500	113.08	113.08	100.96	94.99
223	29	278	17	512	500	205.96	205.96	204.34	198.38
224	19	83	12	512	500	35.33	26.69	35.33	33.32
224	21	275	25	512	500	43.50	36.89	40.44	43.50
225	30	465	31	512	500	50.90	36.38	40.27	50.90
226	11	19	19	512	500	62.36	46.61	62.36	51.06
226	17	480	30	512	500	78.04	78.04	70.45	68.16
226	33	54	22	512	500	63.22	48.49	63.22	51.40
226	34	184	8	512	500	96.88	94.93	96.88	91.70
227	12	36	27	512	500	62.31	46.92	62.31	50.09
227	20	359	32	512	500	162.68	162.68	156.47	157.41
227	26	494	24	512	500	89.32	89.32	76.69	73.23
227	33	305	22	512	500	204.91	204.91	200.89	194.07
228	24	167	14	512	500	47.69	39.94	47.69	43.22
228	34	241	35	512	500	45.14	42.92	45.14	
229	15	64	24	512	500	63.15	46.37	63.15	49.00
229	16	254	32	512	500	59.26	55.33	59.26	49.70
229	23	379	27	512	500	133.92	133.92	128.61	123.02
229	24	205	11	512	500	116.85	114.03	116.85	110.39
229	25	97	9	512	500	66.96	59.90	66.96	58.92
229	26	26	26	512	500	81.77	64.52	81.77	67.65
229	32	96	21	512	500	80.06	68.74	80.06	66.90
230	15	224	32	512	500	45.04	31.04	45.04	40.60
230	19	148	10	512	500	43.65	37.25	43.65	40.09
230	21	131	13	512	500	48.47	38.83	48.47	42.42
230	22	412	24	512	500	47.39	43.18	44.40	47.39
230	26	244	23	512	500	42.31	37.95	42.31	
230	30	65	16	512	500	48.47	36.46	48.47	40.39
231	27	264	28	512	500	52.87	48.94	50.49	52.87
234	33	78	23	512	500	40.82	31.07	40.82	35.27
234	34	393	35	512	500	46.00	42.34	39.68	46.00
235	29	45	23	512	500	57.17	40.62	57.17	
235	29	196	17	512	500	66.13	63.33	66.13	58.51
235	31	126	33	512	500	61.11	47.89	61.11	46.00
235	31	152	31	512	500	65.23	54.74	65.23	52.93
236	19	98	26	512	500	48.20	35.96	48.20	39.80
237	17	192	13	512	500	81.34	75.00	81.34	73.12
237	19	437	32	512	500	81.21	81.21	79.24	70.01
237	20	343	35	512	500	103.67	103.67	100.11	93.40
237	30	170	27	512	500	61.40	51.83	61.40	49.17
237	34	243	20	512	500	64.94	60.48	64.94	54.68
238	12	71	21	512	500	48.96	34.42	48.96	39.40
238	15	87	9	512	500	43.06	32.82	43.06	37.36
238	15	397	35	512	500	49.00	40.89	45.36	49.00
238	26	113	22	512	500	40.69	29.17	40.69	35.23
238	28	29	10	512	500	45.81	33.31	45.81	37.69
238	29	145	31	512	500	50.83	40.39	50.83	43.39
238	31	35	26	512	500	48.92	35.11	48.92	
238	33	462	35	512	500	50.57	45.90	46.44	50.57
239	26	216	20	512	500	122.93	118.71	122.93	111.80
239	28	261	16	512	500	230.26	227.73	230.26	221.29
239	32	94	20	512	500	89.96	77.45	89.96	76.20
239	34	53	27	512	500	92.78	73.34	92.78	76.18
240	13	350	34	512	500	43.86	30.96	36.82	43.86
240	19	396	26	512	500	51.49	37.05	43.39	51.49
240	21	305	29	512	500	46.32	37.81	42.81	46.32
241	15	204	20	512	500	122.44	113.14	122.44	111.45
241	24	291	24	512	500	208.40	207.56	208.40	198.42
242	21	271	32	512	500	54.92	49.94	54.92	54.66
242	27	505	25	512	500	49.70	45.94	44.89	49.70
242	28	363	19	512	500	48.89	43.21	46.90	48.89
242	32	224	20	512	500	42.68	34.64	42.68	
242	35	274	34	512	500	45.69	43.21	45.69	43.48
243	15	15	9	512	500	36.46	27.04	36.46	31.46
243	22	300	31	512	500	49.16	45.19	47.72	49.16
243	26	500	32	512	500	54.69	45.75	46.82	54.69
243	28	195	20	512	500	40.26	34.79	40.26	38.89
244	18	254	17	512	500	39.70	32.76	39.22	39.70
244	30	252	13	512	500	41.70	38.58	41.54	41.70
244	31	111	29	512	500	48.50	40.06	48.50	43.13
244	33	312	20	512	500	74.57	74.57	73.05	72.64
244	35	271	31	512	500	87.94	87.94	87.93	86.70
244	35	285	31	512	500	80.18	77.76	80.18	76.81
245	13	181	22	512	500	37.72	26.28	36.84	37.72
245	15	364	29	512	500	43.28	29.73	36.44	43.28
245	26	395	23	512	500	45.33	32.26	37.57	45.33
245	32	244	12	512	500	39.09	28.99	35.39	39.09
245	32	253	31	512	500	40.45	30.04	37.88	40.45
245	34	364	35	512	500	50.45	38.73	43.59	50.45
246	13	231	30	512	500	45.28	35.30	45.28	40.53
247	12	48	10	512	500	53.44	38.63	53.44	42.57
247	13	61	11	512	500	53.43	39.91	53.43	42.78
247	31	218	29	512	500	74.77	66.22	74.77	60.73
247	33	277	22	512	500	77.15	77.15	76.00	66.88
248	11	3	1	512	500	64.19	51.97	64.19	56.79
248	20	160	31	512	500	51.10	41.04	51.10	44.24
248	23	314	29	512	500	78.28	78.28	77.36	76.91
249	26	422	35	512	500	84.79	84.79	69.93	63.87
249	29	48	10	512	500	61.10	47.19	61.10	50.07
249	29	123	8	512	500	56.80	49.93	56.80	48.82
250	20	81	35	512	500	34.20	25.64	34.20	32.26
250	21	132	35	512	500	37.82	28.17	37.82	36.53
250	24	364	32	512	500	46.21	33.36	40.09	46.21
250	26	229	12	512	500	38.86	28.95	35.65	38.86
250	34	410	35	512	500	51.33	42.15	43.92	51.33
251	13	165	23	512	500	67.80	52.85	67.80	52.49
251	26	288	15	512	500	210.87	210.87	206.88	200.35
251	35	366	27	512	500	173.68	173.68	172.95	163.86
254	18	100	18	512	500	60.62	50.82	60.62	51.24
254	27	204	25	512	500	97.87	87.88	97.87	82.96
254	31	70	25	512	500	73.49	52.46	73.49	
254	34	394	33	512	500	117.42	117.42	107.18	100.30
255	24	352	31	512	500	45.84	39.96	41.24	45.84
255	31	488	28	512	500	52.93	45.38	45.55	52.93
256	16	13	7	512	500	33.04	22.27	33.04	29.38
256	22	133	29	512	500	38.68	26.17	38.68	
256	22	197	17	512	500	37.73	27.18	35.87	37.73
256	23	15	6	512	500	34.17	23.14	34.17	30.50
256	27	274	31	512	500	45.41	39.10	43.70	45.41
257	26	225	34	512	500	112.11	107.72	112.11	100.72
257	32	49	10	512	500	75.14	62.35	75.14	63.84
257	34	194	35	512	500	159.93	149.80	159.93	145.83
258	16	280	25	512	500	67.45	63.89	67.45	66.28
258	27	263	31	512	500	74.48	74.01	74.48	71.70
258	31	65	20	512	500	52.29	37.17	52.29	41.07
258	31	121	7	512	500	38.06	30.91	38.06	36.03
258	35	339	16	512	500	55.98	55.98	53.30	55.48
259	13	78	13	512	500	62.05	46.74	62.05	48.17
259	19	412	35	512	500	86.38	86.38	78.63	71.98
259	20	72	33	512	500	60.19	42.38	60.19	
259	31	36	19	512	500	61.55	44.53	61.55	47.37
260	21	172	31	512	500	45.72	39.55	45.55	45.72
260	21	312	22	512	500	43.49	36.12	39.40	43.49
260	29	451	25	512	500	52.28	40.34	43.65	52.28
261	14	149	17	512	500	36.72	28.36	36.72	36.04
261	28	104	33	512	500	48.63	35.34	48.63	41.43
261	28	237	13	512	500	41.95	36.36	41.95	41.40
261	31	136	21	512	500	39.93	32.82	39.93	38.17
262	23	143	14	512	500	78.19	70.27	78.19	67.32
262	28	51	23	512	500	68.11	47.99	68.11	50.94
262	28	292	35	512	500	149.82	149.64	149.82	140.27
263	33	368	32	512	500	175.72	175.72	173.18	164.88
264	13	141	31	512	500	38.87	24.15	38.87	36.68
264	35	402	24	512	500	48.88	37.56	41.53	48.88
265	19	197	13	512	500	65.33	57.80	65.33	55.26
265	26	295	22	512	500	95.53	93.09	95.53	85.90
266	13	62	31	512	500	46.00	24.59	46.00	37.85
266	22	193	32	512	500	47.72	38.08	47.72	43.09
266	28	45	33	512	500	60.85	45.52	60.85	50.44
266	32	301	20	512	500	49.21	49.21	45.12	44.68
267	19	35	25	512	500	65.55	47.63	65.55	51.02
267	21	326	28	512	500	118.23	112.80	118.23	105.50
267	23	264	17	512	500	125.92	122.54	125.92	116.99
268	10	45	17	512	500	57.64	40.39	57.64	45.57
268	11	141	29	512	500	59.46	44.97	59.46	49.92
268	20	73	6	512	500	44.36	33.37	44.36	37.48
268	35	184	24	512	500	69.79	62.39	69.79	64.59
269	27	478	24	512	500	104.55	104.55	94.48	88.64
269	32	172	32	512	500	199.37	191.17	199.37	184.44
270	18	69	15	512	500	37.95	24.19	37.95	34.98
270	22	195	30	512	500	38.30	27.74	37.78	38.30
270	32	77	7	512	500	34.04	24.85	34.04	32.53
271	29	469	32	512	500	114.23	114.23	107.23	96.78
271	31	38	2	512	500	62.52	52.51	62.52	55.43
272	17	227	34	512	500	39.91	27.34	39.91	37.16
272	18	101	21	512	500	36.56	23.45	36.56	33.15
272	19	399	28	512	500	51.57	37.03	44.69	51.57
272	24	33	22	512	500	37.31	24.26	37.31	32.40
272	25	381	24	512	500	52.10	44.97	46.91	52.10
273	15	154	22	512	500	38.85	27.20	38.85	36.79
273	31	322	31	512	500	57.40	53.54	55.93	57.40
273	32	500	24	512	500	54.65	43.66	46.73	54.65
274	14	55	15	512	500	68.28	49.98	68.28	53.27
275	30	363	28	512	500	46.55	33.04	41.01	46.55
276	23	268	19	512	500	65.99	65.99	65.90	64.73
276	34	266	22	512	500	70.78	70.78	67.57	65.90
277	24	355	28	512	500	206.64	202.14	206.64	192.39
277	31	378	22	512	500	170.20	170.20	168.01	156.31
277	35	333	18	512	500	206.76	206.76	205.73	197.03
278	19	178	23	512	500	134.89	122.46	134.89	120.84
278	23	119	8	512	500	67.44	58.62	67.44	57.69
279	16	387	35	512	500	46.54	34.98	42.74	46.54
279	25	172	27	512	500	48.29	40.53	48.29	44.38
279	27	335	22	512	500	57.62	53.11	54.20	57.62
280	16	217	28	512	500	36.92	24.15	35.66	36.92
280	19	155	35	512	500	36.49	24.86	36.49	35.59
280	35	437	23	512	500	52.47	34.41	43.62	52.47
281	12	34	32	512	500	71.08	51.78	71.08	55.65
281	23	238	23	512	500	91.35	83.84	91.35	78.53
283	12	30	15	512	500	76.50	57.61	76.50	60.97
283	27	197	16	512	500	155.24	150.53	155.24	143.83
283	28	336	25	512	500	211.24	210.44	211.24	199.83
283	29	38	3	512	500	66.60	55.98	66.60	58.75
283	29	262	25	512	500	274.91	269.95	274.91	262.54
284	16	31	26	512	500	41.08	27.87	41.08	33.79
284	23	340	30	512	500	76.04	75.91	75.93	76.04
284	27	267	34	512	500	98.80	98.27	98.80	96.74
285	23	148	16	512	500	37.38	28.11	37.38	36.00
285	26	201	26	512	500	43.15	33.72	43.15	40.80
286	16	138	35	512	500	57.92	42.69	57.92	47.18
286	23	206	25	512	500	50.11	41.72	50.11	45.52
286	24	177	12	512	500	42.51	38.05	42.51	40.05
286	34	144	22	512	500	56.89	44.48	56.89	46.57
287	20	163	15	512	500	65.96	56.60	65.96	53.81
287	21	327	33	512	500	95.90	90.50	95.90	80.81
287	35	138	29	512	500	82.96	66.26	82.96	65.21
288	20	192	19	512	500	36.34	23.18	34.81	36.34
288	24	116	27	512	500	39.45	22.34	39.45	38.26
288	34	178	21	512	500	36.94	25.46	35.63	36.94
289	28	140	26	512	500	71.43	58.02	71.43	54.79
289	29	103	30	512	500	75.69	57.81	75.69	55.88
289	32	342	23	512	500	84.19	84.19	78.44	66.85
290	19	341	30	512	500	59.24	55.02	59.24	55.77
290	23	184	13	512	500	45.07	38.63	45.07	41.07
290	23	263	17	512	500	63.16	63.04	63.16	62.39
290	23	398	27	512	500	52.41	52.41	51.25	52.33
290	34	216	29	512	500	54.40	49.57	54.40	50.21
291	16	203	26	512	500	100.79	83.67	100.79	81.79
291	22	403	27	512	500	103.25	103.25	101.47	91.75
293	24	132	32	512	500	160.37	144.09	160.37	142.95
293	29	347	30	512	500	219.92	216.86	219.92	206.18
293	34	259	35	512	500	284.45	279.00	284.45	270.86
294	22	291	30	512	500	46.25	36.55	43.68	46.25
294	25	273	18	512	500	43.27	33.18	39.32	43.27
294	31	427	23	512	500	46.29	27.95	37.77	46.29
294	31	482	32	512	500	46.28	28.96	36.61	46.28
294	32	170	24	512	500	35.33	23.48	35.18	35.33
295	20	22	9	512	500	60.61	44.60	60.61	48.57
295	20	421	33	512	500	97.36	97.36	93.35	82.54
295	29	159	20	512	500	75.75	60.09	75.75	
295	33	159	24	512	500	75.39	66.32	75.39	
296	15	154	34	512	500	59.49	45.32	59.49	50.01
296	17	98	10	512	500	54.74	41.30	54.74	46.03
296	30	152	24	512	500	57.52	44.61	57.52	47.75
297	20	188	16	512	500	42.81	34.82	42.81	40.34
297	20	305	22	512	500	52.90	46.86	52.48	52.90
297	33	192	16	512	500	43.50	36.19	43.50	40.71
298	21	202	22	512	500	108.90	94.55	108.90	91.67
298	26	113	8	512	500	76.13	66.13	76.13	61.28
298	33	506	27	512	500	inf			
299	21	248	17	512	500	69.98	64.87	69.98	59.42
300	26	231	18	512	500	38.51	25.97	36.71	38.51
300	27	356	21	512	500	45.82	33.18	40.37	45.82
300	33	209	15	512	500	38.74	27.02	37.60	38.74
301	15	207	33	512	500	81.09	63.71	81.09	60.17
301	31	139	15	512	500	70.50	60.35	70.50	56.81
301	35	65	21	512	500	69.34	50.14	69.34	52.14
302	23	311	32	512	500	164.08	160.09	164.08	151.98
302	26	44	32	512	500	78.30	59.39	78.30	62.54
302	33	98	25	512	500	80.59	61.67	80.59	61.56
304	30	176	34	512	500	56.86	50.28	56.86	51.62
305	16	208	28	512	500	83.46	71.73	83.46	67.77
305	23	386	34	512	500	102.19	98.38	102.19	86.36
305	27	450	35	512	500	90.13	90.13	85.16	76.64
305	28	271	25	512	500	117.79	110.52	117.79	104.48
305	28	293	22	512	500	111.43	105.21	111.43	97.44
306	31	498	28	512	500	54.90	42.62	48.70	54.90
306	35	100	22	512	500	43.82	30.90	43.82	
307	20	152	19	512	500	122.93	108.68	122.93	106.99
307	28	51	4	512	500	58.27	46.69	58.27	49.64
308	33	411	28	512	500	51.29	37.24	45.91	51.29
309	15	160	22	512	500	71.00	56.07	71.00	54.20
309	19	331	35	512	500	128.18	123.66	128.18	115.43
309	20	384	33	512	500	111.46	111.46	109.63	99.51
309	31	224	31	512	500	90.38	80.30	90.38	70.88
310	23	107	35	512	500	47.94	34.89	47.94	39.96
311	13	71	13	512	500	76.29	57.81	76.29	59.65
311	24	9	8	512	500	113.19	95.60	113.19	
311	24	239	19	512	500	99.39	92.98	99.39	85.57
311	27	324	33	512	500	255.22	250.01	255.22	240.32
312	19	301	24	512	500	50.15	42.66	47.01	50.15
312	20	174	18	512	500	43.10	36.35	43.10	42.98
312	35	53	21	512	500	45.64	28.74	45.64	39.67
312	35	106	19	512	500	36.28	23.55	36.28	34.21
313	15	104	20	512	500	149.07	129.06	149.07	130.68
313	18	192	35	512	500	187.86	173.67	187.86	172.10
313	25	106	12	512	500	147.45	134.88	147.45	133.65
313	28	410	24	512	500	151.26	151.26	149.10	138.37
314	14	167	34	512	500	72.09	56.03	72.09	54.99
314	24	67	18	512	500	88.10	70.71	88.10	72.06
315	19	113	18	512	500	41.15	28.11	41.15	39.08
315	23	179	26	512	500	39.56	29.14	39.56	
315	24	152	19	512	500	36.80	24.20	36.80	35.31
315	26	389	34	512	500	45.65	31.31	39.68	45.65
316	21	179	23	512	500	78.65	69.69	78.65	72.58
317	24	132	10	512	500	149.18	139.09	149.18	137.50
317	28	195	25	512	500	191.48	177.88	191.48	175.11
317	32	14	3	512	500	82.38	68.53	82.38	72.21
318	23	481	34	512	500	50.59	44.42	50.30	50.59
318	27	128	27	512	500	48.93	34.96	48.93	40.38
318	34	232	20	512	500	47.93	41.73	47.93	43.96
319	23	114	35	512	500	72.41	53.61	72.41	53.39
319	24	137	16	512	500	74.06	60.83	74.06	60.93
320	17	352	35	512	500	44.48	26.18	38.15	44.48
320	19	242	32	512	500	38.42	24.42	37.18	38.42
320	22	176	26	512	500	39.50	29.19	39.50	38.19
320	29	232	27	512	500	38.24	24.63	37.33	38.24
320	33	112	13	512	500	36.78	22.85	36.78	34.90
321	22	200	15	512	500	92.49	82.81	92.49	79.71
321	26	101	9	512	500	64.60	52.49	64.60	52.37
321	31	344	26	512	500	122.44	115.87	122.44	105.61
322	25	425	32	512	500	56.80	51.65	56.80	54.81
322	30	249	31	512	500	46.62	37.34	46.62	41.63
322	34	34	14	512	500	61.63	44.97	61.63	
323	18	35	19	512	500	71.76	50.08	71.76	53.41
323	18	38	29	512	500	69.37	47.10	69.37	50.84
323	27	329	22	512	500	87.93	82.83	87.93	73.00
323	28	248	24	512	500	73.29	65.52	73.29	58.15
323	29	93	7	512	500	59.92	48.78	59.92	49.07
323	32	135	16	512	500	73.94	62.97	73.94	58.59
324	14	108	19	512	500	35.29	19.92	35.29	34.14
324	28	101	14	512	500	34.87	21.41	34.87	33.12
324	34	318	30	512	500	51.26	42.37	46.44	51.26
325	20	148	19	512	500	36.71	24.18	36.71	35.02
325	33	175	24	512	500	39.92	32.53	39.92	38.96
325	35	314	25	512	500	47.40	39.13	43.15	47.40
326	26	257	32	512	500	170.51	162.71	170.51	153.32
326	30	112	9	512	500	87.32	77.13	87.32	74.75
327	16	54	27	512	500	83.55	57.81	83.55	61.15
327	34	139	10	512	500	93.40	85.43	93.40	81.52
328	15	112	25	512	500	57.22	43.88	57.22	48.47
328	22	89	13	512	500	62.57	48.37	62.57	52.05
328	24	120	19	512	500	48.26	37.55	48.26	40.33
328	32	312	32	512	500	97.19	97.19	96.69	94.32
329	15	65	29	512	500	76.37	52.31	76.37	54.40
329	29	123	22	512	500	77.56	58.51	77.56	
330	21	127	24	512	500	36.41	22.89	36.41	33.78
330	34	48	4	512	500	36.26	21.41	36.26	33.48
330	35	319	20	512	500	45.99	37.61	42.10	45.99
332	25	120	28	512	500	50.90	36.60	50.90	40.04
333	23	133	26	512	500	41.52	31.39	41.52	37.24
333	30	247	25	512	500	45.91	36.63	45.91	42.70
333	34	253	18	512	500	49.57	42.03	49.57	47.72
334	13	101	31	512	500	76.10	53.64	76.10	54.79
334	26	112	32	512	500	107.55	88.31	107.55	
334	28	89	34	512	500	115.95	94.20	115.95	93.80
335	14	68	20	512	500	76.13	53.08	76.13	55.72
335	18	129	30	512	500	96.48	73.43	96.48	73.61
335	20	250	28	512	500	75.62	63.56	75.62	55.63
336	24	81	16	512	500	34.97	20.89	34.97	32.44
336	25	176	25	512	500	36.51	22.28	36.17	36.51
336	26	100	33	512	500	36.82	21.17	36.82	33.94
336	28	46	4	512	500	34.49	19.76	34.49	32.42
337	18	122	18	512	500	97.83	80.91	97.83	80.55
337	22	190	14	512	500	196.04	187.10	196.04	182.31
337	31	74	27	512	500	148.67	125.80	148.67	126.80
338	17	109	28	512	500	49.08	34.04	49.08	38.48
338	25	192	13	512	500	47.02	39.97	47.02	42.42
339	17	178	33	512	500	134.66	111.04	134.66	110.80
339	21	191	28	512	500	117.62	101.91	117.62	99.02
339	22	393	29	512	500	114.87	113.22	114.87	101.60
339	25	429	33	512	500	109.19	108.93	109.19	94.98
339	26	17	2	512	500	56.82	43.33	56.82	46.95
339	29	393	31	512	500	123.85	122.54	123.85	108.80
339	31	227	17	512	500	85.96	76.11	85.96	69.63
339	32	488	32	512	500	91.07	91.07	87.25	71.07
340	13	35	30	512	500	41.50	25.65	41.50	34.75
340	22	78	32	512	500	42.41	25.84	42.41	34.10
340	25	190	12	512	500	45.03	37.90	45.03	44.28
340	31	93	17	512	500	39.76	27.91	39.76	35.38
341	18	49	21	512	500	75.94	50.61	75.94	53.81
342	21	218	32	512	500	48.47	38.19	48.47	43.81
342	21	276	22	512	500	75.20	70.47	75.20	75.16
342	30	359	21	512	500	47.54	42.98	45.67	47.54
343	27	49	21	512	500	35.11	19.33	35.11	31.96
344	20	183	29	512	500	78.28	68.27	78.28	71.16
344	32	113	25	512	500	59.52	47.91	59.52	50.47
345	33	40	3	512	500	39.61	26.34	39.61	33.86
346	18	56	27	512	500	81.38	54.75	81.38	57.80
346	22	220	33	512	500	113.35	101.42	113.35	95.69
346	23	147	33	512	500	112.59	94.86	112.59	93.29
346	28	180	13	512	500	151.29	141.25	151.29	135.95
346	30	471	35	512	500	114.20	114.20	104.53	93.42
347	17	85	19	512	500	82.29	59.99	82.29	61.52
347	22	90	33	512	500	150.42	126.01	150.42	
347	27	22	21	512	500	95.89	73.33	95.89	76.98
347	29	83	24	512	500	91.15	69.45	91.15	
347	30	205	17	512	500	150.23	140.01	150.23	135.24
348	20	209	27	512	500	60.20	50.66	60.20	53.69
350	17	67	14	512	500	36.61	21.98	36.61	32.29
351	24	194	35	512	500	49.33	39.05	49.33	43.73
351	25	122	14	512	500	46.13	34.92	46.13	40.07
352	24	122	31	512	500	38.68	20.74	38.68	34.01
352	35	99	10	512	500	39.12	26.42	39.12	35.25
353	15	26	25	512	500	93.67	69.31	93.67	73.21
353	21	147	21	512	500	155.71	134.19	155.71	131.86
353	22	141	15	512	500	160.94	143.44	160.94	142.37
353	23	51	29	512	500	87.72	62.57	87.72	
353	34	427	27	512	500	171.98	171.98	171.13	158.27
354	20	356	34	512	500	75.27	70.39	75.27	71.18
354	26	332	21	512	500	76.18	74.84	76.18	74.29
354	29	39	8	512	500	59.91	43.75	59.91	48.34
354	30	30	22	512	500	57.40	38.70	57.40	43.11
355	34	486	32	512	500	inf			
356	27	272	30	512	500	95.34	92.39	95.34	91.07
357	22	113	31	512	500	50.91	37.37	50.91	42.02
357	30	419	24	512	500	49.24	37.91	45.30	49.24
359	14	20	12	512	500	104.60	85.13	104.60	88.81
359	20	37	17	512	500	102.84	79.12	102.84	81.92
359	20	58	25	512	500	130.89	104.82	130.89	107.23
359	27	121	12	512	500	86.70	72.14	86.70	71.28
360	18	44	28	512	500	36.92	19.50	36.92	32.52
360	24	340	23	512	500	50.22	40.58	46.48	50.22
360	31	61	32	512	500	39.73	20.92	39.73	35.84
361	28	103	9	512	500	164.02	151.77	164.02	149.84
361	35	141	21	512	500	186.28	166.91	186.28	165.39
362	21	227	19	512	500	109.12	95.83	109.12	91.53
362	28	68	34	512	500	102.43	79.23	102.43	
362	28	223	18	512	500	107.32	93.90	107.32	89.01
362	35	72	14	512	500	82.90	62.54	82.90	
364	16	210	32	512	500	38.92	25.03	38.92	38.35
365	27	323	34	512	500	129.44	120.07	129.44	104.96
365	33	211	14	512	500	78.00	66.11	78.00	61.59
365	34	373	35	512	500	114.11	114.11	112.44	95.53
366	23	489	35	512	500	55.31	52.89	54.16	55.31
366	33	92	15	512	500	58.96	42.67	58.96	45.56
367	24	213	20	512	500	168.34	154.96	168.34	149.08
368	19	79	8	512	500	64.34	49.09	64.34	53.28
368	25	147	34	512	500	61.65	46.21	61.65	47.82
369	27	304	33	512	500	73.45	68.02	73.45	71.86
369	28	412	34	512	500	49.40	42.81	47.97	49.40
370	25	22	8	512	500	61.86	44.33	61.86	48.86
370	31	282	24	512	500	80.84	79.00	80.84	74.54
371	24	119	31	512	500	86.84	65.14	86.84	
371	27	133	30	512	500	99.96	79.03	99.96	77.64
371	35	160	11	512	500	77.30	66.20	77.30	62.74
372	24	53	31	512	500	74.41	54.55	74.41	59.10
372	31	338	35	512	500	80.80	80.05	80.80	76.80
372	32	128	8	512	500	43.36	34.01	43.36	38.10
373	35	320	32	512	500	inf			
374	22	114	24	512	500	48.80	35.75	48.80	39.09
374	24	88	28	512	500	51.39	32.00	51.39	35.62
374	27	222	19	512	500	54.66	45.84	54.66	48.46
375	27	305	22	512	500	57.95	50.34	57.78	57.95
375	33	187	15	512	500	40.74	32.34	40.74	39.90
376	15	69	20	512	500	66.63	47.40	66.63	51.98
377	26	133	14	512	500	82.99	66.57	82.99	64.33
378	18	281	33	512	500	52.13	42.55	50.16	52.13
378	32	328	23	512	500	45.53	36.73	41.33	45.53
378	32	491	31	512	500	46.78	24.36	36.87	46.78
379	25	277	31	512	500	inf			
379	30	386	29	512	500	217.81	217.81	217.24	200.18
380	33	75	24	512	500	69.29	49.74	69.29	53.70
380	34	199	27	512	500	59.93	49.80	59.93	51.67
381	23	101	18	512	500	89.45	66.40	89.45	66.14
381	24	204	32	512	500	123.30	108.64	123.30	102.46
381	25	273	34	512	500	148.98	134.35	148.98	127.18
381	30	147	34	512	500	109.22	89.60	109.22	86.73
381	33	162	11	512	500	84.28	72.92	84.28	67.67
381	34	275	32	512	500	182.03	168.61	182.03	157.81
382	29	200	15	512	500	131.34	123.68	131.34	114.89
382	30	142	26	512	500	136.11	116.80	136.11	113.15
382	33	333	32	512	500	188.28	177.95	188.28	165.96
383	21	172	24	512	500	257.52	235.79	257.52	232.20
384	18	81	32	512	500	36.84	21.00	36.84	33.16
384	26	181	25	512	500	38.40	25.01	38.40	37.84
384	31	108	30	512	500	36.22	22.35	36.22	33.25
385	16	57	30	512	500	38.70	23.36	38.70	32.79
385	29	67	5	512	500	35.27	20.68	35.27	32.31
385	30	485	30	512	500	52.46	32.39	43.43	52.46
385	32	360	33	512	500	52.65	44.81	48.87	52.65
386	15	39	23	512	500	98.42	72.35	98.42	75.67
386	17	45	24	512	500	96.53	70.58	96.53	74.23
386	20	112	19	512	500	121.22	99.23	121.22	98.86
386	28	401	29	512	500	154.28	151.80	154.28	137.27
387	17	37	33	512	500	52.85	37.13	52.85	42.35
387	23	107	17	512	500	52.19	39.32	52.19	44.39
388	19	58	28	512	500	54.16	35.71	54.16	40.15
388	19	150	17	512	500	71.81	56.27	71.81	60.10
388	32	154	11	512	500	61.80	50.12	61.80	52.12
389	25	69	22	512	500	105.18	78.05	105.18	
389	32	99	28	512	500	110.35	88.32	110.35	86.77
389	35	182	22	512	500	243.98	225.83	243.98	221.91
390	21	339	32	512	500	48.88	39.69	45.64	48.88
390	27	209	19	512	500	39.38	25.34	39.38	38.60
390	29	192	35	512	500	47.42	39.97	47.42	46.59
391	32	22	9	512	500	74.92	53.91	74.92	
391	35	131	17	512	500	90.04	71.86	90.04	70.83
392	32	134	13	512	500	40.61	25.54	40.61	39.90
392	33	384	22	512	500	47.93	31.68	40.76	47.93
394	20	168	34	512	500	inf			
394	30	46	35	512	500	inf			
394	34	293	34	512	500	218.55	210.70	218.55	200.00
395	28	339	31	512	500	inf			
396	17	182	32	512	500	39.44	30.22	39.44	38.90
396	33	450	28	512	500	48.99	28.31	41.41	48.99
397	29	22	18	512	500	116.68	92.53	116.68	96.68
397	34	219	32	512	500	179.92	165.86	179.92	155.61
399	28	184	21	512	500	52.88	41.51	52.88	46.01
399	34	443	28	512	500	53.04	45.24	49.44	53.04
401	20	138	21	512	500	205.37	183.55	205.37	181.97
401	21	14	3	512	500	99.55	83.65	99.55	87.36
401	21	115	35	512	500	inf			
401	23	148	25	512	500	173.68	150.77	173.68	149.30
401	29	284	34	512	500	359.25	346.13	359.25	334.39
401	35	28	15	512	500	111.30	85.96	111.30	
402	24	178	24	512	500	78.94	68.44	78.94	70.08
402	26	123	28	512	500	51.87	37.60	51.87	40.79
402	33	345	34	512	500	82.72	75.46	82.72	74.63
403	16	48	12	512	500	81.38	57.41	81.38	60.91
403	21	64	25	512	500	96.58	66.01	96.58	68.75
403	35	194	12	512	500	73.56	62.09	73.56	58.50
405	29	209	17	512	500	43.85	33.04	43.85	43.39
405	34	68	26	512	500	43.97	30.60	43.97	38.26
406	22	21	5	512	500	64.50	47.92	64.50	52.45
406	29	274	23	512	500	73.99	69.74	73.99	68.15
407	18	71	32	512	500	93.95	63.79	93.95	65.62
407	21	328	35	512	500	106.87	95.94	106.87	88.28
407	34	427	25	512	500	86.06	82.64	86.06	69.70
408	23	292	35	512	500	63.07	56.08	61.63	63.07
408	26	37	7	512	500	42.37	30.74	42.37	36.51
409	23	86	10	512	500	172.11	153.35	172.11	154.43
409	25	292	28	512	500	359.87	344.77	359.87	334.29
409	26	391	28	512	500	248.96	245.14	248.96	227.79
410	26	168	18	512	500	59.30	43.19	59.30	46.45
410	26	188	21	512	500	69.85	60.62	69.85	61.64
411	19	72	31	512	500	89.44	62.37	89.44	64.35
411	20	34	15	512	500	97.70	72.28	97.70	75.45
412	20	155	26	512	500	71.09	53.44	71.09	56.65
412	27	130	16	512	500	78.70	62.94	78.70	65.02
412	29	40	20	512	500	73.43	52.00	73.43	56.45
412	30	232	20	512	500	63.63	53.47	63.63	54.78
412	35	331	26	512	500	106.05	102.02	106.05	100.98
413	20	79	34	512	500	inf			
413	21	128	14	512	500	93.01	73.79	93.01	72.98
413	32	176	17	512	500	99.81	87.52	99.81	80.24
413	35	512	31	512	500	inf			
414	28	242	35	512	500	56.11	45.38	56.11	49.87
414	34	138	13	512	500	49.57	40.22	49.57	44.31
415	28	156	21	512	500	96.14	73.83	96.14	68.47
415	34	239	33	512	500	96.25	82.93	96.25	74.85
416	21	125	35	512	500	42.93	25.67	42.93	38.91
416	25	180	20	512	500	51.13	40.62	51.13	46.50
416	26	377	28	512	500	52.33	44.25	49.09	52.33
416	27	103	25	512	500	37.26	21.65	37.26	32.74
416	35	412	30	512	500	50.49	36.75	47.57	50.49
417	20	71	15	512	500	97.99	73.25	97.99	74.76
417	22	69	29	512	500	108.04	76.29	108.04	77.32
418	24	298	30	512	500	66.57	61.31	66.57	59.64
418	29	18	13	512	500	74.59	55.05	74.59	
418	33	179	25	512	500	60.15	48.87	60.15	50.19
419	28	43	3	512	500	106.24	92.11	106.24	94.30
419	28	160	22	512	500	129.37	106.23	129.37	102.07
420	34	169	14	512	500	38.08	22.98	38.08	37.09
421	26	153	24	512	500	157.62	135.32	157.62	130.82
421	33	155	32	512	500	inf			
422	33	31	20	512	500	101.81	76.10	101.81	78.58
424	26	89	13	512	500	73.06	55.37	73.06	58.98
424	33	115	27	512	500	63.17	46.73	63.17	50.57
424	34	53	6	512	500	68.24	51.67	68.24	55.79
425	20	36	20	512	500	39.62	25.74	39.62	33.19
425	22	253	30	512	500	44.94	32.22	44.94	44.56
425	32	63	7	512	500	37.75	22.56	37.75	33.93
426	33	394	35	512	500	79.77	75.55	79.77	75.23
426	34	367	25	512	500	86.13	83.23	86.13	81.96
427	24	28	20	512	500	113.91	57.96	113.91	
427	33	70	18	512	500	95.26	69.50	95.26	69.93
428	31	205	34	512	500	73.59	64.45	73.59	64.56
428	34	389	28	512	500	93.60	87.39	93.60	87.47
428	35	342	34	512	500	92.36	88.03	92.36	87.23
429	20	162	21	512	500	46.88	32.18	46.88	41.53
429	24	39	30	512	500	55.71	38.50	55.71	
429	26	8	8	512	500	59.32	44.70	59.32	49.14
429	30	157	23	512	500	41.92	28.47	41.92	36.36
429	33	30	9	512	500	49.67	35.88	49.67	40.18
429	33	316	35	512	500	52.90	51.11	52.90	52.10
431	23	26	13	512	500	132.28	103.48	132.28	107.31
431	31	209	24	512	500	221.80	201.71	221.80	192.87
432	31	157	17	512	500	38.57	24.15	38.57	36.85
433	33	193	29	512	500	265.90	244.69	265.90	239.25
434	17	94	24	512	500	57.49	36.43	57.49	40.70
434	17	100	32	512	500	66.00	43.59	66.00	47.53
435	18	58	35	512	500	59.17	42.06	59.17	47.51
435	26	416	35	512	500	55.19	49.09	53.23	55.19
435	33	269	20	512	500	83.96	79.19	83.96	81.31
436	25	194	23	512	500	91.42	79.77	91.42	81.90
436	31	128	29	512	500	62.43	46.75	62.43	49.73
436	35	381	28	512	500	101.51	95.17	101.51	94.69
437	18	154	31	512	500	inf			
437	19	13	8	512	500	129.87	108.02	129.87	112.44
437	19	203	31	512	500	231.29	208.32	231.29	205.65
437	22	33	30	512	500	inf			
437	25	7	6	512	500	165.50	148.98	165.50	151.34
437	27	107	17	512	500	184.48	161.79	184.48	161.52
438	22	18	17	512	500	90.40	68.67	90.40	72.84
438	26	83	32	512	500	85.45	63.62	85.45	66.61
438	29	93	25	512	500	74.38	51.52	74.38	55.44
438	31	442	34	512	500	68.43	68.43	67.96	64.36
438	32	123	24	512	500	63.17	45.53	63.17	
438	32	311	24	512	500	103.98	97.32	103.98	96.03
439	26	51	14	512	500	107.94	80.57	107.94	82.94
439	27	255	34	512	500	99.49	82.40	99.49	75.86
440	26	352	35	512	500	43.61	32.88	39.76	43.61
440	35	92	26	512	500	45.82	32.50	45.82	40.57
441	23	87	20	512	500	41.83	26.11	41.83	38.30
442	22	213	35	512	500	58.69	46.90	58.69	49.28
442	33	478	30	512	500	63.81	56.40	63.81	57.76
443	25	148	24	512	500	168.50	143.54	168.50	141.66
443	33	174	33	512	500	305.92	277.77	305.92	274.90
444	26	106	34	512	500	69.17	53.66	69.17	56.31
444	27	88	16	512	500	72.78	52.89	72.78	56.75
444	28	92	18	512	500	60.09	40.67	60.09	43.06
444	30	34	27	512	500	67.64	44.13	67.64	48.41
444	32	84	35	512	500	87.83	64.50	87.83	67.84
445	18	123	28	512	500	102.03	74.04	102.03	74.26
445	34	377	32	512	500	129.28	126.03	129.28	108.46
446	33	204	22	512	500	159.10	135.15	159.10	130.58
447	21	162	25	512	500	110.59	88.10	110.59	85.34
447	33	465	30	512	500	130.23	122.43	130.23	107.29
447	34	486	34	512	500	inf			
447	35	34	8	512	500	88.56	64.77	88.56	68.22
449	34	80	28	512	500	146.46	117.23	146.46	117.17
450	32	53	12	512	500	44.81	31.24	44.81	
450	34	287	22	512	500	55.18	48.19	54.54	55.18
450	34	488	35	512	500	52.32	31.29	43.91	52.32
451	20	117	26	512	500	101.99	74.60	101.99	73.53
452	32	108	10	512	500	77.69	67.06	77.69	69.63
452	32	232	25	512	500	71.99	61.75	71.99	62.47
453	28	258	26	512	500	220.73	205.59	220.73	196.75
453	32	330	28	512	500	183.25	169.40	183.25	154.75
453	35	312	29	512	500	186.99	170.85	186.99	162.63
454	29	101	33	512	500	inf			
454	34	55	8	512	500	98.13	78.22	98.13	
457	28	257	29	512	500	444.86	427.63	444.86	418.86
459	28	160	17	512	500	40.97	30.20	40.97	36.39
459	28	185	22	512	500	65.35	50.96	65.35	55.59
459	33	272	17	512	500	78.59	71.42	78.59	74.78
459	34	389	35	512	500	45.71	40.70	45.13	45.71
460	26	59	31	512	500	67.97	48.03	67.97	52.39
460	31	239	16	512	500	61.74	53.00	61.74	55.70
460	35	170	22	512	500	63.65	44.15	63.65	46.99
461	21	55	27	512	500	110.18	76.00	110.18	78.52
461	29	267	27	512	500	inf			
461	33	179	29	512	500	293.34	268.62	293.34	262.81
462	24	170	31	512	500	40.28	24.72	40.28	37.49
462	33	64	31	512	500	41.12	23.52	41.12	
463	31	225	22	512	500	180.33	159.92	180.33	151.70
463	32	70	13	512	500	119.94	92.32	119.94	92.15
463	33	14	5	512	500	129.04	109.20	129.04	113.10
464	22	180	27	512	500	87.69	74.07	87.69	75.68
464	32	439	34	512	500	71.43	68.58	71.43	64.23
465	30	56	20	512	500	47.52	31.78	47.52	39.26
466	18	31	15	512	500	106.95	77.44	106.95	81.50
466	24	25	9	512	500	101.72	79.78	101.72	83.06
466	25	173	17	512	500	189.22	167.04	189.22	164.71
466	31	314	23	512	500	233.21	218.66	233.21	209.59
466	34	211	30	512	500	144.63	117.72	144.63	109.07
467	26	99	24	512	500	118.19	88.31	118.19	87.66
467	30	43	22	512	500	165.50	131.53	165.50	134.24
467	34	293	20	512	500	399.54	384.38	399.54	374.92
468	23	164	35	512	500	41.07	26.44	41.07	37.97
469	29	117	27	512	500	112.69	80.57	112.69	77.96
470	21	209	35	512	500	71.67	54.08	71.67	57.11
470	27	120	30	512	500	58.62	40.08	58.62	43.49
471	28	7	1	512	500	95.67	77.79	95.67	81.50
472	24	97	31	512	500	64.97	39.78	64.97	43.73
472	35	437	31	512	500	74.30	69.04	74.30	69.80
473	35	67	20	512	500	103.40	72.37	103.40	73.54
474	27	312	28	512	500	96.79	88.79	96.79	86.99
475	22	236	35	512	500	46.50	35.19	46.50	45.61
476	27	161	20	512	500	50.20	38.43	50.20	44.15
476	29	315	27	512	500	66.62	61.66	66.62	66.51
476	33	104	31	512	500	45.82	33.35	45.82	39.97
479	20	102	34	512	500	inf			
479	35	288	32	512	500	inf			
480	30	163	24	512	500	44.95	30.13	44.95	41.90
480	32	69	6	512	500	41.49	25.70	41.49	38.21
481	23	180	24	512	500	123.58	98.31	123.58	93.48
481	29	223	18	512	500	97.76	80.45	97.76	73.40
482	30	124	26	512	500	125.21	93.35	125.21	91.04
482	34	171	31	512	500	234.32	206.93	234.32	200.11
483	27	56	18	512	500	46.80	32.56	46.80	39.19
484	35	98	31	512	500	56.59	41.28	56.59	47.08
486	19	101	26	512	500	43.84	28.76	43.84	38.64
486	33	314	35	512	500	55.63	46.61	55.48	55.63
487	22	168	24	512	500	121.08	95.51	121.08	92.01
487	26	148	23	512	500	201.86	176.00	201.86	171.96
487	28	142	12	512	500	216.79	197.80	216.79	195.21
490	25	125	17	512	500	42.19	27.45	42.19	40.00
492	30	217	18	512	500	63.67	53.69	63.67	55.84
493	20	55	26	512	500	117.22	73.38	117.22	75.90
493	27	195	26	512	500	122.76	90.60	122.76	87.17
493	30	21	6	512	500	86.01	64.27	86.01	68.21
495	24	156	20	512	500	47.41	34.15	47.41	41.69
495	26	75	14	512	500	43.18	30.81	43.18	36.57
495	31	129	10	512	500	49.46	38.80	49.46	45.35
496	22	162	26	512	500	72.16	49.76	72.16	53.05
497	22	45	13	512	500	104.51	74.44	104.51	76.63
497	27	234	32	512	500	118.75	89.71	118.75	83.64
497	34	333	26	512	500	150.09	131.07	150.09	120.48
498	26	55	26	512	500	93.19	68.54	93.19	72.74
498	28	145	28	512	500	80.05	57.83	80.05	61.26
498	31	107	31	512	500	82.46	64.30	82.46	67.60
499	28	257	26	512	500	490.95	469.78	490.95	460.67
499	31	107	17	512	500	212.71	186.12	212.71	185.79
500	35	297	27	512	500	72.81	61.02	72.81	68.68
502	26	114	33	512	500	inf			
502	32	118	15	512	500	136.31	113.32	136.31	109.85
503	25	17	16	512	500	145.92	116.49	145.92	119.95
504	24	113	23	512	500	43.98	30.11	43.98	39.31
504	32	249	26	512	500	41.77	26.60	41.77	39.99
507	28	120	16	512	500	67.78	52.64	67.78	57.18
508	22	125	31	512	500	61.67	42.63	61.67	46.05
508	27	41	14	512	500	96.07	71.06	96.07	75.57
509	27	6	3	512	500	199.53	179.62	199.53	184.10
510	31	90	31	512	500	48.86	35.36	48.86	41.50
510	33	137	20	512	500	57.73	44.85	57.73	51.41
510	35	190	25	512	500	57.03	46.18	57.03	53.61
511	31	250	24	512	500	114.14	86.34	114.14	79.09
512	25	213	35	512	500	42.64	25.68	40.92	42.64
512	34	271	33	512	500	57.91	47.56	57.91	57.61
514	30	285	33	512	500	inf			
515	25	209	28	512	500	137.89	114.04	137.89	106.48
516	28	89	9	512	500	78.26	58.97	78.26	62.63
517	32	83	17	512	500	107.33	80.35	107.33	79.25
518	29	140	23	512	500	68.85	46.03	68.85	48.95
518	30	377	32	512	500	79.97	74.97	79.97	72.59
519	29	273	23	512	500	239.36	217.71	239.36	210.45
519	32	343	34	512	500	inf			
520	24	11	7	512	500	44.25	33.01	44.25	37.32
523	27	148	17	512	500	202.26	180.15	202.26	175.54
523	29	279	28	512	500	inf			
523	29	337	32	512	500	inf			
523	35	449	35	512	500	inf			
524	20	79	32	512	500	101.24	71.49	101.24	75.32
524	35	311	32	512	500	151.41	141.10	151.41	137.74
525	25	180	32	512	500	60.24	48.15	60.24	54.64
526	23	149	35	512	500	inf			
527	27	171	34	512	500	inf			
527	33	269	24	512	500	134.19	109.97	134.19	99.30
528	29	147	16	512	500	46.11	32.52	46.11	42.72
528	33	134	25	512	500	46.71	35.67	46.71	41.99
529	24	75	14	512	500	117.79	84.56	117.79	85.15
529	35	69	24	512	500	106.15	71.87	106.15	73.66
531	30	46	27	512	500	69.44	49.31	69.44	54.38
532	29	78	31	512	500	60.05	44.39	60.05	49.66
532	35	201	26	512	500	49.36	38.67	49.36	45.25
533	26	134	28	512	500	123.60	90.84	123.60	89.45
535	31	89	30	512	500	inf			
536	25	66	34	512	500	104.21	72.00	104.21	75.97
538	27	182	26	512	500	inf			
539	28	163	17	512	500	44.99	30.67	44.99	43.36
539	30	384	33	512	500	45.45	34.11	40.90	45.45
541	30	178	20	512	500	353.74	325.27	353.74	320.96
543	33	59	20	512	500	134.97	98.55	134.97	
544	31	129	30	512	500	60.48	44.97	60.48	50.59
545	29	140	22	512	500	138.24	106.64	138.24	105.16
545	32	73	30	512	500	inf			
547	21	65	33	512	500	inf			
547	27	17	6	512	500	129.34	108.89	129.34	111.63
547	28	44	33	512	500	inf			
549	25	35	8	512	500	68.29	50.33	68.29	55.36
550	26	170	24	512	500	50.15	36.50	50.15	43.57
550	28	251	32	512	500	50.95	39.95	50.95	47.74
551	33	69	7	512	500	99.34	78.04	99.34	78.50
553	23	92	23	512	500	127.52	87.66	127.52	87.02
555	28	30	8	512	500	63.16	46.83	63.16	51.29
555	31	115	32	512	500	74.94	49.71	74.94	54.64
556	29	164	17	512	500	81.42	58.69	81.42	62.04
558	30	315	29	512	500	96.18	86.04	96.18	87.24
559	22	44	24	512	500	inf			
559	22	115	32	512	500	inf			
559	28	226	26	512	500	132.92	99.27	132.92	93.64
560	26	99	21	512	500	44.79	29.88	44.79	40.01
561	27	31	29	512	500	77.34	56.33	77.34	61.19
561	32	290	27	512	500	91.10	78.55	91.10	81.36
562	28	28	26	512	500	inf			
562	30	134	23	512	500	209.83	179.96	209.83	175.61
564	26	65	25	512	500	103.36	75.39	103.36	78.74
566	25	41	31	512	500	inf			
567	30	41	9	512	500	41.73	27.04	41.73	37.01
567	34	136	19	512	500	39.03	25.18	39.03	35.65
568	27	76	28	512	500	108.51	79.05	108.51	82.85
569	32	317	30	512	500	404.81	382.82	404.81	370.25
570	28	123	23	512	500	50.41	37.89	50.41	43.42
570	35	127	31	512	500	53.29	41.44	53.29	45.95
572	28	58	7	512	500	44.04	26.65	44.04	40.09
573	27	101	27	512	500	inf			
574	29	37	32	512	500	106.22	76.75	106.22	81.73
575	28	38	22	512	500	53.48	38.76	53.48	44.37
575	31	8	1	512	500	43.06	31.55	43.06	36.33
575	35	360	34	512	500	63.96	55.06	63.64	63.96
576	23	85	22	512	500	40.74	26.37	40.74	34.15
578	33	142	34	512	500	80.62	54.68	80.62	57.59
578	34	45	14	512	500	106.88	78.72	106.88	82.40
580	34	88	23	512	500	62.58	46.27	62.58	52.29
580	34	107	30	512	500	52.44	39.71	52.44	45.11
580	35	292	24	512	500	76.36	67.80	76.36	74.46
581	22	46	21	512	500	117.64	80.68	117.64	83.53
582	29	144	30	512	500	101.11	74.52	101.11	76.82
582	33	217	22	512	500	92.39	77.71	92.39	78.62
583	35	62	10	512	500	115.68	86.56	115.68	88.45
585	29	25	9	512	500	47.23	34.89	47.23	39.55
585	34	27	10	512	500	49.81	36.60	49.81	41.53
585	35	309	30	512	500	59.54	51.80	58.60	59.54
588	30	66	34	512	500	43.60	30.06	43.60	36.80
589	26	20	17	512	500	122.21	88.79	122.21	92.15
590	35	218	25	512	500	85.94	68.96	85.94	71.15
591	26	105	17	512	500	151.64	118.94	151.64	119.08
595	27	210	34	512	500	52.29	39.76	52.29	46.82
596	35	10	2	512	500	73.73	51.78	73.73	55.94
598	29	127	29	512	500	73.50	52.21	73.50	54.60
599	33	135	30	512	500	inf			
600	27	58	33	512	500	49.17	33.42	49.17	41.15
600	31	61	8	512	500	45.88	31.00	45.88	40.20
600	32	16	13	512	500	47.84	35.26	47.84	
600	34	213	25	512	500	50.64	40.31	50.64	48.09
601	27	177	27	512	500	346.03	319.73	346.03	314.47
602	34	295	31	512	500	106.39	90.39	106.39	88.91
603	34	118	28	512	500	80.88	59.95	80.88	64.37
604	23	75	35	512	500	113.36	81.79	113.36	85.69
605	27	156	23	512	500	53.54	39.09	53.54	46.08
605	29	178	33	512	500	61.63	48.27	61.63	55.17
606	27	201	29	512	500	110.83	91.64	110.83	95.82
606	35	104	29	512	500	107.91	79.76	107.91	83.32
607	30	93	20	512	500	188.58	157.73	188.58	156.19
607	34	33	13	512	500	139.72	109.22	139.72	111.85
608	35	94	17	512	500	66.60	50.76	66.60	56.51
609	27	126	25	512	500	79.32	57.85	79.32	62.65
610	30	42	18	512	500	113.07	85.56	113.07	89.91
610	31	257	28	512	500	118.67	103.43	118.67	98.87
610	33	77	22	512	500	112.32	79.89	112.32	83.96
611	31	39	13	512	500	127.41	90.11	127.41	93.30
615	30	215	33	512	500	68.30	52.02	68.30	55.88
615	35	150	20	512	500	62.42	45.64	62.42	50.67
616	28	63	30	512	500	46.93	30.20	46.93	39.72
616	30	13	4	512	500	39.03	27.53	39.03	33.58
617	33	182	17	512	500	327.00	303.71	327.00	299.98
618	32	110	21	512	500	87.81	66.49	87.81	69.29
619	29	28	19	512	500	132.70	100.56	132.70	104.05
621	35	31	10	512	500	75.93	56.03	75.93	61.06
624	32	52	26	512	500	49.11	33.92	49.11	39.64
626	31	56	8	512	500	124.37	95.90	124.37	96.24
626	35	122	28	512	500	inf			
627	25	73	31	512	500	83.07	59.66	83.07	64.63
631	34	29	20	512	500	151.05	119.14	151.05	121.53
632	33	264	28	512	500	201.14	188.45	201.14	183.48
634	35	39	35	512	500	inf			
635	29	148	19	512	500	154.33	120.41	154.33	116.03
636	31	121	20	512	500	79.69	57.00	79.69	59.20
636	33	158	24	512	500	96.15	67.44	96.15	68.90
638	35	51	5	512	500	90.04	67.07	90.04	71.59
640	32	115	24	512	500	40.41	21.88	40.41	38.14
641	32	149	35	512	500	inf			
642	33	82	23	512	500	104.92	73.10	104.92	76.40
643	29	30	23	512	500	127.52	96.68	127.52	99.47
645	25	40	21	512	500	85.57	62.77	85.57	67.58
645	35	111	20	512	500	83.71	61.04	83.71	66.31
647	35	340	35	512	500	inf			
649	26	76	24	512	500	inf			
650	34	200	26	512	500	65.83	52.33	65.83	58.60
651	27	48	35	512	500	83.81	61.53	83.81	66.61
651	34	69	16	512	500	83.38	61.78	83.38	66.36
654	26	53	20	512	500	113.10	81.82	113.10	86.23
655	31	157	31	512	500	inf			
659	34	169	20	512	500	114.37	88.30	114.37	84.82
660	27	115	26	512	500	49.45	36.25	49.45	42.87
660	29	164	32	512	500	51.95	37.62	51.95	44.61
663	23	9	9	512	500	78.43	58.80	78.43	63.29
663	32	30	22	512	500	83.79	59.84	83.79	64.66
665	33	131	21	512	500	60.77	45.97	60.77	51.79
666	27	45	12	512	500	83.98	62.91	83.98	67.73
666	32	136	30	512	500	72.02	54.30	72.02	58.81
667	33	97	17	512	500	141.26	103.88	141.26	103.94
667	34	175	31	512	500	inf			
668	25	61	24	512	500	91.36	66.37	91.36	71.00
670	31	253	33	512	500	78.69	60.32	78.69	59.68
670	34	95	35	512	500	94.32	65.20	94.32	68.27
672	34	50	21	512	500	47.77	31.58	47.77	39.49
672	35	73	15	512	500	46.53	33.39	46.53	39.95
673	33	77	22	512	500	190.57	156.70	190.57	157.53
673	35	216	35	512	500	inf			
676	35	112	30	512	500	51.37	34.48	51.37	40.20
680	32	63	32	512	500	58.19	41.47	58.19	46.95
681	27	34	14	512	500	150.54	107.73	150.54	111.17
681	31	84	28	512	500	inf			
682	35	46	26	512	500	122.59	89.29	122.59	93.09
685	29	76	15	512	500	146.35	109.00	146.35	109.01
687	31	99	29	512	500	inf			
693	29	59	15	512	500	47.60	34.10	47.60	40.38
693	35	276	28	512	500	89.51	72.18	89.51	81.31
694	34	66	26	512	500	inf			
695	30	83	22	512	500	inf			
696	27	18	18	512	500	76.05	59.07	76.05	62.11
698	28	25	22	512	500	inf			
699	33	22	16	512	500	157.62	117.58	157.62	121.31
699	35	169	32	512	500	inf			
700	32	148	35	512	500	47.90	35.90	47.90	42.74
702	33	31	30	512	500	51.23	36.38	51.23	41.33
702	34	314	35	512	500	79.33	66.85	79.33	75.16
711	31	72	19	512	500	inf			
711	31	108	27	512	500	95.42	69.23	95.42	74.11
713	35	187	31	512	500	inf			
714	35	57	33	512	500	54.59	39.31	54.59	44.72
726	32	109	29	512	500	55.76	40.07	55.76	46.62
729	32	207	30	512	500	46.40	34.99	46.40	44.28
734	31	36	8	512	500	144.32	109.31	144.32	111.49
735	26	31	31	512	500	50.03	35.00	50.03	40.42
736	32	30	17	512	500	75.18	54.66	75.18	59.22
737	30	32	10	512	500	143.37	103.75	143.37	106.65
737	32	88	30	512	500	inf			
741	35	128	16	512	500	95.47	72.74	95.47	77.96
743	33	77	33	512	500	inf			
744	34	153	24	512	500	61.25	41.45	61.25	46.95
748	31	37	30	512	500	73.52	53.48	73.52	58.00
749	31	55	11	512	500	144.05	105.87	144.05	108.21
751	34	94	27	512	500	inf			
752	35	152	24	512	500	104.86	72.24	104.86	75.27
762	29	96	35	512	500	inf			
763	35	151	21	512	500	151.44	105.27	151.44	103.04
767	35	104	17	512	500	133.78	90.90	133.78	90.15
768	33	16	7	512	500	37.34	21.91	37.34	33.89
774	31	65	14	512	500	98.63	72.67	98.63	77.33
780	30	32	24	512	500	55.73	39.44	55.73	44.76
786	33	56	19	512	500	124.13	87.44	124.13	91.90
788	29	10	6	512	500	112.15	83.67	112.15	87.88
788	31	39	29	512	500	145.40	107.11	145.40	111.52
788	35	29	25	512	500	107.82	70.42	107.82	74.47
792	35	168	25	512	500	57.99	42.29	57.99	49.75
801	30	42	20	512	500	95.81	68.98	95.81	73.98
804	35	114	27	512	500	105.59	75.50	105.59	79.24
819	34	63	28	512	500	53.93	37.79	53.93	43.97
821	35	49	12	512	500	120.47	92.17	120.47	94.06
824	34	57	13	512	500	113.41	85.91	113.41	90.70
828	31	66	23	512	500	59.09	42.03	59.09	47.47
847	32	64	27	512	500	53.50	38.38	53.50	44.49
850	32	57	22	512	500	71.42	51.20	71.42	56.67
854	35	60	35	512	500	inf			
869	35	136	35	512	500	inf			
880	34	41	18	512	500	51.62	37.81	51.62	43.66
886	34	4	4	512	500	288.68	255.70	288.68	260.45
891	32	32	32	512	500	48.68	33.79	48.68	39.22
905	33	35	34	512	500	inf			
941	34	39	20	512	500	inf			
