4	2	512	500	722.25
4	4	512	500	690.59
5	2	512	500	578.33
6	4	512	500	484.01
6	6	512	500	498.55
7	3	512	500	423.82
7	5	512	500	431.90
8	2	512	500	342.61
8	8	512	500	385.45
9	6	512	500	349.89
9	8	512	500	360.75
10	10	512	500	340.67
11	2	512	500	272.54
11	6	512	500	295.98
12	1	512	500	230.42
12	3	512	500	254.24
12	9	512	500	283.12
13	1	512	500	245.72
13	5	512	500	257.35
13	6	512	500	256.38
13	7	512	500	264.79
13	12	512	500	282.67
13	13	512	500	300.08
14	4	512	500	239.51
14	5	512	500	239.52
15	2	512	500	212.21
15	4	512	500	221.02
16	4	512	500	206.39
16	5	512	500	193.21
16	10	512	500	216.32
16	14	512	500	223.65
16	16	512	500	230.46
17	11	512	500	217.75
17	14	512	500	231.63
18	5	512	500	175.38
18	17	512	500	219.99
19	3	512	500	180.74
19	4	512	500	183.50
19	6	512	500	183.89
19	10	512	500	204.76
19	17	512	500	216.57
20	2	512	500	157.81
20	3	512	500	156.11
20	11	512	500	178.43
20	15	512	500	186.13
20	16	512	500	182.63
20	17	512	500	193.92
20	18	512	500	181.55
20	20	512	500	188.48
21	3	512	500	164.32
21	4	512	500	160.60
22	16	512	500	172.83
22	20	512	500	190.18
22	21	512	500	176.88
22	22	512	500	185.41
23	1	512	500	146.45
23	4	512	500	152.30
23	9	512	500	164.33
23	12	512	500	174.59
23	14	512	500	174.93
23	15	512	500	178.07
23	16	512	500	175.24
23	21	512	500	183.35
24	1	512	500	125.31
24	3	512	500	129.13
24	4	512	500	133.23
24	11	512	500	146.55
24	22	512	500	158.88
24	24	512	500	157.48
25	1	512	500	122.85
25	6	512	500	139.34
25	17	512	500	149.70
26	2	512	500	137.24
26	3	512	500	130.35
26	4	512	500	140.72
26	15	512	500	148.58
26	18	512	500	150.18
26	20	512	500	155.29
26	22	512	500	158.87
27	19	512	500	145.44
27	23	512	500	150.17
27	26	512	500	152.92
28	5	512	500	127.73
28	6	512	500	117.72
28	16	512	500	135.98
28	18	512	500	134.45
28	22	512	500	135.64
28	23	512	500	135.75
28	24	512	500	143.42
28	28	512	500	139.47
29	7	512	500	131.47
29	8	512	500	139.24
29	9	512	500	134.90
29	10	512	500	147.86
29	11	512	500	140.62
29	13	512	500	151.47
29	15	512	500	145.72
29	18	512	500	150.38
29	23	512	500	156.13
30	6	512	500	114.28
30	9	512	500	114.34
30	18	512	500	134.70
30	19	512	500	128.38
30	23	512	500	140.73
30	27	512	500	132.83
30	30	512	500	145.64
31	3	512	500	118.07
31	4	512	500	119.34
31	7	512	500	132.83
31	8	512	500	130.02
31	9	512	500	129.11
31	19	512	500	144.37
31	22	512	500	143.37
31	23	512	500	147.44
31	28	512	500	150.73
32	2	512	500	92.73
32	6	512	500	105.02
32	13	512	500	115.98
32	14	512	500	121.28
32	18	512	500	123.24
32	22	512	500	113.82
32	25	512	500	118.69
32	26	512	500	130.91
32	29	512	500	121.24
32	32	512	500	121.93
33	5	512	500	114.54
33	6	512	500	117.87
33	9	512	500	113.20
33	13	512	500	122.79
33	15	512	500	124.47
33	17	512	500	127.23
33	26	512	500	122.83
34	5	512	500	107.53
34	7	512	500	110.14
34	11	512	500	116.35
34	15	512	500	125.99
34	20	512	500	121.22
34	21	512	500	134.50
34	22	512	500	130.13
34	31	512	500	127.87
35	3	512	500	94.97
35	5	512	500	100.39
35	11	512	500	103.86
35	14	512	500	115.55
35	15	512	500	114.98
35	21	512	500	114.10
35	27	512	500	114.88
35	29	512	500	119.40
35	34	512	500	112.61
36	3	512	500	92.19
36	5	512	500	97.73
36	7	512	500	102.54
36	13	512	500	111.34
36	15	512	500	109.56
36	21	512	500	112.13
36	34	512	500	113.76
37	2	512	500	94.85
37	6	512	500	106.48
37	10	512	500	111.53
37	13	512	500	119.05
37	20	512	500	127.15
37	24	512	500	123.83
37	28	512	500	129.91
37	30	512	500	130.33
37	35	512	500	135.21
38	8	512	500	106.23
38	10	512	500	105.79
38	25	512	500	124.11
39	5	512	500	91.93
39	13	512	500	106.33
39	14	512	500	117.46
39	15	512	500	110.54
39	17	512	500	115.45
39	19	512	500	108.57
39	24	512	500	120.42
39	27	512	500	110.29
39	29	512	500	112.16
39	31	512	500	117.54
39	32	512	500	121.43
39	35	512	500	130.37
40	4	512	500	80.96
40	8	512	500	88.27
40	12	512	500	97.93
40	20	512	500	97.19
40	21	512	500	104.34
40	32	512	500	97.24
41	5	512	500	96.36
41	21	512	500	120.28
41	23	512	500	120.59
41	29	512	500	130.47
41	30	512	500	121.20
41	35	512	500	137.94
42	3	512	500	78.87
42	4	512	500	77.79
42	15	512	500	93.34
42	20	512	500	94.16
43	5	512	500	92.97
43	9	512	500	103.12
43	10	512	500	105.76
43	15	512	500	105.46
43	18	512	500	108.78
43	19	512	500	109.27
43	22	512	500	109.72
43	27	512	500	119.99
43	35	512	500	134.34
44	5	512	500	78.98
44	14	512	500	90.44
44	15	512	500	94.56
44	19	512	500	91.82
44	20	512	500	89.34
44	29	512	500	96.99
45	6	512	500	83.07
45	7	512	500	82.98
45	15	512	500	94.43
45	26	512	500	95.56
45	27	512	500	93.20
45	29	512	500	103.72
45	32	512	500	96.27
46	16	512	500	90.84
46	17	512	500	97.00
46	25	512	500	103.27
46	29	512	500	100.80
46	31	512	500	113.09
47	8	512	500	90.21
47	9	512	500	87.88
47	13	512	500	98.31
47	19	512	500	114.42
47	24	512	500	107.32
47	27	512	500	107.10
47	30	512	500	109.55
47	34	512	500	109.48
48	11	512	500	79.87
48	24	512	500	90.16
48	26	512	500	85.45
48	28	512	500	97.89
49	7	512	500	72.86
49	12	512	500	79.29
49	13	512	500	80.46
49	14	512	500	83.09
49	16	512	500	79.59
49	19	512	500	85.83
49	23	512	500	85.19
49	33	512	500	91.64
50	2	512	500	62.63
50	4	512	500	66.32
50	6	512	500	67.94
50	9	512	500	70.10
50	30	512	500	83.54
50	32	512	500	93.16
51	6	512	500	78.35
51	17	512	500	89.13
51	19	512	500	89.79
51	22	512	500	86.78
51	23	512	500	94.32
51	29	512	500	94.35
51	33	512	500	90.61
52	6	512	500	67.76
52	7	512	500	69.17
52	14	512	500	83.68
52	15	512	500	78.06
52	22	512	500	83.50
52	24	512	500	89.19
52	29	512	500	89.27
52	33	512	500	93.96
52	34	512	500	91.23
52	35	512	500	100.17
53	7	512	500	77.07
53	15	512	500	90.30
53	18	512	500	105.14
53	20	512	500	96.85
53	27	512	500	97.99
53	29	512	500	100.78
53	30	512	500	98.85
54	6	512	500	73.33
54	11	512	500	75.45
54	12	512	500	75.57
54	20	512	500	81.08
54	29	512	500	85.55
54	34	512	500	82.00
55	9	512	500	69.46
55	15	512	500	74.22
55	16	512	500	75.39
55	27	512	500	81.75
55	29	512	500	85.65
55	30	512	500	75.96
55	33	512	500	92.98
55	34	512	500	77.54
56	14	512	500	76.24
56	17	512	500	71.36
56	29	512	500	79.88
56	34	512	500	75.48
57	17	512	500	77.60
57	19	512	500	76.99
57	20	512	500	90.63
57	22	512	500	79.88
58	9	512	500	74.15
58	22	512	500	88.76
59	3	512	500	67.34
59	7	512	500	74.10
59	11	512	500	79.39
59	34	512	500	95.18
59	35	512	500	95.39
60	3	512	500	58.12
60	7	512	500	64.06
60	20	512	500	73.13
61	10	512	500	75.41
61	12	512	500	76.82
61	23	512	500	84.44
61	24	512	500	102.49
61	26	512	500	90.48
61	28	512	500	88.04
62	11	512	500	72.64
62	15	512	500	79.16
62	19	512	500	83.56
62	23	512	500	76.53
62	33	512	500	84.51
63	11	512	500	66.72
63	15	512	500	69.00
63	23	512	500	69.70
63	28	512	500	76.76
63	30	512	500	74.55
64	10	512	500	64.39
64	22	512	500	65.18
64	23	512	500	63.22
64	24	512	500	65.47
64	25	512	500	71.90
64	28	512	500	66.73
64	29	512	500	69.84
64	31	512	500	68.03
65	8	512	500	59.08
65	14	512	500	66.73
65	15	512	500	65.42
65	22	512	500	72.00
65	25	512	500	80.37
65	26	512	500	70.10
66	9	512	500	57.47
66	16	512	500	63.73
66	24	512	500	67.49
66	26	512	500	68.70
66	27	512	500	68.91
66	32	512	500	71.41
66	33	512	500	65.25
66	34	512	500	68.52
67	8	512	500	67.84
67	19	512	500	71.72
67	21	512	500	75.02
67	26	512	500	83.06
67	27	512	500	80.92
67	32	512	500	90.13
67	33	512	500	87.53
68	16	512	500	72.28
68	27	512	500	79.08
68	30	512	500	69.61
68	32	512	500	73.66
69	8	512	500	59.89
69	9	512	500	65.39
69	11	512	500	62.64
69	12	512	500	66.67
69	14	512	500	69.96
69	15	512	500	70.59
69	20	512	500	68.69
69	29	512	500	80.50
70	5	512	500	50.19
70	29	512	500	60.59
70	30	512	500	58.70
70	31	512	500	71.98
71	8	512	500	62.81
71	12	512	500	71.28
71	14	512	500	72.77
71	22	512	500	74.20
71	23	512	500	76.56
71	26	512	500	81.94
72	10	512	500	57.55
72	11	512	500	57.71
72	13	512	500	59.88
72	14	512	500	66.40
72	22	512	500	59.28
72	29	512	500	62.39
73	17	512	500	71.56
73	24	512	500	67.12
73	29	512	500	83.73
73	31	512	500	85.67
73	32	512	500	77.38
74	6	512	500	55.56
74	7	512	500	61.03
74	11	512	500	58.13
74	15	512	500	63.28
74	21	512	500	73.80
74	25	512	500	70.72
74	31	512	500	76.50
74	33	512	500	79.36
75	4	512	500	50.29
75	11	512	500	57.58
75	16	512	500	66.75
75	21	512	500	62.12
75	25	512	500	87.58
75	29	512	500	68.10
75	30	512	500	63.47
75	32	512	500	62.85
75	34	512	500	61.27
76	8	512	500	53.75
76	16	512	500	58.90
76	19	512	500	60.36
76	23	512	500	63.45
76	28	512	500	70.40
77	5	512	500	47.98
77	6	512	500	50.31
77	13	512	500	59.17
77	15	512	500	55.68
77	20	512	500	55.07
77	22	512	500	56.27
77	23	512	500	58.38
77	25	512	500	60.28
77	26	512	500	56.64
77	32	512	500	68.43
78	11	512	500	55.34
78	27	512	500	64.13
78	29	512	500	61.02
78	30	512	500	59.85
78	31	512	500	59.23
79	6	512	500	56.63
79	11	512	500	62.40
79	12	512	500	65.45
79	14	512	500	69.14
79	16	512	500	67.63
79	21	512	500	66.20
79	35	512	500	84.83
80	13	512	500	52.37
81	6	512	500	53.01
81	24	512	500	56.46
82	17	512	500	61.86
82	23	512	500	62.73
82	32	512	500	70.68
82	33	512	500	68.38
82	34	512	500	77.28
83	8	512	500	56.44
83	12	512	500	60.03
83	18	512	500	66.05
83	19	512	500	69.48
83	22	512	500	65.71
83	29	512	500	72.97
84	12	512	500	53.32
84	15	512	500	58.23
84	18	512	500	54.39
84	21	512	500	62.36
84	26	512	500	55.10
84	31	512	500	67.99
84	35	512	500	57.29
85	11	512	500	57.06
85	13	512	500	54.79
85	14	512	500	57.45
85	15	512	500	54.11
85	23	512	500	64.76
85	29	512	500	65.91
85	31	512	500	62.20
86	17	512	500	55.61
86	19	512	500	56.67
86	23	512	500	63.43
86	29	512	500	61.17
87	9	512	500	50.05
87	17	512	500	55.19
87	24	512	500	56.39
87	35	512	500	65.17
88	8	512	500	46.97
88	19	512	500	50.13
88	31	512	500	57.86
89	23	512	500	60.03
89	25	512	500	64.02
89	27	512	500	69.30
89	29	512	500	70.02
89	31	512	500	70.63
89	35	512	500	74.51
90	11	512	500	48.43
90	12	512	500	49.88
90	20	512	500	50.73
90	27	512	500	53.29
90	28	512	500	56.06
90	30	512	500	57.26
91	4	512	500	39.44
91	9	512	500	47.51
91	10	512	500	46.85
91	14	512	500	49.42
91	17	512	500	55.23
91	23	512	500	56.00
91	29	512	500	59.54
91	32	512	500	52.04
91	33	512	500	55.28
92	8	512	500	47.84
92	10	512	500	46.20
92	11	512	500	46.57
92	16	512	500	55.25
92	17	512	500	52.50
92	22	512	500	51.19
92	26	512	500	53.70
92	27	512	500	56.80
92	31	512	500	53.65
92	32	512	500	59.40
93	8	512	500	46.54
93	13	512	500	51.68
93	19	512	500	51.95
93	24	512	500	56.48
93	27	512	500	65.80
93	32	512	500	67.36
94	11	512	500	49.08
94	17	512	500	54.37
94	19	512	500	61.00
94	28	512	500	56.69
94	31	512	500	60.76
95	16	512	500	49.81
95	30	512	500	55.76
95	31	512	500	58.68
96	8	512	500	45.10
96	15	512	500	48.04
96	24	512	500	48.93
96	26	512	500	48.13
96	34	512	500	45.14
97	10	512	500	56.78
97	15	512	500	59.06
97	19	512	500	61.51
97	30	512	500	63.07
98	4	512	500	35.79
98	20	512	500	44.36
99	12	512	500	49.69
99	19	512	500	50.57
99	23	512	500	53.65
99	25	512	500	53.55
99	26	512	500	54.36
100	9	512	500	44.69
100	23	512	500	49.48
100	34	512	500	47.36
101	5	512	500	43.63
101	8	512	500	47.29
101	9	512	500	51.15
101	14	512	500	55.03
101	17	512	500	57.37
101	27	512	500	61.54
102	8	512	500	41.06
102	11	512	500	42.24
102	13	512	500	45.09
102	20	512	500	44.77
102	23	512	500	52.50
102	25	512	500	48.13
102	26	512	500	54.47
102	35	512	500	52.37
103	11	512	500	45.49
103	20	512	500	53.24
103	29	512	500	63.97
103	35	512	500	60.92
104	12	512	500	46.77
104	15	512	500	54.37
104	25	512	500	48.60
104	27	512	500	61.77
104	30	512	500	50.40
104	35	512	500	50.83
105	10	512	500	45.17
105	14	512	500	47.39
105	20	512	500	45.82
105	23	512	500	57.74
105	27	512	500	50.96
105	28	512	500	50.34
105	32	512	500	48.79
105	34	512	500	48.95
106	14	512	500	61.43
106	22	512	500	51.96
106	27	512	500	67.31
106	29	512	500	55.10
106	34	512	500	54.72
107	13	512	500	50.35
107	17	512	500	54.70
107	19	512	500	50.28
107	27	512	500	58.72
107	30	512	500	59.58
108	8	512	500	40.89
108	17	512	500	47.72
108	24	512	500	48.04
108	26	512	500	49.95
108	28	512	500	42.83
108	35	512	500	43.55
109	13	512	500	50.43
109	26	512	500	52.11
109	35	512	500	65.64
110	10	512	500	38.26
110	11	512	500	37.78
110	21	512	500	42.51
110	23	512	500	39.84
110	24	512	500	40.83
110	25	512	500	40.14
110	31	512	500	40.73
110	34	512	500	46.12
111	9	512	500	40.73
111	10	512	500	42.97
111	17	512	500	44.30
111	23	512	500	45.14
111	31	512	500	58.77
111	32	512	500	54.81
111	34	512	500	54.44
112	11	512	500	39.26
112	16	512	500	45.12
112	18	512	500	39.88
112	34	512	500	42.02
113	8	512	500	43.79
113	11	512	500	49.10
113	14	512	500	50.83
113	15	512	500	54.16
113	22	512	500	51.80
113	25	512	500	52.37
113	28	512	500	65.08
113	31	512	500	56.15
114	14	512	500	42.70
114	18	512	500	45.35
114	20	512	500	42.18
114	26	512	500	47.49
114	28	512	500	43.59
115	6	512	500	34.49
115	19	512	500	44.58
115	25	512	500	46.95
115	30	512	500	50.94
115	33	512	500	47.59
115	34	512	500	46.44
116	12	512	500	39.77
116	15	512	500	43.60
116	33	512	500	49.07
117	5	512	500	37.11
117	8	512	500	40.25
117	15	512	500	49.16
117	18	512	500	45.18
117	27	512	500	47.93
117	32	512	500	46.07
118	10	512	500	42.26
118	17	512	500	48.72
118	28	512	500	48.56
118	30	512	500	53.63
119	10	512	500	39.54
119	11	512	500	41.62
119	12	512	500	39.95
119	13	512	500	40.76
119	20	512	500	40.18
119	22	512	500	41.81
119	26	512	500	41.37
119	27	512	500	47.49
119	34	512	500	42.93
120	11	512	500	36.23
120	12	512	500	42.92
120	14	512	500	39.11
120	24	512	500	42.21
120	32	512	500	40.03
120	33	512	500	40.92
121	8	512	500	33.56
121	9	512	500	34.83
121	10	512	500	40.21
121	19	512	500	39.16
121	20	512	500	39.05
121	22	512	500	40.59
121	23	512	500	38.46
121	32	512	500	45.62
122	6	512	500	38.35
122	7	512	500	37.49
122	16	512	500	43.24
122	17	512	500	46.92
122	21	512	500	52.13
122	26	512	500	53.83
122	28	512	500	51.34
122	34	512	500	55.72
123	7	512	500	36.97
123	29	512	500	47.57
123	31	512	500	46.69
124	10	512	500	39.17
124	17	512	500	43.48
124	19	512	500	42.81
125	12	512	500	35.83
125	14	512	500	37.88
125	20	512	500	36.74
125	23	512	500	41.83
125	25	512	500	46.08
125	28	512	500	38.50
125	34	512	500	40.25
126	9	512	500	35.32
126	10	512	500	40.42
126	15	512	500	39.79
126	18	512	500	39.56
126	22	512	500	38.89
126	26	512	500	40.38
127	10	512	500	43.96
127	16	512	500	49.71
127	26	512	500	47.28
127	30	512	500	50.99
128	9	512	500	37.24
128	12	512	500	37.49
128	16	512	500	53.99
128	19	512	500	44.93
128	22	512	500	38.61
128	24	512	500	39.86
128	25	512	500	39.26
128	26	512	500	44.50
129	5	512	500	34.11
129	18	512	500	41.51
129	20	512	500	41.40
129	27	512	500	47.73
129	34	512	500	46.73
130	13	512	500	36.22
130	15	512	500	35.65
130	17	512	500	37.32
130	20	512	500	35.92
130	21	512	500	37.64
130	25	512	500	39.77
130	26	512	500	38.18
130	28	512	500	48.66
131	19	512	500	54.87
131	25	512	500	48.90
131	26	512	500	44.24
131	28	512	500	45.29
132	13	512	500	38.20
132	14	512	500	37.87
132	18	512	500	43.13
132	21	512	500	38.74
132	22	512	500	37.74
132	30	512	500	38.68
132	32	512	500	37.57
133	30	512	500	44.28
133	33	512	500	40.12
133	35	512	500	42.27
134	9	512	500	38.73
134	13	512	500	38.84
134	23	512	500	53.32
134	28	512	500	46.24
134	29	512	500	47.67
135	14	512	500	41.20
135	16	512	500	43.88
135	22	512	500	40.29
136	16	512	500	49.12
136	20	512	500	35.35
136	30	512	500	39.24
136	34	512	500	45.52
137	9	512	500	36.05
137	20	512	500	48.49
137	24	512	500	45.22
137	30	512	500	56.15
137	32	512	500	48.11
137	33	512	500	50.86
138	9	512	500	31.84
138	10	512	500	34.03
138	14	512	500	35.27
138	15	512	500	36.19
138	22	512	500	37.87
138	28	512	500	38.16
139	10	512	500	46.39
139	12	512	500	41.90
139	13	512	500	39.36
139	15	512	500	43.93
139	16	512	500	42.89
139	18	512	500	42.97
139	21	512	500	50.29
139	32	512	500	48.26
140	15	512	500	34.96
140	19	512	500	35.23
140	21	512	500	42.12
140	23	512	500	39.91
140	31	512	500	41.10
140	34	512	500	46.02
141	13	512	500	35.26
141	14	512	500	37.64
141	25	512	500	58.32
141	29	512	500	41.82
141	32	512	500	44.35
141	34	512	500	45.82
142	16	512	500	41.70
142	22	512	500	41.05
142	27	512	500	43.12
142	31	512	500	45.94
142	32	512	500	52.75
142	33	512	500	44.82
143	10	512	500	39.32
143	14	512	500	32.72
143	17	512	500	36.70
143	18	512	500	36.01
143	20	512	500	33.71
143	24	512	500	34.42
143	33	512	500	41.57
144	15	512	500	34.38
144	16	512	500	33.98
144	18	512	500	34.84
144	19	512	500	38.72
144	22	512	500	33.90
144	25	512	500	39.72
144	26	512	500	41.15
144	28	512	500	35.31
145	10	512	500	31.36
145	13	512	500	37.30
146	15	512	500	36.99
146	17	512	500	38.08
146	30	512	500	44.71
146	32	512	500	42.98
146	33	512	500	48.24
147	14	512	500	33.13
147	15	512	500	36.17
147	16	512	500	38.64
147	20	512	500	38.19
147	34	512	500	36.28
147	35	512	500	36.54
148	10	512	500	34.12
148	11	512	500	30.77
148	12	512	500	35.08
148	13	512	500	33.87
148	16	512	500	40.96
148	22	512	500	37.72
148	27	512	500	40.45
148	29	512	500	39.38
149	17	512	500	39.86
149	19	512	500	45.87
149	23	512	500	49.66
149	26	512	500	48.53
149	27	512	500	47.59
149	28	512	500	48.52
149	33	512	500	52.31
150	17	512	500	36.19
150	26	512	500	40.69
150	27	512	500	33.06
150	33	512	500	47.37
151	11	512	500	40.54
151	12	512	500	38.58
151	20	512	500	44.55
151	25	512	500	44.11
151	30	512	500	49.47
151	32	512	500	46.57
152	16	512	500	37.42
152	19	512	500	33.27
152	24	512	500	39.47
152	25	512	500	38.64
152	29	512	500	50.41
152	30	512	500	42.42
153	8	512	500	32.69
153	25	512	500	52.64
153	27	512	500	42.38
153	28	512	500	47.15
153	30	512	500	42.33
154	10	512	500	27.43
154	13	512	500	30.76
154	18	512	500	35.77
154	24	512	500	35.40
154	32	512	500	32.38
154	33	512	500	31.84
155	16	512	500	35.87
155	29	512	500	40.94
155	30	512	500	38.84
156	28	512	500	36.44
156	31	512	500	47.12
157	11	512	500	39.13
157	14	512	500	39.04
157	22	512	500	41.39
157	24	512	500	43.33
157	26	512	500	44.90
157	27	512	500	44.98
157	32	512	500	50.34
157	33	512	500	46.93
158	15	512	500	39.18
158	19	512	500	40.01
158	21	512	500	36.77
158	22	512	500	38.33
158	24	512	500	37.87
158	33	512	500	43.01
159	22	512	500	34.59
159	25	512	500	41.20
159	32	512	500	40.21
160	8	512	500	28.14
160	11	512	500	30.45
160	18	512	500	34.33
160	25	512	500	35.22
160	26	512	500	36.94
160	29	512	500	30.82
161	15	512	500	34.76
161	18	512	500	34.56
161	26	512	500	32.94
161	27	512	500	34.13
161	30	512	500	45.85
161	34	512	500	42.42
162	10	512	500	30.59
162	11	512	500	31.28
162	16	512	500	35.39
162	23	512	500	33.54
162	27	512	500	37.32
162	31	512	500	34.51
162	32	512	500	36.34
162	33	512	500	34.84
163	12	512	500	35.58
163	20	512	500	38.31
163	30	512	500	45.24
164	12	512	500	31.28
164	13	512	500	34.81
164	25	512	500	36.04
164	26	512	500	39.07
164	32	512	500	39.75
165	12	512	500	30.96
165	15	512	500	33.84
165	17	512	500	32.42
165	18	512	500	34.06
165	19	512	500	34.82
165	26	512	500	33.24
166	13	512	500	32.66
166	21	512	500	44.63
166	22	512	500	34.90
166	25	512	500	38.08
166	28	512	500	36.90
166	29	512	500	40.28
166	32	512	500	41.93
167	13	512	500	39.39
167	15	512	500	42.14
167	16	512	500	41.80
167	19	512	500	38.30
167	23	512	500	45.68
167	27	512	500	43.27
167	34	512	500	45.67
168	10	512	500	28.00
168	12	512	500	28.36
168	19	512	500	32.95
168	28	512	500	34.84
168	29	512	500	32.70
168	33	512	500	30.44
168	34	512	500	31.30
168	35	512	500	31.32
169	12	512	500	26.90
169	18	512	500	29.23
169	19	512	500	30.48
169	24	512	500	36.85
169	25	512	500	31.81
169	28	512	500	28.64
169	31	512	500	31.50
169	33	512	500	33.17
170	12	512	500	26.66
170	14	512	500	32.25
170	17	512	500	30.99
170	19	512	500	29.04
170	22	512	500	29.83
170	26	512	500	38.62
171	10	512	500	30.97
171	30	512	500	41.33
171	31	512	500	57.42
172	17	512	500	33.08
172	19	512	500	30.87
172	20	512	500	35.96
172	21	512	500	34.22
172	23	512	500	32.04
172	24	512	500	30.55
172	33	512	500	42.79
173	12	512	500	31.98
173	13	512	500	35.21
173	32	512	500	38.59
174	12	512	500	27.58
174	20	512	500	31.44
174	23	512	500	31.98
174	25	512	500	44.47
174	26	512	500	32.00
174	28	512	500	30.83
174	35	512	500	37.18
175	13	512	500	30.14
175	14	512	500	29.98
175	20	512	500	30.81
175	27	512	500	30.06
175	30	512	500	37.78
175	32	512	500	34.40
176	11	512	500	26.50
176	12	512	500	28.13
176	17	512	500	29.08
176	20	512	500	31.27
176	30	512	500	31.58
177	10	512	500	28.03
177	14	512	500	30.61
177	17	512	500	32.34
177	23	512	500	40.08
178	15	512	500	37.65
178	17	512	500	32.39
178	23	512	500	35.04
178	25	512	500	34.27
178	29	512	500	38.88
178	30	512	500	40.33
178	31	512	500	39.24
179	18	512	500	34.07
179	30	512	500	39.61
179	33	512	500	39.81
180	21	512	500	40.14
180	23	512	500	28.22
180	25	512	500	33.46
180	27	512	500	34.11
180	31	512	500	30.75
181	13	512	500	32.99
181	18	512	500	35.89
181	19	512	500	31.86
181	21	512	500	35.29
181	24	512	500	38.12
181	33	512	500	41.60
182	20	512	500	27.20
182	30	512	500	30.32
182	31	512	500	29.25
183	17	512	500	36.13
183	19	512	500	31.08
183	27	512	500	32.53
183	30	512	500	40.48
183	31	512	500	37.54
183	35	512	500	45.53
184	9	512	500	26.35
184	17	512	500	32.41
184	19	512	500	36.72
184	22	512	500	36.14
184	30	512	500	33.56
184	35	512	500	36.26
185	20	512	500	33.04
185	24	512	500	35.95
185	27	512	500	30.61
185	29	512	500	31.52
186	9	512	500	27.87
186	11	512	500	26.10
186	13	512	500	32.20
186	15	512	500	32.25
187	13	512	500	25.88
187	16	512	500	29.54
187	17	512	500	27.55
187	22	512	500	27.08
188	16	512	500	31.45
188	17	512	500	30.73
188	26	512	500	30.81
188	29	512	500	31.80
189	21	512	500	35.79
189	31	512	500	31.89
189	32	512	500	47.77
190	15	512	500	25.33
190	25	512	500	32.70
190	31	512	500	27.71
191	12	512	500	29.74
191	14	512	500	32.28
191	26	512	500	33.59
191	35	512	500	42.27
192	15	512	500	28.31
192	20	512	500	26.37
192	22	512	500	31.20
192	25	512	500	27.39
192	31	512	500	28.43
193	7	512	500	26.92
193	16	512	500	35.21
193	17	512	500	34.86
193	20	512	500	33.27
193	21	512	500	37.24
193	22	512	500	33.28
193	28	512	500	40.81
193	31	512	500	41.99
194	15	512	500	33.07
194	16	512	500	31.72
194	23	512	500	47.44
194	25	512	500	35.65
194	27	512	500	32.41
194	28	512	500	36.93
195	20	512	500	32.84
195	27	512	500	34.20
195	28	512	500	32.28
195	29	512	500	33.63
195	33	512	500	33.72
196	17	512	500	31.67
196	21	512	500	31.35
196	22	512	500	30.36
196	29	512	500	29.46
196	34	512	500	29.49
196	35	512	500	34.91
197	29	512	500	44.64
197	31	512	500	37.99
198	10	512	500	28.52
198	11	512	500	27.07
198	24	512	500	31.35
198	31	512	500	27.77
199	16	512	500	35.99
199	17	512	500	33.03
199	18	512	500	35.02
199	23	512	500	39.25
199	25	512	500	36.71
199	29	512	500	47.02
199	31	512	500	38.78
199	32	512	500	37.37
200	12	512	500	26.45
200	13	512	500	26.58
200	14	512	500	26.46
200	25	512	500	28.00
200	31	512	500	29.98
200	33	512	500	29.74
200	34	512	500	29.24
200	35	512	500	30.10
201	11	512	500	25.24
201	16	512	500	31.41
201	31	512	500	37.14
201	32	512	500	43.22
202	18	512	500	28.37
202	20	512	500	30.19
202	24	512	500	32.72
203	15	512	500	24.30
203	24	512	500	29.11
203	27	512	500	27.45
203	29	512	500	31.13
203	35	512	500	34.20
204	12	512	500	25.54
204	16	512	500	26.56
204	28	512	500	32.56
204	30	512	500	32.40
205	10	512	500	24.00
205	13	512	500	25.06
205	15	512	500	26.03
205	27	512	500	36.61
205	29	512	500	29.39
205	31	512	500	31.42
206	13	512	500	25.98
206	15	512	500	26.72
206	22	512	500	29.87
206	29	512	500	33.06
206	35	512	500	36.50
207	25	512	500	33.52
208	11	512	500	23.72
208	15	512	500	25.18
208	28	512	500	31.63
208	29	512	500	28.37
209	15	512	500	26.20
209	20	512	500	25.46
209	25	512	500	34.46
210	10	512	500	24.48
210	12	512	500	23.92
210	19	512	500	27.71
210	20	512	500	25.88
210	22	512	500	25.06
211	14	512	500	31.43
211	18	512	500	34.96
211	23	512	500	36.27
211	25	512	500	40.28
211	29	512	500	36.02
211	33	512	500	37.05
212	8	512	500	23.44
212	9	512	500	23.58
212	11	512	500	24.53
212	12	512	500	24.89
212	23	512	500	33.70
212	31	512	500	31.31
212	33	512	500	34.37
212	34	512	500	32.80
213	18	512	500	27.90
213	25	512	500	31.38
213	33	512	500	35.50
213	34	512	500	36.19
214	17	512	500	29.74
214	18	512	500	28.26
214	21	512	500	31.45
214	28	512	500	30.35
214	30	512	500	30.83
214	31	512	500	32.55
215	10	512	500	23.11
215	20	512	500	26.51
215	26	512	500	25.50
215	28	512	500	30.47
215	33	512	500	30.96
216	18	512	500	25.25
216	19	512	500	22.97
216	21	512	500	23.15
216	24	512	500	24.82
216	29	512	500	28.66
216	30	512	500	27.65
216	32	512	500	24.38
217	11	512	500	25.24
217	18	512	500	23.99
217	21	512	500	26.12
217	26	512	500	27.53
217	28	512	500	29.24
217	31	512	500	30.90
218	11	512	500	24.40
218	14	512	500	25.86
218	24	512	500	32.96
218	28	512	500	30.35
219	25	512	500	30.20
219	29	512	500	31.45
219	30	512	500	28.63
219	32	512	500	31.08
220	14	512	500	26.26
220	24	512	500	27.13
220	29	512	500	26.84
221	10	512	500	21.40
221	18	512	500	22.33
221	22	512	500	26.62
221	24	512	500	22.66
221	29	512	500	28.85
221	30	512	500	27.86
221	35	512	500	27.76
222	18	512	500	28.79
222	30	512	500	40.25
222	33	512	500	30.46
223	24	512	500	32.21
223	25	512	500	34.00
223	29	512	500	34.37
224	14	512	500	24.43
224	16	512	500	29.16
224	19	512	500	22.91
224	21	512	500	25.42
224	30	512	500	26.01
225	30	512	500	26.08
225	31	512	500	31.19
226	11	512	500	24.46
226	17	512	500	29.01
226	24	512	500	30.14
226	33	512	500	35.71
226	34	512	500	38.37
227	12	512	500	28.44
227	13	512	500	29.61
227	16	512	500	34.06
227	20	512	500	37.75
227	26	512	500	34.22
227	33	512	500	41.93
228	23	512	500	32.11
228	24	512	500	27.07
228	34	512	500	28.08
229	15	512	500	30.29
229	16	512	500	32.82
229	20	512	500	33.29
229	23	512	500	34.13
229	24	512	500	33.26
229	25	512	500	37.66
229	26	512	500	37.51
229	32	512	500	42.51
230	15	512	500	23.82
230	19	512	500	22.72
230	21	512	500	23.62
230	22	512	500	25.72
230	26	512	500	25.36
230	30	512	500	28.50
231	17	512	500	25.77
231	24	512	500	26.50
231	27	512	500	28.44
231	32	512	500	28.92
231	33	512	500	27.11
232	24	512	500	25.45
232	34	512	500	33.81
233	10	512	500	27.59
233	21	512	500	31.54
234	27	512	500	25.84
234	33	512	500	26.78
234	34	512	500	31.77
235	21	512	500	26.20
235	24	512	500	27.10
235	29	512	500	30.68
235	31	512	500	27.42
236	19	512	500	25.94
236	22	512	500	26.60
237	17	512	500	25.50
237	19	512	500	32.92
237	20	512	500	26.24
237	30	512	500	29.14
237	34	512	500	32.85
238	12	512	500	21.63
238	15	512	500	22.08
238	16	512	500	21.49
238	26	512	500	25.80
238	28	512	500	22.59
238	29	512	500	23.66
238	31	512	500	25.22
238	33	512	500	24.32
239	14	512	500	29.27
239	26	512	500	35.62
239	28	512	500	34.80
239	30	512	500	35.07
239	32	512	500	35.28
239	34	512	500	35.85
240	13	512	500	22.62
240	19	512	500	24.49
240	21	512	500	26.60
241	15	512	500	30.15
241	24	512	500	32.36
242	21	512	500	20.36
242	27	512	500	24.81
242	28	512	500	24.42
242	32	512	500	23.66
242	35	512	500	27.20
243	15	512	500	24.28
243	22	512	500	23.54
243	26	512	500	28.42
243	28	512	500	35.25
243	35	512	500	26.94
244	18	512	500	27.05
244	25	512	500	26.05
244	30	512	500	29.43
244	31	512	500	27.10
244	33	512	500	31.63
244	35	512	500	33.56
245	13	512	500	22.19
245	15	512	500	25.73
245	18	512	500	24.19
245	26	512	500	24.44
245	32	512	500	24.09
245	34	512	500	25.82
246	13	512	500	21.59
246	24	512	500	24.50
247	12	512	500	19.55
247	13	512	500	20.60
247	20	512	500	21.93
247	31	512	500	26.20
247	33	512	500	22.57
248	11	512	500	21.57
248	20	512	500	24.83
248	23	512	500	26.22
249	26	512	500	27.42
249	27	512	500	31.51
249	29	512	500	31.25
250	20	512	500	26.70
250	21	512	500	27.17
250	24	512	500	23.36
250	26	512	500	28.47
250	34	512	500	27.23
251	13	512	500	29.15
251	24	512	500	31.55
251	26	512	500	35.18
251	35	512	500	38.02
252	29	512	500	22.34
253	20	512	500	24.25
253	27	512	500	26.06
253	28	512	500	23.14
254	18	512	500	26.90
254	27	512	500	27.14
254	31	512	500	37.82
254	34	512	500	27.01
255	24	512	500	26.93
255	31	512	500	29.68
256	16	512	500	20.38
256	22	512	500	27.59
256	23	512	500	22.00
256	27	512	500	22.98
257	26	512	500	27.92
257	32	512	500	31.44
257	34	512	500	30.18
258	16	512	500	20.56
258	27	512	500	26.90
258	31	512	500	24.19
258	35	512	500	26.35
259	13	512	500	20.43
259	19	512	500	26.45
259	20	512	500	24.39
259	21	512	500	22.31
259	27	512	500	22.69
259	31	512	500	30.82
259	34	512	500	28.63
260	21	512	500	23.30
260	25	512	500	22.94
260	29	512	500	24.17
261	14	512	500	26.04
261	28	512	500	29.75
261	31	512	500	28.41
261	33	512	500	30.59
262	23	512	500	23.98
262	28	512	500	24.78
263	33	512	500	29.06
264	13	512	500	20.07
264	35	512	500	23.23
265	16	512	500	20.61
265	19	512	500	22.55
265	26	512	500	23.90
266	13	512	500	18.51
266	22	512	500	23.92
266	28	512	500	26.77
266	32	512	500	28.26
267	19	512	500	27.24
267	21	512	500	24.84
267	23	512	500	23.79
267	35	512	500	27.16
268	10	512	500	20.13
268	11	512	500	19.33
268	20	512	500	26.39
268	35	512	500	32.69
269	23	512	500	27.22
269	27	512	500	30.56
269	32	512	500	29.26
270	18	512	500	21.67
270	22	512	500	24.25
270	32	512	500	25.66
271	29	512	500	27.14
271	31	512	500	27.61
272	17	512	500	21.40
272	18	512	500	20.30
272	19	512	500	21.86
272	23	512	500	22.33
272	24	512	500	20.98
272	25	512	500	25.42
272	33	512	500	25.54
273	15	512	500	27.49
273	19	512	500	22.30
273	31	512	500	31.25
273	32	512	500	27.70
273	34	512	500	23.08
274	12	512	500	20.74
274	14	512	500	21.25
275	30	512	500	22.91
275	33	512	500	26.40
276	14	512	500	19.55
276	23	512	500	24.23
276	34	512	500	23.28
277	23	512	500	25.59
277	24	512	500	29.56
277	31	512	500	26.87
277	34	512	500	28.12
277	35	512	500	33.70
278	19	512	500	23.99
278	20	512	500	29.63
278	23	512	500	24.56
278	27	512	500	24.92
278	29	512	500	30.05
279	16	512	500	22.97
279	25	512	500	26.13
279	27	512	500	28.62
280	16	512	500	20.44
280	19	512	500	23.13
280	35	512	500	25.29
281	12	512	500	21.55
281	18	512	500	23.32
281	23	512	500	26.67
283	12	512	500	21.61
283	24	512	500	24.65
283	27	512	500	28.86
283	28	512	500	26.22
283	29	512	500	35.57
283	32	512	500	28.98
284	16	512	500	19.65
284	23	512	500	23.52
284	27	512	500	27.27
285	23	512	500	23.38
285	26	512	500	28.26
286	16	512	500	23.13
286	23	512	500	21.86
286	24	512	500	22.86
286	27	512	500	18.38
286	34	512	500	26.67
287	20	512	500	23.91
287	21	512	500	19.87
287	35	512	500	22.91
288	12	512	500	18.40
288	20	512	500	19.71
288	24	512	500	20.54
288	34	512	500	19.99
288	35	512	500	20.40
289	25	512	500	19.40
289	28	512	500	19.38
289	29	512	500	27.31
289	32	512	500	22.22
289	33	512	500	24.77
290	19	512	500	18.34
290	23	512	500	19.82
290	34	512	500	23.00
291	16	512	500	21.39
291	20	512	500	23.60
291	22	512	500	21.99
292	30	512	500	26.17
293	24	512	500	33.86
293	29	512	500	29.49
293	33	512	500	29.35
293	34	512	500	30.08
294	22	512	500	24.17
294	25	512	500	20.08
294	31	512	500	22.24
294	32	512	500	21.64
295	20	512	500	19.51
295	29	512	500	25.39
295	33	512	500	23.35
296	15	512	500	20.12
296	17	512	500	19.71
296	30	512	500	23.14
296	34	512	500	26.88
297	20	512	500	21.75
297	33	512	500	25.32
298	21	512	500	24.44
298	26	512	500	24.07
298	33	512	500	27.54
299	12	512	500	17.50
299	21	512	500	19.40
299	31	512	500	21.60
300	26	512	500	23.59
300	27	512	500	19.84
300	33	512	500	22.46
301	15	512	500	17.94
301	31	512	500	20.51
301	35	512	500	23.18
302	23	512	500	23.24
302	26	512	500	25.44
302	33	512	500	29.40
303	28	512	500	29.76
304	30	512	500	23.90
305	16	512	500	19.14
305	23	512	500	24.10
305	27	512	500	25.51
305	28	512	500	24.58
306	21	512	500	23.54
306	31	512	500	26.61
306	35	512	500	31.61
307	18	512	500	23.01
307	20	512	500	23.11
307	28	512	500	26.18
308	13	512	500	18.45
308	33	512	500	23.79
309	15	512	500	19.54
309	19	512	500	19.43
309	20	512	500	19.06
309	25	512	500	24.56
309	31	512	500	24.47
310	23	512	500	19.64
310	31	512	500	20.77
311	13	512	500	22.40
311	24	512	500	27.22
311	27	512	500	29.50
311	29	512	500	28.23
312	16	512	500	18.51
312	19	512	500	27.13
312	20	512	500	20.94
312	35	512	500	24.33
313	15	512	500	22.84
313	18	512	500	25.78
313	25	512	500	28.01
313	28	512	500	29.05
314	14	512	500	25.40
314	17	512	500	21.29
314	24	512	500	24.90
315	19	512	500	25.33
315	21	512	500	19.42
315	23	512	500	19.39
315	24	512	500	19.05
315	26	512	500	20.90
316	21	512	500	19.39
316	35	512	500	25.04
317	24	512	500	26.61
317	28	512	500	28.49
317	32	512	500	27.10
318	23	512	500	20.64
318	27	512	500	19.29
318	34	512	500	22.40
319	23	512	500	17.46
319	24	512	500	20.09
320	17	512	500	20.25
320	19	512	500	18.63
320	22	512	500	18.66
320	29	512	500	18.37
320	33	512	500	21.16
321	22	512	500	22.87
321	26	512	500	20.82
321	31	512	500	24.52
322	25	512	500	21.04
322	30	512	500	17.99
322	34	512	500	25.35
323	18	512	500	17.54
323	27	512	500	17.35
323	28	512	500	17.87
323	29	512	500	19.63
323	32	512	500	19.82
324	14	512	500	17.78
324	28	512	500	17.96
324	34	512	500	20.96
325	20	512	500	21.80
325	24	512	500	23.29
325	33	512	500	22.10
325	35	512	500	24.24
326	22	512	500	21.90
326	23	512	500	23.44
326	26	512	500	25.84
326	30	512	500	22.66
327	16	512	500	17.82
327	34	512	500	24.57
328	15	512	500	18.03
328	22	512	500	22.58
328	24	512	500	24.66
328	28	512	500	24.78
328	32	512	500	22.88
329	13	512	500	16.94
329	15	512	500	16.47
329	29	512	500	19.44
330	21	512	500	19.92
330	34	512	500	21.32
330	35	512	500	21.39
331	18	512	500	24.02
331	35	512	500	32.51
332	18	512	500	18.62
332	25	512	500	23.95
332	35	512	500	23.08
333	23	512	500	20.89
333	30	512	500	22.01
333	34	512	500	25.72
334	13	512	500	19.97
334	26	512	500	24.02
334	27	512	500	25.13
334	28	512	500	23.52
335	14	512	500	17.38
335	18	512	500	18.33
335	20	512	500	17.64
336	16	512	500	17.73
336	24	512	500	22.26
336	25	512	500	19.34
336	26	512	500	18.06
336	28	512	500	24.96
337	18	512	500	22.77
337	22	512	500	27.57
337	23	512	500	25.68
337	31	512	500	27.66
338	17	512	500	15.74
338	25	512	500	16.99
339	17	512	500	21.29
339	21	512	500	21.36
339	22	512	500	19.12
339	25	512	500	20.23
339	26	512	500	35.34
339	29	512	500	21.73
339	31	512	500	24.10
339	32	512	500	23.80
339	34	512	500	30.67
340	13	512	500	16.79
340	22	512	500	20.61
340	23	512	500	19.61
340	25	512	500	21.63
340	31	512	500	33.68
340	32	512	500	20.68
341	18	512	500	16.88
342	21	512	500	19.76
342	30	512	500	25.23
343	27	512	500	25.59
344	20	512	500	17.57
344	32	512	500	24.25
345	33	512	500	22.41
346	18	512	500	17.89
346	22	512	500	18.49
346	23	512	500	19.03
346	28	512	500	30.43
346	30	512	500	22.95
346	33	512	500	21.60
347	17	512	500	22.72
347	22	512	500	25.72
347	26	512	500	31.72
347	27	512	500	28.68
347	29	512	500	31.36
347	30	512	500	28.61
348	20	512	500	16.69
348	26	512	500	18.59
349	25	512	500	26.09
349	35	512	500	28.88
350	17	512	500	19.31
351	24	512	500	20.29
351	25	512	500	18.80
352	24	512	500	21.87
352	25	512	500	17.23
352	35	512	500	21.79
353	15	512	500	22.55
353	21	512	500	23.23
353	22	512	500	23.55
353	23	512	500	26.02
353	34	512	500	28.82
354	20	512	500	17.41
354	26	512	500	19.20
354	29	512	500	20.13
354	30	512	500	21.32
354	32	512	500	19.52
354	33	512	500	21.27
355	28	512	500	21.81
355	34	512	500	24.93
356	27	512	500	19.71
357	22	512	500	19.07
357	30	512	500	22.48
358	28	512	500	27.26
359	14	512	500	23.16
359	20	512	500	25.50
359	27	512	500	26.95
360	18	512	500	17.68
360	24	512	500	16.28
360	31	512	500	22.10
361	28	512	500	26.60
361	35	512	500	29.32
362	21	512	500	18.53
362	28	512	500	22.39
362	35	512	500	22.56
363	34	512	500	20.72
364	16	512	500	16.76
364	28	512	500	20.52
365	17	512	500	17.05
365	27	512	500	18.84
365	33	512	500	20.62
365	34	512	500	41.72
366	23	512	500	17.17
366	33	512	500	21.74
367	24	512	500	24.50
367	29	512	500	26.88
368	19	512	500	15.89
368	25	512	500	19.09
368	26	512	500	20.77
368	30	512	500	18.53
368	31	512	500	19.75
369	27	512	500	21.82
369	28	512	500	21.52
370	19	512	500	15.32
370	25	512	500	18.39
370	31	512	500	19.76
371	24	512	500	25.48
371	27	512	500	18.26
371	35	512	500	22.15
372	24	512	500	17.15
372	31	512	500	20.52
372	32	512	500	22.16
373	35	512	500	31.58
374	19	512	500	14.67
374	22	512	500	14.80
374	24	512	500	15.23
374	27	512	500	17.68
375	27	512	500	18.36
375	33	512	500	19.61
375	35	512	500	24.97
376	15	512	500	16.45
376	20	512	500	17.15
376	28	512	500	21.02
377	26	512	500	16.70
378	18	512	500	17.16
378	30	512	500	24.86
378	32	512	500	18.02
379	25	512	500	24.29
379	30	512	500	28.97
380	29	512	500	17.96
380	32	512	500	19.99
380	33	512	500	21.60
380	34	512	500	18.51
381	23	512	500	21.51
381	24	512	500	19.99
381	25	512	500	19.67
381	30	512	500	20.50
381	33	512	500	21.11
381	34	512	500	22.36
382	29	512	500	27.28
382	30	512	500	21.66
382	33	512	500	24.85
382	34	512	500	21.46
383	21	512	500	22.96
383	28	512	500	27.47
384	18	512	500	15.74
384	26	512	500	17.35
384	31	512	500	20.33
384	35	512	500	19.98
385	16	512	500	17.64
385	27	512	500	18.72
385	29	512	500	21.29
385	30	512	500	18.92
385	32	512	500	21.58
386	15	512	500	17.96
386	17	512	500	16.84
386	18	512	500	17.55
386	20	512	500	18.61
386	28	512	500	19.92
387	17	512	500	17.43
387	23	512	500	17.73
388	19	512	500	16.07
388	32	512	500	21.25
389	25	512	500	25.73
389	32	512	500	29.73
389	35	512	500	35.33
390	21	512	500	16.86
390	27	512	500	17.61
390	29	512	500	17.99
391	32	512	500	18.91
391	35	512	500	16.17
392	15	512	500	15.89
392	29	512	500	19.87
392	32	512	500	18.55
392	33	512	500	16.61
393	35	512	500	22.60
394	20	512	500	17.63
394	30	512	500	22.89
394	34	512	500	21.59
395	22	512	500	16.90
395	28	512	500	20.72
396	17	512	500	15.51
396	33	512	500	21.41
397	29	512	500	31.04
397	34	512	500	31.37
398	35	512	500	22.27
399	28	512	500	20.15
399	31	512	500	22.72
399	34	512	500	22.73
401	20	512	500	22.69
401	21	512	500	26.64
401	23	512	500	24.16
401	29	512	500	26.99
401	35	512	500	28.15
402	24	512	500	16.38
402	26	512	500	17.18
402	33	512	500	25.22
403	16	512	500	14.89
403	21	512	500	15.39
403	35	512	500	19.76
405	29	512	500	20.07
405	34	512	500	19.39
406	22	512	500	14.89
406	29	512	500	15.53
407	18	512	500	15.61
407	21	512	500	15.32
407	34	512	500	18.13
408	23	512	500	16.03
408	26	512	500	21.17
409	17	512	500	23.66
409	23	512	500	23.41
409	25	512	500	24.47
409	26	512	500	24.48
409	32	512	500	26.57
410	26	512	500	15.50
411	19	512	500	15.85
411	20	512	500	16.20
412	19	512	500	14.84
412	20	512	500	14.80
412	26	512	500	16.32
412	27	512	500	17.62
412	28	512	500	17.09
412	29	512	500	18.31
412	30	512	500	23.77
412	35	512	500	19.31
413	20	512	500	15.68
413	21	512	500	15.31
413	27	512	500	18.25
413	31	512	500	17.55
413	32	512	500	20.71
413	35	512	500	18.98
414	28	512	500	19.49
414	34	512	500	22.29
415	28	512	500	21.18
415	32	512	500	19.11
415	34	512	500	18.76
416	21	512	500	15.00
416	25	512	500	15.68
416	26	512	500	15.05
416	27	512	500	16.00
416	35	512	500	20.06
417	20	512	500	15.80
417	22	512	500	16.86
417	35	512	500	19.62
418	24	512	500	14.24
418	29	512	500	14.73
418	33	512	500	22.81
419	28	512	500	27.64
420	20	512	500	16.00
420	34	512	500	17.12
421	26	512	500	24.15
421	33	512	500	28.56
422	19	512	500	17.08
422	33	512	500	29.50
424	26	512	500	15.89
424	33	512	500	17.79
424	34	512	500	19.33
425	20	512	500	16.30
425	22	512	500	16.61
425	28	512	500	16.53
425	32	512	500	18.63
426	33	512	500	21.01
426	34	512	500	18.82
427	24	512	500	15.57
427	33	512	500	18.19
428	31	512	500	20.00
428	34	512	500	21.64
428	35	512	500	21.14
429	20	512	500	17.29
429	24	512	500	18.31
429	26	512	500	17.24
429	30	512	500	17.16
429	33	512	500	19.93
430	35	512	500	19.03
431	23	512	500	24.64
431	31	512	500	26.47
431	35	512	500	27.68
432	31	512	500	17.93
433	33	512	500	28.27
434	17	512	500	14.23
435	18	512	500	16.95
435	26	512	500	16.56
435	33	512	500	19.48
436	25	512	500	16.08
436	31	512	500	19.46
436	35	512	500	22.10
437	18	512	500	24.42
437	19	512	500	22.70
437	22	512	500	22.78
437	25	512	500	24.87
437	27	512	500	25.16
438	22	512	500	17.86
438	26	512	500	15.40
438	29	512	500	16.05
438	31	512	500	17.79
438	32	512	500	17.63
439	26	512	500	32.20
439	27	512	500	30.75
440	20	512	500	16.05
440	26	512	500	16.49
440	35	512	500	20.48
441	23	512	500	16.35
442	22	512	500	13.04
442	33	512	500	20.61
443	25	512	500	23.75
443	33	512	500	30.65
444	26	512	500	16.78
444	27	512	500	15.19
444	28	512	500	15.63
444	30	512	500	15.77
444	32	512	500	20.33
445	18	512	500	14.40
445	34	512	500	18.86
446	33	512	500	21.85
447	21	512	500	15.57
447	30	512	500	20.88
447	33	512	500	24.01
447	34	512	500	19.35
447	35	512	500	23.34
448	28	512	500	15.39
449	34	512	500	28.80
450	32	512	500	18.23
450	34	512	500	20.28
451	20	512	500	13.82
451	28	512	500	15.05
452	22	512	500	16.76
452	30	512	500	17.39
452	32	512	500	18.00
453	28	512	500	21.39
453	32	512	500	20.74
453	35	512	500	24.81
454	29	512	500	19.70
454	34	512	500	24.37
455	17	512	500	16.04
456	21	512	500	15.53
457	28	512	500	26.70
459	28	512	500	16.24
459	29	512	500	16.08
459	33	512	500	16.89
459	34	512	500	17.50
460	26	512	500	14.51
460	31	512	500	16.03
460	35	512	500	17.34
461	21	512	500	22.37
461	25	512	500	23.76
461	29	512	500	25.58
461	33	512	500	28.08
462	24	512	500	16.53
462	33	512	500	17.37
463	29	512	500	24.40
463	31	512	500	25.49
463	32	512	500	25.98
463	33	512	500	26.30
464	22	512	500	13.82
464	32	512	500	15.10
465	30	512	500	22.86
466	18	512	500	16.85
466	19	512	500	16.59
466	24	512	500	18.47
466	25	512	500	19.30
466	31	512	500	20.16
466	34	512	500	27.37
467	26	512	500	23.44
467	30	512	500	24.54
467	33	512	500	26.58
467	34	512	500	28.32
468	23	512	500	14.04
469	29	512	500	15.69
470	21	512	500	13.18
470	27	512	500	15.41
471	22	512	500	15.96
471	28	512	500	17.45
472	24	512	500	15.07
472	35	512	500	19.59
473	35	512	500	15.56
474	27	512	500	16.09
475	22	512	500	14.95
476	27	512	500	16.10
476	29	512	500	16.15
476	33	512	500	18.33
477	27	512	500	16.43
479	20	512	500	21.48
479	33	512	500	25.69
479	35	512	500	29.76
480	30	512	500	14.26
480	32	512	500	14.63
481	18	512	500	13.42
481	23	512	500	13.61
481	29	512	500	15.00
482	30	512	500	19.44
482	34	512	500	23.73
483	27	512	500	15.49
484	35	512	500	16.28
485	24	512	500	14.72
486	19	512	500	14.75
486	25	512	500	15.33
486	27	512	500	16.61
486	33	512	500	16.00
487	22	512	500	25.31
487	26	512	500	23.30
487	28	512	500	23.66
488	31	512	500	17.17
490	25	512	500	14.85
490	28	512	500	15.66
492	30	512	500	15.60
493	20	512	500	13.77
493	27	512	500	13.43
493	30	512	500	14.16
495	24	512	500	15.01
495	26	512	500	16.06
495	31	512	500	15.77
495	35	512	500	17.98
496	22	512	500	13.60
497	22	512	500	13.59
497	24	512	500	16.33
497	27	512	500	15.29
497	31	512	500	16.62
497	34	512	500	15.98
498	26	512	500	14.57
498	28	512	500	17.13
498	31	512	500	15.72
499	28	512	500	24.35
499	31	512	500	24.92
500	35	512	500	17.30
502	26	512	500	17.74
502	32	512	500	19.67
503	25	512	500	23.38
504	24	512	500	13.90
504	29	512	500	14.74
504	32	512	500	14.36
505	30	512	500	17.00
506	34	512	500	13.27
507	28	512	500	14.99
507	31	512	500	15.18
508	22	512	500	13.61
508	27	512	500	30.49
509	27	512	500	23.66
510	31	512	500	15.48
510	33	512	500	14.82
510	35	512	500	18.75
511	28	512	500	14.34
511	31	512	500	14.45
512	25	512	500	14.30
512	34	512	500	14.67
514	30	512	500	16.72
515	25	512	500	14.14
516	26	512	500	14.47
516	28	512	500	15.47
517	32	512	500	13.11
518	29	512	500	13.60
518	30	512	500	12.81
519	24	512	500	14.31
519	29	512	500	14.57
519	32	512	500	15.90
520	24	512	500	21.64
523	27	512	500	19.58
523	29	512	500	18.48
523	30	512	500	18.57
523	35	512	500	22.71
524	20	512	500	12.58
524	21	512	500	12.96
524	35	512	500	18.55
525	25	512	500	15.99
526	23	512	500	15.69
526	30	512	500	16.15
527	27	512	500	13.50
527	33	512	500	14.04
528	29	512	500	14.70
528	33	512	500	14.73
529	24	512	500	12.54
529	35	512	500	13.76
531	30	512	500	15.80
532	29	512	500	13.54
532	35	512	500	14.58
533	26	512	500	13.00
533	35	512	500	19.78
534	32	512	500	14.77
535	31	512	500	14.29
536	25	512	500	13.87
538	27	512	500	15.53
539	28	512	500	15.18
539	30	512	500	14.26
540	23	512	500	14.40
541	30	512	500	18.57
543	33	512	500	17.27
544	30	512	500	14.70
544	31	512	500	14.09
545	29	512	500	14.20
545	32	512	500	14.06
547	21	512	500	16.03
547	27	512	500	17.74
547	28	512	500	18.11
548	27	512	500	13.90
549	25	512	500	15.10
550	26	512	500	14.41
550	28	512	500	15.17
551	33	512	500	12.72
552	29	512	500	13.36
553	23	512	500	12.76
555	28	512	500	14.45
555	31	512	500	16.72
556	29	512	500	15.63
557	30	512	500	19.52
558	30	512	500	14.78
558	33	512	500	14.92
559	22	512	500	13.06
559	28	512	500	12.64
559	35	512	500	13.59
560	26	512	500	15.35
561	27	512	500	16.44
561	32	512	500	14.92
562	28	512	500	15.72
562	30	512	500	16.42
564	26	512	500	14.28
564	29	512	500	13.67
564	33	512	500	15.24
566	25	512	500	14.66
567	30	512	500	15.05
567	34	512	500	17.46
568	27	512	500	14.23
568	32	512	500	15.88
569	32	512	500	20.28
570	28	512	500	13.51
570	35	512	500	15.11
572	28	512	500	13.96
573	27	512	500	15.81
573	32	512	500	16.04
574	29	512	500	12.78
575	28	512	500	14.97
575	31	512	500	15.08
575	35	512	500	16.74
576	23	512	500	12.53
578	33	512	500	12.44
578	34	512	500	12.97
580	34	512	500	13.99
580	35	512	500	14.36
581	22	512	500	12.65
582	29	512	500	13.95
582	33	512	500	15.60
583	35	512	500	14.24
585	29	512	500	13.88
585	30	512	500	16.04
585	32	512	500	16.63
585	34	512	500	14.56
585	35	512	500	15.61
588	30	512	500	15.31
589	26	512	500	12.62
590	35	512	500	13.56
591	26	512	500	14.56
595	27	512	500	14.80
596	35	512	500	16.45
598	29	512	500	13.38
598	33	512	500	14.22
599	33	512	500	19.67
600	27	512	500	13.53
600	31	512	500	14.36
600	32	512	500	12.60
600	34	512	500	13.65
601	27	512	500	18.80
602	32	512	500	13.68
602	34	512	500	13.17
603	34	512	500	15.23
604	23	512	500	14.04
605	27	512	500	13.55
605	28	512	500	13.76
605	29	512	500	15.80
606	27	512	500	13.38
606	28	512	500	13.38
606	35	512	500	16.29
607	30	512	500	20.49
607	34	512	500	21.83
608	35	512	500	13.91
609	27	512	500	13.69
610	30	512	500	13.62
610	31	512	500	14.92
610	33	512	500	13.30
611	31	512	500	13.33
612	24	512	500	13.50
615	30	512	500	15.10
615	35	512	500	15.67
616	28	512	500	13.09
616	30	512	500	12.94
617	33	512	500	20.02
618	32	512	500	15.58
619	29	512	500	24.04
621	35	512	500	15.11
624	32	512	500	14.17
626	28	512	500	15.02
626	31	512	500	15.98
626	35	512	500	16.88
627	25	512	500	13.81
630	29	512	500	14.60
631	34	512	500	20.50
632	33	512	500	15.72
634	35	512	500	18.24
635	29	512	500	13.89
636	31	512	500	12.52
636	33	512	500	14.36
638	35	512	500	13.59
640	32	512	500	13.12
641	32	512	500	19.34
642	33	512	500	13.09
643	29	512	500	19.25
645	25	512	500	12.86
645	35	512	500	14.61
647	35	512	500	21.59
649	26	512	500	13.03
650	31	512	500	13.50
650	34	512	500	14.55
651	27	512	500	13.13
651	34	512	500	25.12
654	26	512	500	12.05
655	31	512	500	13.85
658	35	512	500	15.56
659	27	512	500	17.41
659	34	512	500	21.21
660	27	512	500	13.83
660	29	512	500	13.72
661	31	512	500	19.46
663	23	512	500	14.05
663	32	512	500	14.05
665	33	512	500	14.72
666	27	512	500	12.99
666	32	512	500	14.00
667	33	512	500	11.52
667	34	512	500	13.62
668	24	512	500	12.64
668	25	512	500	12.95
669	30	512	500	14.56
670	31	512	500	11.66
670	34	512	500	12.22
672	34	512	500	15.81
672	35	512	500	13.12
673	33	512	500	20.32
673	35	512	500	21.73
676	35	512	500	12.84
680	30	512	500	14.52
680	32	512	500	15.01
681	27	512	500	14.24
681	31	512	500	17.86
682	35	512	500	12.11
685	29	512	500	14.43
687	31	512	500	14.88
693	29	512	500	13.90
693	35	512	500	14.13
694	34	512	500	20.81
695	30	512	500	13.10
695	33	512	500	13.73
696	27	512	500	12.17
696	34	512	500	12.19
698	28	512	500	14.90
699	33	512	500	14.67
699	35	512	500	15.51
700	32	512	500	13.96
702	33	512	500	12.25
702	34	512	500	12.83
711	31	512	500	13.82
713	35	512	500	11.87
714	29	512	500	11.77
714	35	512	500	12.92
726	32	512	500	13.01
728	28	512	500	15.13
729	32	512	500	12.44
732	28	512	500	12.84
734	31	512	500	15.87
735	26	512	500	12.29
736	32	512	500	15.03
737	30	512	500	12.10
737	32	512	500	11.99
741	35	512	500	15.63
743	33	512	500	20.66
744	34	512	500	13.94
748	31	512	500	11.61
749	31	512	500	25.19
750	35	512	500	14.14
751	34	512	500	20.69
752	32	512	500	13.15
752	35	512	500	13.82
762	29	512	500	11.91
763	35	512	500	16.12
767	35	512	500	11.97
768	33	512	500	12.73
769	35	512	500	21.53
774	31	512	500	12.60
776	34	512	500	13.39
780	30	512	500	12.60
780	32	512	500	12.32
786	33	512	500	16.33
788	29	512	500	12.37
788	31	512	500	12.72
788	35	512	500	17.96
792	35	512	500	13.95
801	30	512	500	12.67
804	35	512	500	13.61
805	31	512	500	12.27
819	34	512	500	13.58
821	31	512	500	19.71
821	35	512	500	21.27
824	34	512	500	12.87
828	31	512	500	12.04
842	34	512	500	16.30
847	32	512	500	12.34
850	32	512	500	13.19
853	31	512	500	19.31
854	35	512	500	12.25
869	35	512	500	12.81
880	34	512	500	12.44
885	33	512	500	13.80
886	34	512	500	16.23
891	32	512	500	12.30
905	33	512	500	11.59
921	33	512	500	15.65
941	34	512	500	21.12
5	4	512	500	584.93
9	8	512	500	352.12
11	10	512	500	323.02
13	6	512	500	259.22
13	12	512	500	275.21
14	2	512	500	257.19
20	3	512	500	160.32
20	17	512	500	182.33
26	6	512	500	139.72
30	9	512	500	121.71
31	19	512	500	139.02
33	12	512	500	115.88
33	23	512	500	122.69
33	30	512	500	122.51
35	17	512	500	108.89
36	34	512	500	114.98
37	13	512	500	117.58
38	22	512	500	111.47
40	11	512	500	90.47
40	23	512	500	92.61
41	34	512	500	122.36
44	7	512	500	80.73
44	25	512	500	91.47
44	35	512	500	95.98
45	32	512	500	90.59
46	31	512	500	103.79
46	33	512	500	105.58
47	16	512	500	96.46
50	4	512	500	66.17
50	27	512	500	80.65
51	28	512	500	88.59
52	33	512	500	86.21
53	9	512	500	81.74
53	15	512	500	88.28
53	18	512	500	89.20
53	27	512	500	95.91
56	29	512	500	72.52
58	16	512	500	77.18
62	14	512	500	74.60
65	22	512	500	67.71
66	9	512	500	76.82
67	13	512	500	88.76
69	12	512	500	63.97
70	14	512	500	59.11
70	28	512	500	59.62
71	9	512	500	92.92
72	5	512	500	53.09
72	12	512	500	57.62
73	20	512	500	69.83
74	17	512	500	62.32
74	22	512	500	66.49
74	24	512	500	64.43
74	33	512	500	71.97
75	30	512	500	59.83
77	25	512	500	55.15
78	11	512	500	102.21
81	21	512	500	56.20
81	22	512	500	57.57
82	24	512	500	63.54
84	12	512	500	52.16
86	11	512	500	80.41
87	16	512	500	53.69
87	17	512	500	54.56
87	27	512	500	57.61
89	19	512	500	60.33
92	26	512	500	52.91
93	15	512	500	51.26
95	18	512	500	47.80
96	24	512	500	48.81
97	4	512	500	45.01
98	19	512	500	42.73
99	12	512	500	148.48
99	25	512	500	51.29
99	30	512	500	52.53
99	32	512	500	49.84
104	17	512	500	48.43
104	35	512	500	51.22
105	14	512	500	70.10
106	23	512	500	50.50
107	32	512	500	57.22
109	17	512	500	71.15
109	31	512	500	54.67
110	11	512	500	165.61
112	16	512	500	39.36
115	17	512	500	67.26
115	33	512	500	48.94
117	25	512	500	45.69
118	28	512	500	52.75
119	32	512	500	42.99
121	20	512	500	57.47
122	17	512	500	88.31
122	22	512	500	46.85
123	20	512	500	49.79
125	14	512	500	89.33
125	25	512	500	36.85
126	15	512	500	79.88
127	9	512	500	43.64
127	29	512	500	53.99
128	26	512	500	36.27
129	18	512	500	49.87
130	10	512	500	34.51
130	31	512	500	41.15
131	14	512	500	44.75
132	12	512	500	36.98
132	33	512	500	38.02
133	8	512	500	31.74
133	30	512	500	40.61
134	24	512	500	40.99
135	13	512	500	38.21
135	20	512	500	38.87
136	8	512	500	34.44
136	15	512	500	217.86
136	20	512	500	34.79
137	11	512	500	38.85
138	14	512	500	178.01
142	7	512	500	32.49
142	32	512	500	44.51
143	28	512	500	34.42
145	5	512	500	32.33
146	34	512	500	43.78
147	27	512	500	34.26
148	23	512	500	66.50
148	29	512	500	37.19
151	6	512	500	32.76
151	9	512	500	37.92
152	19	512	500	73.80
154	10	512	500	28.03
154	13	512	500	29.28
154	21	512	500	84.24
154	31	512	500	29.30
156	35	512	500	36.14
157	22	512	500	120.92
157	23	512	500	41.37
158	22	512	500	68.48
160	26	512	500	35.14
162	10	512	500	30.31
163	14	512	500	39.40
164	30	512	500	36.76
165	15	512	500	33.55
165	19	512	500	77.47
165	20	512	500	124.25
166	25	512	500	49.65
167	30	512	500	47.63
170	9	512	500	25.25
170	14	512	500	27.66
170	29	512	500	31.14
173	21	512	500	78.49
174	17	512	500	29.20
174	35	512	500	38.08
177	17	512	500	30.32
180	8	512	500	26.17
182	19	512	500	162.36
185	14	512	500	27.53
189	33	512	500	28.95
191	12	512	500	33.72
191	32	512	500	37.99
192	27	512	500	66.84
192	33	512	500	27.35
193	14	512	500	33.47
196	35	512	500	26.70
200	10	512	500	25.25
201	9	512	500	25.50
201	10	512	500	25.04
202	18	512	500	31.67
204	14	512	500	26.02
205	27	512	500	50.09
206	22	512	500	148.67
207	8	512	500	25.33
207	31	512	500	33.39
209	16	512	500	24.13
210	21	512	500	185.60
211	21	512	500	34.53
212	31	512	500	34.69
213	29	512	500	67.09
216	21	512	500	23.67
219	26	512	500	141.29
222	30	512	500	52.79
223	15	512	500	32.82
223	30	512	500	89.89
224	19	512	500	24.20
226	20	512	500	26.55
226	29	512	500	57.02
226	33	512	500	51.62
228	24	512	500	30.76
229	27	512	500	188.63
232	28	512	500	137.02
234	33	512	500	77.00
235	11	512	500	20.64
237	34	512	500	33.07
238	15	512	500	20.34
241	30	512	500	139.05
243	21	512	500	25.39
245	10	512	500	21.31
246	17	512	500	27.35
248	28	512	500	89.67
251	18	512	500	28.33
252	10	512	500	20.62
255	25	512	500	25.30
256	21	512	500	20.88
258	24	512	500	24.15
260	28	512	500	181.67
261	25	512	500	23.82
264	24	512	500	20.93
264	33	512	500	49.80
265	14	512	500	20.85
265	29	512	500	144.88
266	24	512	500	21.95
267	12	512	500	21.17
267	25	512	500	25.06
268	18	512	500	21.52
268	27	512	500	167.33
269	10	512	500	21.96
270	21	512	500	22.73
270	28	512	500	146.81
272	14	512	500	20.18
272	16	512	500	21.45
272	25	512	500	21.62
272	33	512	500	77.88
274	25	512	500	23.70
277	16	512	500	23.29
277	23	512	500	24.74
277	25	512	500	26.60
277	34	512	500	101.80
278	20	512	500	22.33
278	23	512	500	25.43
279	15	512	500	22.54
279	27	512	500	23.77
280	10	512	500	20.46
280	16	512	500	20.59
280	32	512	500	143.85
281	19	512	500	23.39
283	11	512	500	21.57
284	14	512	500	18.99
289	28	512	500	19.07
290	24	512	500	21.55
294	18	512	500	19.46
295	29	512	500	22.23
296	14	512	500	18.78
296	18	512	500	20.71
296	31	512	500	158.37
297	14	512	500	20.30
297	27	512	500	21.31
301	17	512	500	18.39
301	31	512	500	26.36
302	18	512	500	21.85
304	23	512	500	18.58
306	25	512	500	21.10
306	33	512	500	133.01
309	14	512	500	18.17
309	16	512	500	18.45
311	19	512	500	23.64
311	29	512	500	28.47
311	32	512	500	173.40
313	27	512	500	28.66
314	25	512	500	23.96
315	30	512	500	23.06
317	31	512	500	28.11
318	16	512	500	17.93
318	27	512	500	21.17
319	23	512	500	18.30
319	26	512	500	18.60
322	16	512	500	16.68
323	24	512	500	17.32
324	28	512	500	18.80
326	12	512	500	19.87
327	11	512	500	17.90
331	15	512	500	22.55
334	19	512	500	20.38
334	26	512	500	23.39
337	18	512	500	23.56
337	33	512	500	29.84
339	19	512	500	18.56
339	25	512	500	19.98
340	27	512	500	19.23
341	13	512	500	16.86
342	21	512	500	19.44
343	14	512	500	17.21
343	33	512	500	19.20
344	18	512	500	16.61
346	30	512	500	22.52
346	33	512	500	23.49
347	22	512	500	24.55
348	20	512	500	17.58
349	17	512	500	22.64
352	23	512	500	16.40
353	20	512	500	23.04
354	13	512	500	16.24
354	16	512	500	16.42
354	35	512	500	22.56
356	23	512	500	17.67
361	13	512	500	22.53
363	14	512	500	19.26
368	26	512	500	19.90
370	14	512	500	15.21
372	22	512	500	17.02
373	21	512	500	23.07
373	22	512	500	23.32
373	24	512	500	27.46
375	28	512	500	18.30
375	35	512	500	20.13
377	26	512	500	16.04
378	13	512	500	16.39
380	29	512	500	16.55
381	23	512	500	18.98
381	34	512	500	25.14
384	14	512	500	17.01
384	19	512	500	16.07
386	26	512	500	21.63
392	21	512	500	16.41
392	29	512	500	18.77
393	22	512	500	16.47
399	17	512	500	16.87
401	16	512	500	22.68
401	30	512	500	27.93
402	32	512	500	18.33
406	35	512	500	15.52
407	34	512	500	17.80
413	27	512	500	17.48
414	23	512	500	18.82
416	33	512	500	17.35
421	18	512	500	22.72
421	33	512	500	28.91
424	22	512	500	15.05
426	26	512	500	15.79
428	16	512	500	15.18
429	19	512	500	16.76
430	23	512	500	15.67
432	20	512	500	14.87
434	27	512	500	14.81
435	29	512	500	23.11
436	33	512	500	17.63
437	27	512	500	25.70
439	25	512	500	23.35
440	22	512	500	15.28
441	22	512	500	15.21
441	31	512	500	16.64
444	16	512	500	13.97
444	24	512	500	14.61
445	15	512	500	14.29
447	34	512	500	20.33
447	35	512	500	20.41
450	18	512	500	16.86
450	27	512	500	15.52
455	17	512	500	15.76
456	23	512	500	15.09
472	29	512	500	18.67
478	18	512	500	16.60
480	34	512	500	16.60
484	26	512	500	13.73
486	28	512	500	13.95
487	35	512	500	27.08
489	33	512	500	21.45
490	24	512	500	14.05
491	25	512	500	22.77
498	19	512	500	14.49
498	30	512	500	15.13
499	17	512	500	21.04
500	19	512	500	14.28
503	27	512	500	22.68
505	20	512	500	13.92
505	21	512	500	13.91
505	30	512	500	20.16
506	27	512	500	12.46
507	34	512	500	18.61
509	25	512	500	20.88
510	35	512	500	15.89
511	21	512	500	13.20
512	23	512	500	12.96
512	25	512	500	15.54
516	29	512	500	15.40
516	32	512	500	14.80
519	21	512	500	13.65
521	26	512	500	17.22
521	32	512	500	19.16
522	23	512	500	14.54
522	25	512	500	14.54
524	20	512	500	12.75
527	26	512	500	12.84
527	34	512	500	13.10
531	30	512	500	15.47
532	28	512	500	13.89
534	20	512	500	13.01
534	27	512	500	13.69
536	31	512	500	14.99
537	18	512	500	13.50
540	18	512	500	13.15
541	33	512	500	21.52
546	31	512	500	16.29
548	29	512	500	14.40
556	30	512	500	14.07
557	30	512	500	18.30
560	26	512	500	13.76
564	27	512	500	13.29
565	31	512	500	14.61
567	35	512	500	14.74
568	25	512	500	13.76
570	20	512	500	12.60
573	23	512	500	13.10
577	35	512	500	21.09
587	35	512	500	21.33
588	21	512	500	13.59
591	23	512	500	13.30
593	32	512	500	19.00
595	33	512	500	15.40
596	29	512	500	14.10
605	29	512	500	13.08
607	32	512	500	24.92
608	27	512	500	12.61
611	21	512	500	11.92
611	26	512	500	11.50
618	21	512	500	12.41
621	22	512	500	13.08
622	24	512	500	14.19
629	30	512	500	11.46
632	34	512	500	14.75
637	33	512	500	13.27
639	32	512	500	14.67
641	32	512	500	19.39
646	23	512	500	11.32
652	25	512	500	13.08
653	34	512	500	20.31
654	31	512	500	15.12
658	27	512	500	11.34
660	24	512	500	11.91
670	28	512	500	11.99
670	32	512	500	11.92
673	29	512	500	18.63
675	33	512	500	13.75
679	35	512	500	13.42
680	35	512	500	13.59
683	30	512	500	18.91
683	33	512	500	19.88
685	32	512	500	12.74
691	31	512	500	19.39
697	30	512	500	11.30
698	27	512	500	14.22
699	34	512	500	15.45
700	25	512	500	11.82
707	34	512	500	13.43
710	26	512	500	11.69
710	29	512	500	11.85
722	25	512	500	9.68
727	27	512	500	17.67
728	30	512	500	12.47
737	29	512	500	10.79
742	26	512	500	11.56
743	29	512	500	21.23
744	25	512	500	12.15
750	28	512	500	12.22
752	32	512	500	12.23
755	31	512	500	12.48
757	32	512	500	20.06
758	26	512	500	14.40
759	26	512	500	13.00
762	30	512	500	11.72
767	26	512	500	10.81
769	35	512	500	20.77
772	33	512	500	12.38
773	34	512	500	20.77
778	28	512	500	15.57
778	29	512	500	15.51
779	34	512	500	12.17
782	32	512	500	10.61
782	33	512	500	10.85
784	27	512	500	12.80
787	27	512	500	18.38
796	31	512	500	11.99
797	29	512	500	18.48
802	28	512	500	14.44
803	29	512	500	11.69
804	31	512	500	11.85
807	30	512	500	12.15
810	29	512	500	11.91
810	32	512	500	12.29
813	34	512	500	12.35
820	30	512	500	10.99
821	29	512	500	18.99
837	28	512	500	13.01
838	30	512	500	15.23
839	32	512	500	19.90
844	32	512	500	13.60
850	35	512	500	12.78
854	30	512	500	10.50
854	35	512	500	12.20
859	35	512	500	21.06
862	34	512	500	15.44
872	33	512	500	12.48
874	33	512	500	10.52
878	30	512	500	15.26
880	30	512	500	11.68
891	35	512	500	12.68
896	31	512	500	11.03
919	33	512	500	20.05
920	33	512	500	12.97
927	33	512	500	11.47
928	31	512	500	12.11
944	33	512	500	12.80
984	34	512	500	12.87
1017	34	512	500	11.80
1043	35	512	500	12.18
