4	2	512	500	755.32	755.14	755.32
4	4	512	500	747.57	747.43	747.57
5	2	512	500	617.44	617.23	617.44
6	4	512	500	541.95	541.67	541.95
6	6	512	500	557.03	556.76	557.03
7	5	512	500	490.61	490.31	490.61
8	2	512	500	373.09	372.87	373.09
9	6	512	500	396.67	396.31	396.67
9	8	512	500	410.72	410.37	410.72
10	10	512	500	374.50	374.14	374.50
11	2	512	500	304.48	304.04	304.48
12	1	512	500	253.25	252.98	253.25
12	3	512	500	274.17	273.90	274.17
12	9	512	500	311.04	310.82	311.04
13	1	512	500	266.43	265.89	266.43
13	5	512	500	290.10	289.60	290.10
13	6	512	500	295.15	294.68	295.15
13	7	512	500	299.04	298.55	299.04
13	13	512	500	316.36	315.90	316.36
14	4	512	500	262.14	261.67	262.14
14	5	512	500	266.41	265.92	266.41
15	2	512	500	229.71	229.18	229.71
15	4	512	500	245.04	244.51	245.04
16	4	512	500	227.61	227.27	227.61
16	5	512	500	224.15	223.80	224.15
16	10	512	500	236.19	235.90	236.19
16	16	512	500	235.95	235.66	235.95
17	11	512	500	240.18	239.63	240.18
17	14	512	500	243.53	242.95	243.53
18	17	512	500	216.49	216.16	216.49
19	3	512	500	200.59	200.13	200.59
19	4	512	500	204.18	203.46	204.18
19	6	512	500	215.04	214.37	215.04
19	10	512	500	221.29	220.92	221.29
19	17	512	500	222.96	222.32	222.96
20	2	512	500	173.87	173.43	173.87
20	3	512	500	181.43	180.90	181.43
20	11	512	500	196.09	195.67	196.09
20	15	512	500	196.26	195.88	196.26
20	16	512	500	196.97	196.64	196.97
20	17	512	500	197.84	197.51	197.84
20	18	512	500	195.70	195.33	195.70
20	20	512	500	212.98	212.60	212.98
21	3	512	500	187.13	186.38	187.13
21	4	512	500	184.35	183.68	184.35
22	16	512	500	188.84	188.18	188.84
22	20	512	500	200.48	199.78	200.48
22	22	512	500	209.72	209.00	209.72
23	1	512	500	167.66	166.83	167.66
23	9	512	500	191.49	191.49	188.13
23	12	512	500	190.64	189.88	190.64
23	14	512	500	192.70	191.98	192.70
23	15	512	500	199.39	198.65	199.39
23	21	512	500	207.28	206.51	207.28
24	1	512	500	140.76	140.33	140.76
24	4	512	500	156.24	155.73	156.24
24	11	512	500	168.52	168.36	168.52
24	22	512	500	180.39	179.96	180.39
25	6	512	500	163.99	163.26	163.99
25	17	512	500	165.17	164.34	165.17
26	2	512	500	152.93	152.06	152.93
26	3	512	500	154.98	154.10	154.98
26	4	512	500	158.25	157.40	158.25
26	15	512	500	167.80	167.02	167.80
26	20	512	500	179.34	178.53	179.34
26	22	512	500	181.07	180.24	181.07
27	19	512	500	170.01	169.64	170.01
27	23	512	500	169.70	169.35	169.70
27	26	512	500	169.27	168.96	169.27
28	5	512	500	144.59	144.06	144.59
28	6	512	500	144.57	144.04	144.57
28	16	512	500	146.07	145.59	146.07
28	18	512	500	147.85	147.36	147.85
28	22	512	500	158.51	158.03	158.51
28	23	512	500	159.04	158.62	159.04
28	24	512	500	161.41	160.92	161.41
28	28	512	500	167.30	166.84	167.30
29	7	512	500	157.23	156.30	157.23
29	8	512	500	157.19	156.20	157.19
29	9	512	500	156.96	155.99	156.96
29	10	512	500	159.05	158.09	159.05
29	11	512	500	166.87	165.87	166.87
29	13	512	500	162.92	161.99	162.92
29	15	512	500	161.98	161.07	161.98
29	18	512	500	164.17	163.18	164.17
29	23	512	500	178.22	177.28	178.22
30	6	512	500	138.41	137.90	138.41
30	9	512	500	139.12	138.56	139.12
30	18	512	500	141.23	140.73	141.23
30	19	512	500	149.84	149.78	149.84
30	23	512	500	151.67	151.21	151.67
30	27	512	500	155.65	155.18	155.65
30	30	512	500	151.84	151.39	151.84
31	3	512	500	142.65	141.59	142.65
31	4	512	500	141.13	140.10	141.13
31	7	512	500	151.17	150.17	151.17
31	8	512	500	152.33	151.31	152.33
31	19	512	500	165.50	164.50	165.50
31	23	512	500	170.25	170.01	170.25
31	28	512	500	173.59	172.58	173.59
32	2	512	500	114.62	114.05	114.62
32	6	512	500	129.66	129.10	129.66
32	13	512	500	133.22	132.65	133.22
32	14	512	500	136.72	136.30	136.72
32	18	512	500	144.90	144.36	144.90
32	22	512	500	140.91	140.36	140.91
32	25	512	500	140.55	140.05	140.55
32	26	512	500	144.81	144.30	144.81
32	29	512	500	141.65	141.15	141.65
32	32	512	500	144.59	144.03	144.59
33	5	512	500	129.43	128.28	129.43
33	6	512	500	132.68	131.59	132.68
33	9	512	500	134.42	133.33	134.42
33	13	512	500	136.50	135.44	136.50
33	15	512	500	136.38	135.37	136.38
33	17	512	500	144.31	143.25	144.31
34	5	512	500	133.29	132.17	133.29
34	7	512	500	132.36	131.21	132.36
34	11	512	500	132.07	130.98	132.07
34	15	512	500	135.29	134.21	135.29
34	20	512	500	145.97	144.93	145.97
34	21	512	500	155.00	153.94	155.00
34	22	512	500	147.82	146.81	147.82
34	31	512	500	154.24	153.44	154.24
35	3	512	500	114.74	113.55	114.74
35	5	512	500	123.48	122.34	123.48
35	11	512	500	125.42	124.31	125.42
35	14	512	500	128.93	127.78	128.93
35	15	512	500	131.85	130.72	131.85
35	21	512	500	136.68	135.60	136.68
35	27	512	500	136.07	134.96	136.07
35	29	512	500	138.42	137.38	138.42
35	34	512	500	138.59	137.48	138.59
36	5	512	500	122.02	121.59	122.02
36	7	512	500	124.19	123.79	124.19
36	13	512	500	124.64	124.20	124.64
36	15	512	500	125.84	125.40	125.84
36	21	512	500	134.87	134.43	134.87
36	34	512	500	137.01	136.51	137.01
37	6	512	500	130.06	128.84	130.06
37	10	512	500	133.30	132.12	133.30
37	13	512	500	137.59	136.52	137.59
37	20	512	500	146.27	145.11	146.27
37	24	512	500	149.16	147.96	149.16
37	28	512	500	153.62	152.44	153.62
37	30	512	500	155.93	154.76	155.93
37	35	512	500	159.10	157.94	159.10
38	8	512	500	121.01	119.81	121.01
38	10	512	500	122.87	121.70	122.87
39	5	512	500	116.85	115.24	116.85
39	13	512	500	122.44	121.19	122.44
39	14	512	500	123.06	121.82	123.06
39	15	512	500	122.93	121.75	122.93
39	17	512	500	122.43	121.22	122.43
39	19	512	500	129.52	128.31	129.52
39	24	512	500	140.06	138.83	140.06
39	27	512	500	137.79	136.59	137.79
39	29	512	500	134.41	133.17	134.41
39	32	512	500	137.66	136.46	137.66
40	4	512	500	110.08	109.38	110.08
40	8	512	500	110.63	109.93	110.63
40	12	512	500	112.50	111.88	112.50
40	20	512	500	119.29	118.66	119.29
40	21	512	500	119.08	118.55	119.08
40	32	512	500	119.99	119.37	119.99
41	5	512	500	119.98	118.67	119.98
41	21	512	500	137.61	136.33	137.61
41	23	512	500	139.76	138.51	139.76
41	29	512	500	143.68	142.43	143.68
41	35	512	500	148.27	146.93	148.27
42	3	512	500	107.70	106.90	107.70
42	4	512	500	104.44	103.70	104.44
42	15	512	500	110.94	110.26	110.94
42	20	512	500	115.15	114.46	115.15
43	5	512	500	113.35	111.94	113.35
43	9	512	500	118.98	117.59	118.98
43	15	512	500	123.44	122.11	123.44
43	18	512	500	122.24	120.88	122.24
43	19	512	500	130.44	129.09	130.44
43	22	512	500	133.29	131.90	133.29
43	27	512	500	138.00	136.64	138.00
43	35	512	500	150.72	149.38	150.72
44	5	512	500	107.37	106.67	107.37
44	15	512	500	109.20	108.52	109.20
44	19	512	500	113.19	112.46	113.19
44	20	512	500	112.92	112.22	112.92
44	29	512	500	115.22	114.52	115.22
45	6	512	500	108.06	107.52	108.06
45	7	512	500	106.41	105.60	106.41
45	15	512	500	107.47	106.94	107.47
45	26	512	500	116.78	116.29	116.78
45	27	512	500	115.62	115.10	115.62
45	29	512	500	115.20	114.72	115.20
45	32	512	500	116.45	115.94	116.45
46	16	512	500	109.79	108.35	109.79
46	17	512	500	113.02	111.58	113.02
46	25	512	500	120.98	119.56	120.98
46	31	512	500	134.40	132.98	134.40
47	8	512	500	112.38	110.93	112.38
47	9	512	500	110.86	109.40	110.86
47	13	512	500	114.46	113.04	114.46
47	24	512	500	126.55	125.09	126.55
47	27	512	500	132.98	131.49	132.98
47	30	512	500	131.56	130.03	131.56
47	34	512	500	133.33	131.87	133.33
48	11	512	500	105.65	105.03	105.65
48	24	512	500	106.29	105.75	106.29
48	26	512	500	111.73	111.24	111.73
48	28	512	500	108.24	107.75	108.24
49	7	512	500	114.23	114.23	112.36
49	12	512	500	114.54	112.96	114.54
49	13	512	500	108.86	107.31	108.86
49	14	512	500	109.78	108.24	109.78
49	16	512	500	113.22	111.70	113.22
49	19	512	500	111.41	109.94	111.41
49	23	512	500	108.08	106.61	108.08
49	33	512	500	110.12	108.59	110.12
50	2	512	500	107.33	106.50	107.33
50	6	512	500	104.61	103.75	104.61
50	9	512	500	103.71	102.94	103.71
50	30	512	500	108.34	107.51	108.34
50	32	512	500	107.98	107.21	107.98
51	17	512	500	108.99	107.35	108.99
51	19	512	500	112.16	110.56	112.16
51	23	512	500	115.63	114.07	115.63
51	33	512	500	113.76	112.15	113.76
52	7	512	500	105.56	104.58	105.56
52	14	512	500	107.93	107.12	107.93
52	15	512	500	108.90	108.10	108.90
52	24	512	500	109.02	108.22	109.02
52	29	512	500	106.49	105.55	106.49
52	33	512	500	112.79	111.95	112.79
52	34	512	500	108.01	107.16	108.01
53	15	512	500	110.37	108.67	110.37
53	18	512	500	114.20	112.57	114.20
53	20	512	500	115.21	113.58	115.21
53	27	512	500	120.35	118.68	120.35
53	29	512	500	120.58	118.98	120.58
53	30	512	500	121.05	119.40	121.05
54	11	512	500	105.00	104.37	105.00
54	12	512	500	107.02	106.39	107.02
54	20	512	500	105.41	104.81	105.41
54	29	512	500	106.21	105.57	106.21
54	34	512	500	108.01	107.42	108.01
55	9	512	500	103.62	102.22	103.62
55	15	512	500	104.63	102.91	104.63
55	16	512	500	107.83	106.11	107.83
55	27	512	500	108.55	106.86	108.55
55	29	512	500	112.35	110.58	112.35
55	33	512	500	123.64	121.97	123.64
55	34	512	500	111.68	109.98	111.68
56	14	512	500	109.09	108.16	109.09
56	17	512	500	107.48	106.60	107.48
56	29	512	500	104.80	103.96	104.80
56	34	512	500	105.36	104.50	105.36
57	17	512	500	109.60	107.94	109.60
57	19	512	500	119.00	117.24	119.00
57	20	512	500	109.79	108.03	109.79
57	22	512	500	108.01	106.24	108.01
58	9	512	500	107.29	105.46	107.29
58	22	512	500	112.82	111.01	112.82
59	3	512	500	105.43	103.53	105.43
59	7	512	500	108.74	106.90	108.74
59	11	512	500	107.16	105.34	107.16
59	34	512	500	119.52	117.71	119.52
59	35	512	500	124.48	122.66	124.48
60	3	512	500	102.41	101.77	102.41
60	7	512	500	102.65	102.01	102.65
60	20	512	500	108.50	107.80	108.50
61	10	512	500	113.33	111.48	113.33
61	23	512	500	111.43	109.57	111.43
61	24	512	500	111.14	109.30	111.14
61	26	512	500	112.60	110.74	112.60
61	28	512	500	110.00	108.15	110.00
62	11	512	500	110.11	108.22	110.11
62	15	512	500	108.77	106.78	108.77
62	19	512	500	107.42	105.52	107.42
62	33	512	500	114.93	112.99	114.93
63	11	512	500	107.08	106.39	107.08
63	15	512	500	100.77	99.98	100.77
63	23	512	500	102.64	101.93	102.64
63	28	512	500	107.64	106.96	107.64
63	30	512	500	103.12	102.42	103.12
64	22	512	500	107.80	107.31	107.80
64	23	512	500	105.14	104.56	105.14
64	25	512	500	110.51	109.97	110.51
64	28	512	500	104.01	103.45	104.01
64	29	512	500	102.85	102.32	102.85
64	31	512	500	100.68	100.16	100.68
65	8	512	500	106.07	104.03	106.07
65	15	512	500	111.30	109.35	111.30
65	22	512	500	108.20	106.20	108.20
65	25	512	500	108.90	108.90	107.51
65	26	512	500	107.56	105.55	107.56
66	9	512	500	106.24	105.18	106.24
66	16	512	500	108.05	107.00	108.05
66	24	512	500	106.89	105.89	106.89
66	26	512	500	107.38	106.37	107.38
66	27	512	500	103.72	102.68	103.72
66	32	512	500	106.79	105.81	106.79
66	33	512	500	108.71	107.66	108.71
66	34	512	500	110.73	109.71	110.73
67	8	512	500	105.88	103.76	105.88
67	19	512	500	113.24	111.18	113.24
67	26	512	500	108.11	106.01	108.11
67	27	512	500	111.04	109.01	111.04
67	32	512	500	112.91	110.90	112.91
67	33	512	500	113.61	111.55	113.61
68	16	512	500	107.04	105.93	107.04
68	27	512	500	104.96	103.89	104.96
68	30	512	500	108.13	107.08	108.13
68	32	512	500	108.72	107.68	108.72
69	8	512	500	110.53	108.36	110.53
69	9	512	500	111.15	109.01	111.15
69	12	512	500	106.65	104.54	106.65
69	14	512	500	108.53	106.38	108.53
69	20	512	500	106.59	104.46	106.59
69	29	512	500	110.13	107.77	110.13
70	5	512	500	103.47	102.31	103.47
70	29	512	500	105.28	104.25	105.28
70	30	512	500	104.87	103.72	104.87
70	31	512	500	107.02	105.95	107.02
71	8	512	500	104.85	102.66	104.85
71	14	512	500	107.07	104.87	107.07
71	22	512	500	109.48	107.28	109.48
71	23	512	500	113.40	111.23	113.40
71	26	512	500	112.03	109.85	112.03
72	10	512	500	103.51	102.68	103.51
72	14	512	500	104.95	104.20	104.95
72	22	512	500	106.79	105.97	106.79
73	17	512	500	105.78	103.54	105.78
73	24	512	500	108.34	106.02	108.34
73	29	512	500	111.04	108.79	111.04
73	31	512	500	110.89	108.63	110.89
73	32	512	500	112.72	110.47	112.72
74	6	512	500	104.39	102.12	104.39
74	11	512	500	112.77	110.52	112.77
74	15	512	500	108.43	106.13	108.43
74	21	512	500	109.37	107.06	109.37
74	25	512	500	105.39	103.19	105.39
74	31	512	500	111.85	109.58	111.85
74	33	512	500	107.34	105.10	107.34
75	11	512	500	104.81	104.00	104.81
75	21	512	500	101.90	101.14	101.90
75	25	512	500	100.74	99.95	100.74
75	29	512	500	104.58	103.82	104.58
75	30	512	500	105.73	104.93	105.73
75	32	512	500	107.95	107.20	107.95
75	34	512	500	102.78	101.97	102.78
76	8	512	500	105.66	104.43	105.66
76	16	512	500	103.52	102.39	103.52
76	19	512	500	107.62	106.40	107.62
76	28	512	500	110.63	109.48	110.63
77	5	512	500	106.12	103.70	106.12
77	6	512	500	103.56	100.70	103.56
77	13	512	500	107.09	104.74	107.09
77	15	512	500	107.91	105.55	107.91
77	20	512	500	108.28	105.91	108.28
77	22	512	500	105.53	103.11	105.53
77	23	512	500	105.49	103.12	105.49
77	25	512	500	108.45	106.50	108.45
77	26	512	500	104.76	102.40	104.76
77	32	512	500	107.47	105.13	107.47
78	11	512	500	103.60	102.39	103.60
78	27	512	500	106.44	105.31	106.44
78	29	512	500	107.56	106.37	107.56
78	30	512	500	107.06	105.85	107.06
78	31	512	500	105.80	104.58	105.80
79	12	512	500	111.96	106.59	111.96
79	14	512	500	107.76	105.36	107.76
79	16	512	500	111.26	108.77	111.26
79	35	512	500	110.66	108.23	110.66
80	13	512	500	100.81	99.50	100.81
81	6	512	500	105.31	104.40	105.31
81	24	512	500	102.54	101.66	102.54
82	23	512	500	107.42	104.90	107.42
82	32	512	500	111.53	109.04	111.53
82	34	512	500	107.07	104.58	107.07
83	8	512	500	109.75	107.16	109.75
83	12	512	500	108.18	105.58	108.18
83	18	512	500	107.24	104.70	107.24
83	19	512	500	112.57	110.13	112.57
83	22	512	500	108.49	105.97	108.49
84	12	512	500	100.09	99.15	100.09
84	15	512	500	101.26	100.33	101.26
84	18	512	500	99.94	99.05	99.94
84	21	512	500	104.71	103.77	104.71
84	26	512	500	103.94	103.00	103.94
84	31	512	500	101.61	100.95	101.61
84	35	512	500	102.01	101.15	102.01
85	13	512	500	106.17	103.54	106.17
85	14	512	500	112.25	109.63	112.25
85	15	512	500	104.98	102.38	104.98
85	23	512	500	116.24	113.66	116.24
85	29	512	500	110.65	108.03	110.65
85	31	512	500	107.15	104.59	107.15
86	17	512	500	108.17	105.44	108.17
86	19	512	500	109.10	106.47	109.10
86	23	512	500	109.38	106.78	109.38
86	29	512	500	111.11	108.45	111.11
87	9	512	500	113.44	110.73	113.44
87	17	512	500	104.53	101.87	104.53
87	24	512	500	109.22	106.53	109.22
87	35	512	500	110.15	107.48	110.15
88	8	512	500	100.35	98.93	100.35
88	19	512	500	108.36	107.08	108.36
88	31	512	500	107.53	106.18	107.53
89	25	512	500	112.85	110.09	112.85
89	27	512	500	111.32	108.59	111.32
89	29	512	500	108.27	105.55	108.27
89	31	512	500	106.47	103.78	106.47
89	35	512	500	112.39	109.67	112.39
90	11	512	500	100.44	99.45	100.44
90	27	512	500	105.24	104.31	105.24
90	28	512	500	102.65	101.68	102.65
90	30	512	500	103.26	102.37	103.26
91	4	512	500	103.64	100.72	103.64
91	9	512	500	112.99	110.96	112.99
91	10	512	500	104.93	102.13	104.93
91	14	512	500	108.68	105.96	108.68
91	17	512	500	107.66	104.85	107.66
91	23	512	500	107.14	104.36	107.14
91	29	512	500	106.41	103.61	106.41
91	32	512	500	106.50	103.61	106.50
91	33	512	500	111.02	108.24	111.02
92	8	512	500	105.71	104.29	105.71
92	11	512	500	105.08	103.67	105.08
92	17	512	500	104.91	103.51	104.91
92	22	512	500	105.61	104.24	105.61
92	26	512	500	104.39	102.99	104.39
92	27	512	500	106.78	105.31	106.78
92	31	512	500	107.81	106.39	107.81
92	32	512	500	107.00	105.61	107.00
93	8	512	500	107.47	104.58	107.47
93	13	512	500	109.64	106.78	109.64
93	19	512	500	110.79	107.89	110.79
93	24	512	500	109.52	106.71	109.52
93	27	512	500	111.92	109.12	111.92
93	32	512	500	108.86	106.02	108.86
94	11	512	500	107.26	104.35	107.26
94	17	512	500	110.91	108.01	110.91
94	19	512	500	110.63	107.75	110.63
94	31	512	500	108.69	105.79	108.69
95	16	512	500	106.24	103.35	106.24
95	30	512	500	106.02	103.06	106.02
95	31	512	500	108.69	105.77	108.69
96	15	512	500	101.95	101.15	101.95
96	24	512	500	98.95	98.19	98.95
96	26	512	500	100.92	100.13	100.92
97	10	512	500	111.84	108.84	111.84
97	15	512	500	113.39	110.39	113.39
97	19	512	500	107.58	104.61	107.58
97	30	512	500	112.31	109.37	112.31
98	4	512	500	103.12	101.57	103.12
98	20	512	500	106.22	104.76	106.22
99	12	512	500	102.35	101.31	102.35
99	19	512	500	101.95	100.95	101.95
99	23	512	500	98.49	97.46	98.49
99	25	512	500	103.19	102.16	103.19
99	26	512	500	101.68	100.67	101.68
100	9	512	500	99.68	98.93	99.68
100	23	512	500	101.22	100.44	101.22
100	34	512	500	102.75	102.01	102.75
101	5	512	500	108.72	105.59	108.72
101	8	512	500	111.77	108.62	111.77
101	9	512	500	109.38	106.31	109.38
101	14	512	500	112.63	109.56	112.63
101	17	512	500	106.75	103.71	106.75
101	27	512	500	110.98	107.84	110.98
102	8	512	500	104.74	103.15	104.74
102	11	512	500	102.19	100.62	102.19
102	13	512	500	105.50	103.66	105.50
102	20	512	500	102.79	101.24	102.79
102	26	512	500	105.57	103.98	105.57
102	35	512	500	108.43	106.89	108.43
103	11	512	500	107.97	104.80	107.97
103	29	512	500	112.29	109.09	112.29
103	35	512	500	113.98	110.87	113.98
104	12	512	500	104.09	102.47	104.09
104	15	512	500	102.77	101.20	102.77
104	25	512	500	103.44	101.89	103.44
104	27	512	500	103.09	101.53	103.09
104	30	512	500	106.40	104.85	106.40
104	35	512	500	102.38	100.85	102.38
105	14	512	500	100.44	99.35	100.44
105	20	512	500	101.68	100.63	101.68
105	23	512	500	97.92	96.86	97.92
105	27	512	500	100.99	99.88	100.99
105	28	512	500	101.44	100.35	101.44
105	32	512	500	102.98	101.95	102.98
106	14	512	500	105.86	102.62	105.86
106	22	512	500	104.02	100.74	104.02
106	27	512	500	108.15	104.93	108.15
106	29	512	500	122.49	119.30	122.49
106	34	512	500	111.61	108.45	111.61
107	13	512	500	107.51	104.22	107.51
107	17	512	500	106.46	103.21	106.46
107	19	512	500	112.28	108.98	112.28
107	27	512	500	111.18	107.96	111.18
107	30	512	500	112.71	109.46	112.71
108	8	512	500	101.05	99.67	101.05
108	17	512	500	111.38	105.22	111.38
108	24	512	500	100.73	99.57	100.73
108	26	512	500	99.41	98.29	99.41
108	28	512	500	104.97	103.88	104.97
108	35	512	500	101.97	100.84	101.97
109	13	512	500	107.81	104.44	107.81
109	26	512	500	112.04	108.72	112.04
109	35	512	500	114.36	111.06	114.36
110	10	512	500	100.71	99.03	100.71
110	11	512	500	103.32	101.59	103.32
110	21	512	500	103.22	101.52	103.22
110	23	512	500	103.67	101.96	103.67
110	25	512	500	99.49	97.85	99.49
110	34	512	500	101.13	99.50	101.13
111	9	512	500	106.24	104.41	106.24
111	10	512	500	108.96	105.61	108.96
111	17	512	500	110.34	106.84	110.34
111	23	512	500	112.47	109.09	112.47
111	31	512	500	109.57	106.23	109.57
111	32	512	500	110.54	107.19	110.54
111	34	512	500	107.52	104.20	107.52
112	11	512	500	102.12	101.27	102.12
112	16	512	500	97.46	96.55	97.46
112	18	512	500	97.87	96.98	97.87
112	34	512	500	103.85	103.01	103.85
113	8	512	500	112.57	109.11	112.57
113	11	512	500	108.58	105.10	108.58
113	14	512	500	107.19	103.75	107.19
113	15	512	500	107.12	103.67	107.12
113	22	512	500	108.00	104.55	108.00
113	25	512	500	111.59	108.08	111.59
113	28	512	500	107.52	104.08	107.52
113	31	512	500	107.82	104.38	107.82
114	14	512	500	101.72	99.96	101.72
114	28	512	500	104.28	102.55	104.28
115	6	512	500	106.47	102.88	106.47
115	19	512	500	111.90	108.52	111.90
115	25	512	500	108.66	105.15	108.66
115	30	512	500	106.75	103.26	106.75
115	33	512	500	112.19	108.65	112.19
115	34	512	500	105.82	102.34	105.82
116	12	512	500	105.59	102.85	105.59
116	15	512	500	104.47	102.72	104.47
116	33	512	500	102.02	100.22	102.02
117	5	512	500	99.94	99.26	99.94
117	8	512	500	99.41	98.20	99.41
117	15	512	500	107.77	107.77	105.98
117	18	512	500	110.04	108.75	110.04
118	17	512	500	106.29	102.70	106.29
118	30	512	500	110.94	107.27	110.94
119	10	512	500	105.78	102.12	105.78
119	11	512	500	108.04	104.43	108.04
119	12	512	500	105.58	102.00	105.58
119	20	512	500	105.66	101.98	105.66
119	22	512	500	105.18	101.48	105.18
119	26	512	500	108.42	104.78	108.42
119	27	512	500	105.37	101.84	105.37
119	34	512	500	107.59	103.97	107.59
120	11	512	500	104.88	103.95	104.88
120	12	512	500	101.21	100.29	101.21
120	14	512	500	102.95	101.95	102.95
120	24	512	500	97.99	97.08	97.99
120	32	512	500	96.79	95.87	96.79
120	33	512	500	99.35	98.44	99.35
121	8	512	500	105.74	102.06	105.74
121	9	512	500	108.95	105.21	108.95
121	10	512	500	114.23	110.53	114.23
121	20	512	500	120.77	117.19	120.77
121	22	512	500	109.35	105.67	109.35
121	23	512	500	109.14	105.41	109.14
121	32	512	500	108.62	104.91	108.62
122	6	512	500	108.69	104.90	108.69
122	7	512	500	104.12	100.34	104.12
122	16	512	500	108.31	104.61	108.31
122	17	512	500	108.19	104.33	108.19
122	21	512	500	115.85	112.10	115.85
122	28	512	500	110.00	106.27	110.00
122	34	512	500	112.01	108.26	112.01
123	7	512	500	105.10	101.34	105.10
123	29	512	500	108.30	104.53	108.30
123	31	512	500	106.24	102.51	106.24
124	10	512	500	102.76	100.78	102.76
124	17	512	500	103.93	101.89	103.93
124	19	512	500	105.61	103.73	105.61
125	12	512	500	96.98	96.19	96.98
125	14	512	500	99.33	98.58	99.33
125	23	512	500	100.79	98.80	100.79
125	25	512	500	100.90	100.14	100.90
125	28	512	500	109.35	108.50	109.35
125	34	512	500	108.13	107.36	108.13
126	9	512	500	96.83	95.45	96.83
126	10	512	500	101.49	100.16	101.49
126	15	512	500	100.53	99.15	100.53
126	18	512	500	102.92	101.71	102.92
126	22	512	500	98.76	97.48	98.76
126	26	512	500	101.86	100.53	101.86
127	10	512	500	105.41	101.48	105.41
127	16	512	500	113.54	109.67	113.54
127	26	512	500	110.17	106.31	110.17
127	30	512	500	110.14	106.25	110.14
128	9	512	500	100.27	99.29	100.27
128	12	512	500	100.61	99.59	100.61
128	16	512	500	99.90	99.16	99.90
128	19	512	500	100.19	99.22	100.19
128	22	512	500	97.25	96.23	97.25
128	24	512	500	99.07	98.10	99.07
128	25	512	500	102.48	101.48	102.48
128	26	512	500	101.16	100.18	101.16
129	5	512	500	105.92	101.94	105.92
129	18	512	500	111.52	107.66	111.52
129	20	512	500	111.77	108.75	111.77
129	27	512	500	111.29	107.37	111.29
129	34	512	500	111.81	107.91	111.81
130	13	512	500	103.26	101.25	103.26
130	17	512	500	105.82	103.89	105.82
130	20	512	500	104.96	102.90	104.96
130	21	512	500	103.42	101.41	103.42
130	25	512	500	105.64	103.66	105.64
130	26	512	500	99.22	97.19	99.22
130	28	512	500	108.26	106.27	108.26
131	19	512	500	111.89	107.84	111.89
131	25	512	500	109.30	105.23	109.30
131	26	512	500	110.26	106.28	110.26
132	13	512	500	97.51	96.16	97.51
132	14	512	500	102.58	101.21	102.58
132	18	512	500	106.20	104.84	106.20
132	21	512	500	101.64	100.40	101.64
132	22	512	500	105.02	103.64	105.02
132	30	512	500	99.59	98.26	99.59
132	32	512	500	101.72	100.40	101.72
133	30	512	500	106.98	102.98	106.98
134	9	512	500	104.85	100.67	104.85
134	23	512	500	112.93	108.85	112.93
134	28	512	500	111.79	107.72	111.79
134	29	512	500	108.61	104.49	108.61
135	14	512	500	101.70	100.32	101.70
135	16	512	500	99.99	98.40	99.99
136	16	512	500	102.60	100.51	102.60
136	20	512	500	101.33	99.24	101.33
136	30	512	500	106.24	104.17	106.24
136	34	512	500	104.64	102.50	104.64
137	9	512	500	110.63	106.47	110.63
137	20	512	500	113.40	109.42	113.40
137	24	512	500	109.46	106.08	109.46
137	30	512	500	108.42	104.22	108.42
137	32	512	500	115.23	111.04	115.23
137	33	512	500	110.59	106.43	110.59
138	14	512	500	104.18	102.07	104.18
138	15	512	500	101.64	99.51	101.64
138	22	512	500	103.41	101.38	103.41
138	28	512	500	105.88	103.80	105.88
139	10	512	500	116.46	112.11	116.46
139	12	512	500	111.28	107.05	111.28
139	13	512	500	113.04	108.81	113.04
139	15	512	500	114.92	110.69	114.92
139	16	512	500	114.02	109.73	114.02
139	18	512	500	109.52	105.26	109.52
139	21	512	500	115.70	111.44	115.70
139	32	512	500	108.32	104.10	108.32
140	19	512	500	102.00	100.89	102.00
140	21	512	500	96.89	95.85	96.89
140	23	512	500	97.31	96.19	97.31
140	31	512	500	101.19	100.08	101.19
140	34	512	500	101.92	100.92	101.92
141	13	512	500	110.53	106.18	110.53
141	14	512	500	113.60	109.32	113.60
141	25	512	500	109.44	105.19	109.44
141	29	512	500	110.63	106.34	110.63
141	32	512	500	109.46	105.23	109.46
141	34	512	500	108.87	104.54	108.87
142	16	512	500	110.92	106.58	110.92
142	22	512	500	105.68	101.61	105.68
142	27	512	500	117.00	112.66	117.00
142	31	512	500	112.36	108.10	112.36
142	32	512	500	110.61	106.28	110.61
142	33	512	500	112.67	108.35	112.67
143	10	512	500	103.81	99.39	103.81
143	14	512	500	108.21	103.80	108.21
143	17	512	500	108.84	104.38	108.84
143	18	512	500	108.40	104.03	108.40
143	24	512	500	110.68	106.33	110.68
143	33	512	500	110.31	105.97	110.31
144	15	512	500	100.20	99.06	100.20
144	16	512	500	99.60	98.46	99.60
144	18	512	500	98.67	97.88	98.67
144	19	512	500	106.35	105.55	106.35
144	22	512	500	105.71	105.18	105.71
144	25	512	500	101.39	100.26	101.39
144	28	512	500	99.09	98.02	99.09
145	10	512	500	108.77	104.31	108.77
145	13	512	500	110.17	105.71	110.17
146	32	512	500	107.57	103.04	107.57
146	33	512	500	111.95	107.53	111.95
147	14	512	500	103.69	102.25	103.69
147	15	512	500	99.89	98.40	99.89
147	20	512	500	102.04	100.51	102.04
147	34	512	500	99.31	97.81	99.31
147	35	512	500	103.51	102.05	103.51
148	10	512	500	101.51	99.23	101.51
148	11	512	500	104.80	102.49	104.80
148	12	512	500	106.00	103.70	106.00
148	13	512	500	106.55	104.29	106.55
148	16	512	500	101.07	98.80	101.07
148	22	512	500	106.31	104.09	106.31
148	27	512	500	104.02	101.76	104.02
148	29	512	500	102.39	100.12	102.39
149	17	512	500	111.79	107.22	111.79
149	19	512	500	114.80	111.37	114.80
149	23	512	500	111.67	107.13	111.67
149	26	512	500	108.70	104.14	108.70
149	27	512	500	115.37	110.89	115.37
149	33	512	500	115.01	110.50	115.01
150	17	512	500	103.03	102.08	103.03
150	26	512	500	97.64	96.66	97.64
150	27	512	500	101.60	100.67	101.60
150	33	512	500	101.29	100.36	101.29
151	11	512	500	107.83	103.21	107.83
151	12	512	500	111.00	106.38	111.00
151	20	512	500	111.53	106.66	111.53
151	25	512	500	108.73	104.17	108.73
151	30	512	500	113.65	109.05	113.65
151	32	512	500	119.03	114.45	119.03
152	16	512	500	105.78	103.47	105.78
152	19	512	500	103.48	101.14	103.48
152	24	512	500	104.78	102.49	104.78
152	29	512	500	102.12	99.80	102.12
152	30	512	500	108.72	106.39	108.72
153	8	512	500	103.71	102.11	103.71
153	25	512	500	102.55	100.97	102.55
153	27	512	500	103.87	102.27	103.87
153	28	512	500	99.90	97.27	99.90
153	30	512	500	101.83	100.30	101.83
154	10	512	500	103.99	101.62	103.99
154	13	512	500	101.62	99.36	101.62
154	18	512	500	105.72	103.23	105.72
154	24	512	500	104.49	102.13	104.49
154	32	512	500	99.18	96.96	99.18
154	33	512	500	102.36	99.99	102.36
155	16	512	500	105.74	101.01	105.74
155	29	512	500	111.57	106.80	111.57
155	30	512	500	107.04	102.35	107.04
156	28	512	500	106.75	105.17	106.75
156	31	512	500	102.62	101.03	102.62
157	11	512	500	106.24	101.46	106.24
157	14	512	500	106.68	101.93	106.68
157	22	512	500	113.54	108.73	113.54
157	24	512	500	117.17	112.38	117.17
157	32	512	500	109.88	105.08	109.88
157	33	512	500	110.67	105.97	110.67
158	15	512	500	106.30	101.51	106.30
158	19	512	500	112.53	107.67	112.53
158	21	512	500	106.75	101.92	106.75
158	22	512	500	105.98	101.21	105.98
158	24	512	500	108.70	103.96	108.70
158	33	512	500	107.74	102.93	107.74
159	22	512	500	110.98	106.14	110.98
159	25	512	500	114.17	109.78	114.17
159	32	512	500	110.56	105.73	110.56
160	8	512	500	101.19	99.93	101.19
160	11	512	500	101.00	99.72	101.00
160	18	512	500	104.65	103.48	104.65
160	25	512	500	96.71	95.46	96.71
160	29	512	500	102.10	100.88	102.10
161	15	512	500	113.42	108.57	113.42
161	18	512	500	108.96	104.01	108.96
161	27	512	500	108.46	103.59	108.46
161	30	512	500	108.23	103.38	108.23
161	34	512	500	108.52	103.61	108.52
162	10	512	500	101.22	99.54	101.22
162	11	512	500	99.26	97.79	99.26
162	16	512	500	104.94	103.26	104.94
162	23	512	500	99.84	98.17	99.84
162	27	512	500	99.77	98.15	99.77
162	31	512	500	107.00	105.36	107.00
162	32	512	500	100.52	98.87	100.52
162	33	512	500	100.33	98.70	100.33
163	12	512	500	109.21	104.22	109.21
163	20	512	500	115.18	110.13	115.18
163	30	512	500	109.10	104.18	109.10
164	12	512	500	101.10	98.57	101.10
164	25	512	500	102.99	100.50	102.99
164	26	512	500	105.27	103.34	105.27
164	32	512	500	103.20	100.74	103.20
165	12	512	500	103.85	102.11	103.85
165	15	512	500	98.29	96.62	98.29
165	17	512	500	100.64	99.10	100.64
165	18	512	500	100.43	98.71	100.43
165	19	512	500	100.67	99.01	100.67
166	13	512	500	108.93	103.88	108.93
166	21	512	500	108.55	103.44	108.55
166	22	512	500	108.41	103.35	108.41
166	25	512	500	109.17	104.12	109.17
166	28	512	500	114.40	109.11	114.40
166	29	512	500	108.98	103.94	108.98
166	32	512	500	113.76	108.71	113.76
167	16	512	500	112.40	107.31	112.40
167	19	512	500	111.21	106.06	111.21
167	23	512	500	115.07	110.00	115.07
167	27	512	500	113.85	108.98	113.85
167	34	512	500	112.22	107.16	112.22
168	10	512	500	103.86	102.57	103.86
168	12	512	500	99.98	98.65	99.98
168	19	512	500	101.52	100.21	101.52
168	28	512	500	96.98	95.70	96.98
168	29	512	500	100.77	99.48	100.77
168	33	512	500	97.46	96.20	97.46
168	34	512	500	100.59	99.26	100.59
169	12	512	500	104.09	98.90	104.09
169	18	512	500	109.39	104.27	109.39
169	24	512	500	107.84	102.59	107.84
169	25	512	500	108.94	103.71	108.94
169	28	512	500	106.89	101.76	106.89
169	31	512	500	108.86	103.70	108.86
169	33	512	500	109.02	103.89	109.02
170	12	512	500	104.23	101.61	104.23
170	14	512	500	102.81	100.19	102.81
170	19	512	500	102.03	99.41	102.03
170	22	512	500	106.54	104.02	106.54
170	26	512	500	103.24	100.65	103.24
171	10	512	500	99.91	98.16	99.91
171	30	512	500	103.43	101.70	103.43
171	31	512	500	104.89	103.19	104.89
172	17	512	500	101.28	98.67	101.28
172	19	512	500	104.21	101.52	104.21
172	20	512	500	100.58	97.98	100.58
172	21	512	500	102.86	100.10	102.86
172	23	512	500	102.44	99.86	102.44
172	24	512	500	107.07	104.39	107.07
173	12	512	500	109.65	104.33	109.65
173	13	512	500	109.01	103.78	109.01
173	32	512	500	110.90	105.69	110.90
174	12	512	500	105.79	103.11	105.79
174	20	512	500	106.94	104.26	106.94
174	23	512	500	107.16	104.55	107.16
174	25	512	500	103.25	100.63	103.25
174	26	512	500	103.32	101.11	103.32
174	28	512	500	101.05	98.40	101.05
175	13	512	500	101.63	100.48	101.63
175	14	512	500	98.69	97.61	98.69
175	20	512	500	102.52	101.06	102.52
175	27	512	500	105.02	103.96	105.02
175	30	512	500	99.45	98.40	99.45
175	32	512	500	98.80	97.74	98.80
176	11	512	500	100.50	99.13	100.50
176	12	512	500	98.64	97.27	98.64
176	30	512	500	101.54	100.20	101.54
177	10	512	500	106.29	100.91	106.29
177	14	512	500	105.44	100.05	105.44
177	17	512	500	105.34	99.56	105.34
177	23	512	500	110.19	104.85	110.19
178	15	512	500	109.88	104.40	109.88
178	17	512	500	112.27	106.59	112.27
178	23	512	500	110.38	105.00	110.38
178	25	512	500	108.54	103.12	108.54
178	29	512	500	113.34	107.96	113.34
178	31	512	500	113.00	107.51	113.00
179	18	512	500	109.96	104.47	109.96
180	21	512	500	97.63	96.51	97.63
180	23	512	500	102.09	100.91	102.09
180	25	512	500	100.16	99.06	100.16
180	27	512	500	99.26	98.14	99.26
181	13	512	500	108.68	103.16	108.68
181	18	512	500	109.85	104.34	109.85
181	19	512	500	107.05	101.45	107.05
181	24	512	500	112.73	107.21	112.73
181	33	512	500	121.41	115.98	121.41
182	20	512	500	107.38	104.62	107.38
182	30	512	500	104.88	102.20	104.88
182	31	512	500	100.91	98.11	100.91
183	17	512	500	109.37	103.77	109.37
183	19	512	500	108.60	103.05	108.60
183	30	512	500	108.45	102.93	108.45
183	31	512	500	106.55	101.10	106.55
183	35	512	500	109.76	104.29	109.76
184	9	512	500	105.14	102.32	105.14
184	17	512	500	106.89	104.07	106.89
184	19	512	500	104.68	101.87	104.68
184	22	512	500	105.20	102.40	105.20
184	30	512	500	105.17	102.39	105.17
184	35	512	500	104.65	101.87	104.65
185	24	512	500	103.26	97.70	103.26
185	27	512	500	109.64	104.01	109.64
185	29	512	500	107.23	101.67	107.23
186	9	512	500	102.73	100.22	102.73
186	13	512	500	104.03	101.23	104.03
186	15	512	500	101.10	98.72	101.10
187	13	512	500	101.57	95.96	101.57
187	16	512	500	106.01	100.27	106.01
187	17	512	500	103.30	97.52	103.30
187	22	512	500	107.40	101.73	107.40
188	16	512	500	100.51	97.63	100.51
188	17	512	500	106.21	103.32	106.21
188	29	512	500	105.70	102.87	105.70
189	21	512	500	103.15	101.19	103.15
189	31	512	500	106.57	105.09	106.57
190	15	512	500	103.16	100.23	103.16
190	25	512	500	104.34	101.46	104.34
190	31	512	500	105.61	102.71	105.61
191	12	512	500	110.09	104.28	110.09
191	14	512	500	109.59	103.76	109.59
191	26	512	500	110.36	104.53	110.36
191	35	512	500	110.95	105.19	110.95
192	15	512	500	99.33	97.86	99.33
192	20	512	500	104.95	103.48	104.95
192	22	512	500	103.09	101.56	103.09
192	25	512	500	96.11	94.91	96.11
192	31	512	500	98.61	97.14	98.61
193	7	512	500	111.05	105.20	111.05
193	16	512	500	109.08	103.21	109.08
193	17	512	500	108.87	102.91	108.87
193	20	512	500	111.08	105.26	111.08
193	21	512	500	110.07	104.92	110.07
193	22	512	500	113.19	107.39	113.19
193	28	512	500	113.54	107.68	113.54
193	31	512	500	110.42	103.87	110.42
194	15	512	500	107.55	101.55	107.55
194	23	512	500	109.59	103.61	109.59
194	25	512	500	108.96	103.94	108.96
194	27	512	500	107.66	102.07	107.66
194	28	512	500	108.04	102.18	108.04
195	20	512	500	102.97	100.97	102.97
195	27	512	500	98.07	96.08	98.07
195	28	512	500	103.09	101.09	103.09
195	33	512	500	101.25	99.26	101.25
196	17	512	500	99.74	98.25	99.74
196	21	512	500	104.07	102.55	104.07
196	22	512	500	101.87	100.35	101.87
196	29	512	500	97.94	96.10	97.94
196	34	512	500	97.40	95.89	97.40
196	35	512	500	102.52	101.00	102.52
198	10	512	500	103.79	101.79	103.79
198	11	512	500	101.66	99.69	101.66
198	31	512	500	101.73	99.73	101.73
199	16	512	500	111.30	105.18	111.30
199	17	512	500	111.66	105.65	111.66
199	18	512	500	110.99	104.94	110.99
199	23	512	500	113.71	107.62	113.71
199	25	512	500	109.19	103.00	109.19
199	29	512	500	109.69	103.62	109.69
199	32	512	500	111.53	108.82	111.53
200	12	512	500	100.52	99.18	100.52
200	13	512	500	98.16	96.98	98.16
200	14	512	500	98.54	97.31	98.54
200	25	512	500	98.55	97.34	98.55
200	33	512	500	109.24	109.24	108.89
200	34	512	500	95.88	94.69	95.88
200	35	512	500	96.37	95.14	96.37
201	11	512	500	103.26	97.09	103.26
201	16	512	500	106.09	99.95	106.09
201	31	512	500	115.05	108.91	115.05
201	32	512	500	105.41	99.26	105.41
202	18	512	500	105.46	99.25	105.46
202	20	512	500	104.19	98.03	104.19
202	24	512	500	111.46	105.31	111.46
203	15	512	500	106.36	100.10	106.36
203	24	512	500	102.97	96.76	102.97
203	29	512	500	106.72	100.31	106.72
203	35	512	500	105.06	98.88	105.06
204	12	512	500	98.33	96.25	98.33
204	16	512	500	102.86	100.78	102.86
204	30	512	500	99.44	97.39	99.44
205	10	512	500	105.12	98.86	105.12
205	13	512	500	101.87	95.65	101.87
205	15	512	500	109.09	102.81	109.09
205	27	512	500	108.32	102.02	108.32
205	29	512	500	108.37	102.14	108.37
205	31	512	500	111.45	105.16	111.45
206	13	512	500	101.82	95.54	101.82
206	15	512	500	106.84	100.50	106.84
206	22	512	500	107.00	100.73	107.00
206	29	512	500	104.29	98.04	104.29
206	35	512	500	103.87	97.75	103.87
207	25	512	500	101.78	99.64	101.78
208	11	512	500	97.54	95.83	97.54
208	15	512	500	96.70	95.07	96.70
208	28	512	500	100.85	100.48	100.85
208	29	512	500	104.49	102.98	104.49
209	15	512	500	106.64	100.31	106.64
209	20	512	500	103.82	97.51	103.82
209	25	512	500	106.14	99.81	106.14
210	10	512	500	100.23	98.97	100.23
210	12	512	500	103.08	101.86	103.08
210	19	512	500	97.59	96.30	97.59
210	20	512	500	99.83	98.60	99.83
211	14	512	500	111.84	105.65	111.84
211	18	512	500	108.62	102.16	108.62
211	23	512	500	110.03	103.60	110.03
211	25	512	500	110.27	103.88	110.27
212	8	512	500	106.47	103.33	106.47
212	9	512	500	103.66	100.31	103.66
212	11	512	500	99.66	97.07	99.66
212	12	512	500	102.08	98.81	102.08
212	23	512	500	104.56	101.35	104.56
212	31	512	500	103.04	103.04	102.55
212	33	512	500	107.25	104.00	107.25
212	34	512	500	107.56	104.34	107.56
213	25	512	500	109.30	102.82	109.30
213	34	512	500	105.49	99.10	105.49
214	17	512	500	107.04	100.52	107.04
214	30	512	500	105.67	99.20	105.67
214	31	512	500	105.50	98.90	105.50
215	10	512	500	107.33	100.61	107.33
215	26	512	500	105.00	98.50	105.00
215	28	512	500	108.12	101.61	108.12
215	33	512	500	107.58	101.48	107.58
216	18	512	500	95.34	94.22	95.34
216	19	512	500	98.74	97.58	98.74
216	21	512	500	96.38	95.24	96.38
216	29	512	500	103.69	102.61	103.69
216	30	512	500	99.99	98.87	99.99
216	32	512	500	97.97	97.23	97.97
217	11	512	500	105.60	99.12	105.60
217	18	512	500	104.48	97.82	104.48
217	21	512	500	108.08	101.44	108.08
217	26	512	500	102.73	96.08	102.73
217	28	512	500	107.55	100.98	107.55
217	31	512	500	106.01	99.50	106.01
218	11	512	500	106.17	99.49	106.17
218	14	512	500	106.46	99.84	106.46
218	24	512	500	106.27	99.59	106.27
218	28	512	500	103.13	96.52	103.13
219	25	512	500	111.29	104.58	111.29
219	29	512	500	104.78	98.10	104.78
219	30	512	500	103.24	96.56	103.24
219	32	512	500	106.71	102.64	106.71
220	14	512	500	96.37	94.71	96.37
220	24	512	500	100.08	98.36	100.08
221	10	512	500	107.03	99.86	107.03
221	18	512	500	108.38	101.66	108.38
221	22	512	500	105.80	99.06	105.80
221	24	512	500	108.75	102.03	108.75
221	29	512	500	105.32	98.57	105.32
221	30	512	500	104.15	97.36	104.15
221	35	512	500	108.14	101.41	108.14
222	18	512	500	106.80	103.42	106.80
222	30	512	500	107.66	107.66	105.10
222	33	512	500	107.51	104.14	107.51
223	24	512	500	108.49	101.71	108.49
223	29	512	500	108.87	102.12	108.87
224	14	512	500	96.72	94.96	96.72
224	16	512	500	99.10	97.40	99.10
224	19	512	500	99.20	97.48	99.20
224	21	512	500	102.86	101.10	102.86
225	30	512	500	99.99	98.58	99.99
225	31	512	500	105.50	105.50	104.98
226	11	512	500	105.50	98.62	105.50
226	17	512	500	109.55	102.69	109.55
226	33	512	500	108.81	101.94	108.81
226	34	512	500	115.38	108.48	115.38
227	12	512	500	109.93	102.97	109.93
227	16	512	500	109.43	102.49	109.43
227	20	512	500	106.49	99.53	106.49
227	26	512	500	112.68	105.83	112.68
227	33	512	500	111.51	104.50	111.51
228	24	512	500	105.33	101.77	105.33
228	34	512	500	107.38	103.87	107.38
229	15	512	500	109.38	102.35	109.38
229	16	512	500	105.57	98.47	105.57
229	20	512	500	108.09	101.07	108.09
229	23	512	500	107.01	100.00	107.01
229	24	512	500	109.21	102.31	109.21
229	25	512	500	107.72	100.69	107.72
229	26	512	500	113.00	105.97	113.00
229	32	512	500	113.01	106.08	113.01
230	15	512	500	102.88	99.25	102.88
230	19	512	500	102.75	99.24	102.75
230	21	512	500	101.16	97.65	101.16
230	22	512	500	114.33	110.86	114.33
230	26	512	500	101.53	98.04	101.53
230	30	512	500	103.32	99.78	103.32
231	27	512	500	101.71	99.39	101.71
233	10	512	500	109.73	102.56	109.73
234	27	512	500	102.65	100.28	102.65
234	33	512	500	101.85	99.46	101.85
234	34	512	500	101.13	98.68	101.13
235	29	512	500	107.71	100.63	107.71
235	31	512	500	110.01	102.88	110.01
236	19	512	500	106.83	103.21	106.83
237	17	512	500	101.22	93.97	101.22
237	19	512	500	104.86	97.56	104.86
237	20	512	500	108.69	101.42	108.69
237	30	512	500	109.51	102.25	109.51
237	34	512	500	108.67	101.45	108.67
238	12	512	500	106.15	102.49	106.15
238	15	512	500	105.96	102.35	105.96
238	26	512	500	102.21	98.89	102.21
238	28	512	500	104.71	101.03	104.71
238	29	512	500	106.47	102.83	106.47
238	31	512	500	104.37	100.73	104.37
238	33	512	500	108.04	104.43	108.04
239	14	512	500	110.38	103.17	110.38
239	26	512	500	112.53	105.33	112.53
239	28	512	500	111.81	104.48	111.81
239	32	512	500	109.18	101.94	109.18
239	34	512	500	110.09	102.82	110.09
240	13	512	500	101.94	100.48	101.94
240	19	512	500	97.67	96.22	97.67
240	21	512	500	96.70	95.25	96.70
241	15	512	500	107.25	99.94	107.25
241	24	512	500	110.47	103.14	110.47
242	21	512	500	106.58	102.88	106.58
242	27	512	500	105.10	101.44	105.10
242	28	512	500	104.72	100.75	104.72
242	32	512	500	103.84	100.17	103.84
242	35	512	500	105.55	101.87	105.55
243	15	512	500	100.57	98.05	100.57
243	22	512	500	103.35	100.88	103.35
243	26	512	500	99.85	97.33	99.85
243	28	512	500	103.42	100.95	103.42
244	18	512	500	105.76	102.04	105.76
244	25	512	500	108.29	104.56	108.29
244	30	512	500	110.10	106.36	110.10
244	31	512	500	107.75	104.03	107.75
244	33	512	500	106.99	103.22	106.99
244	35	512	500	107.37	103.65	107.37
245	13	512	500	101.17	99.63	101.17
245	15	512	500	97.24	95.73	97.24
245	18	512	500	100.11	98.62	100.11
245	26	512	500	101.10	99.61	101.10
245	32	512	500	103.05	101.59	103.05
245	34	512	500	103.22	101.72	103.22
246	13	512	500	105.52	101.76	105.52
246	24	512	500	107.59	103.84	107.59
247	12	512	500	105.65	98.17	105.65
247	13	512	500	105.88	98.24	105.88
247	31	512	500	107.90	100.36	107.90
247	33	512	500	107.43	99.87	107.43
248	11	512	500	107.99	103.41	107.99
248	20	512	500	106.25	102.38	106.25
248	23	512	500	107.56	103.79	107.56
249	26	512	500	104.78	97.17	104.78
249	29	512	500	107.28	99.72	107.28
250	20	512	500	97.64	96.14	97.64
250	21	512	500	101.27	99.73	101.27
250	24	512	500	106.51	105.01	106.51
250	26	512	500	101.18	99.61	101.18
250	34	512	500	99.25	97.71	99.25
251	13	512	500	108.97	101.34	108.97
251	26	512	500	112.72	105.11	112.72
251	35	512	500	111.00	103.23	111.00
253	20	512	500	108.07	100.43	108.07
253	27	512	500	108.94	101.26	108.94
253	28	512	500	107.83	100.17	107.83
254	18	512	500	108.60	100.79	108.60
254	27	512	500	108.69	100.89	108.69
254	31	512	500	109.23	101.44	109.23
254	34	512	500	113.73	105.93	113.73
255	24	512	500	98.38	95.73	98.38
255	31	512	500	105.93	103.38	105.93
256	16	512	500	100.57	98.63	100.57
256	22	512	500	97.35	95.52	97.35
256	23	512	500	102.52	100.60	102.52
256	27	512	500	104.48	102.49	104.48
257	26	512	500	105.91	98.07	105.91
257	32	512	500	106.12	98.44	106.12
257	34	512	500	111.78	103.96	111.78
258	16	512	500	107.62	103.92	107.62
258	27	512	500	105.49	101.59	105.49
258	31	512	500	102.23	98.28	102.23
258	35	512	500	109.45	105.58	109.45
259	13	512	500	105.06	97.17	105.06
259	19	512	500	109.27	101.39	109.27
259	20	512	500	104.25	96.69	104.25
259	31	512	500	107.93	100.03	107.93
260	21	512	500	97.50	95.53	97.50
260	29	512	500	102.24	100.24	102.24
261	14	512	500	98.19	95.45	98.19
261	28	512	500	103.66	101.02	103.66
261	31	512	500	107.27	104.64	107.27
262	23	512	500	104.54	96.51	104.54
262	28	512	500	106.93	99.03	106.93
263	33	512	500	110.52	102.55	110.52
264	13	512	500	99.29	97.30	99.29
264	35	512	500	104.21	102.16	104.21
265	16	512	500	107.80	99.76	107.80
265	19	512	500	106.21	98.09	106.21
265	26	512	500	106.44	98.35	106.44
266	13	512	500	104.78	100.74	104.78
266	22	512	500	106.39	102.35	106.39
266	28	512	500	104.84	100.82	104.84
266	32	512	500	110.39	106.31	110.39
267	19	512	500	112.16	104.06	112.16
267	21	512	500	104.27	96.12	104.27
267	23	512	500	109.83	101.74	109.83
268	10	512	500	104.28	100.14	104.28
268	11	512	500	105.66	101.54	105.66
268	20	512	500	111.18	106.99	111.18
268	35	512	500	110.19	106.08	110.19
269	27	512	500	110.03	101.80	110.03
269	32	512	500	109.16	100.95	109.16
270	18	512	500	99.45	97.80	99.45
270	22	512	500	97.58	95.92	97.58
270	32	512	500	102.73	101.08	102.73
271	29	512	500	111.27	103.02	111.27
271	31	512	500	112.19	103.91	112.19
272	17	512	500	97.82	95.72	97.82
272	18	512	500	100.67	98.65	100.67
272	19	512	500	99.95	97.80	99.95
272	24	512	500	97.86	95.79	97.86
272	25	512	500	101.54	99.45	101.54
272	33	512	500	97.49	97.49	97.43
273	15	512	500	101.31	98.57	101.31
273	31	512	500	109.83	107.08	109.83
273	32	512	500	108.34	105.56	108.34
274	14	512	500	104.05	95.72	104.05
275	30	512	500	101.06	99.42	101.06
276	14	512	500	104.64	100.55	104.64
276	23	512	500	104.69	100.53	104.69
276	34	512	500	113.11	108.84	113.11
277	24	512	500	110.77	102.33	110.77
277	31	512	500	109.71	101.25	109.71
277	35	512	500	111.06	102.51	111.06
278	19	512	500	109.09	100.60	109.09
278	23	512	500	107.42	98.89	107.42
279	16	512	500	102.44	99.68	102.44
279	25	512	500	107.53	104.71	107.53
279	27	512	500	99.21	96.38	99.21
280	16	512	500	99.75	98.04	99.75
280	19	512	500	99.33	97.64	99.33
280	35	512	500	96.75	95.06	96.75
281	12	512	500	108.84	100.29	108.84
281	23	512	500	108.15	99.51	108.15
283	12	512	500	110.83	102.45	110.83
283	27	512	500	110.51	101.98	110.51
283	28	512	500	111.01	102.84	111.01
283	29	512	500	106.84	98.23	106.84
284	16	512	500	110.55	106.22	110.55
284	23	512	500	107.88	103.50	107.88
284	27	512	500	107.56	103.25	107.56
285	23	512	500	102.72	99.79	102.72
285	26	512	500	101.85	98.95	101.85
286	16	512	500	107.36	103.07	107.36
286	23	512	500	104.53	100.22	104.53
286	24	512	500	103.46	99.06	103.46
286	34	512	500	111.08	106.71	111.08
287	20	512	500	106.22	97.56	106.22
287	21	512	500	108.53	98.58	108.53
287	35	512	500	110.71	101.90	110.71
288	20	512	500	100.84	99.34	100.84
288	24	512	500	99.20	97.74	99.20
288	34	512	500	100.16	98.46	100.16
289	25	512	500	106.26	97.50	106.26
289	28	512	500	109.89	101.17	109.89
289	29	512	500	107.95	99.10	107.95
289	32	512	500	108.81	100.12	108.81
290	19	512	500	108.67	104.25	108.67
290	23	512	500	106.80	102.40	106.80
290	34	512	500	104.29	99.90	104.29
291	16	512	500	114.06	103.87	114.06
291	22	512	500	109.89	100.88	109.89
293	24	512	500	105.79	96.87	105.79
293	29	512	500	113.84	104.90	113.84
293	33	512	500	108.27	99.33	108.27
293	34	512	500	109.58	100.66	109.58
294	22	512	500	99.02	97.43	99.02
294	25	512	500	98.24	96.72	98.24
294	31	512	500	102.19	100.70	102.19
294	32	512	500	98.39	96.90	98.39
295	20	512	500	103.95	94.77	103.95
295	29	512	500	111.05	101.99	111.05
295	33	512	500	111.03	102.02	111.03
296	15	512	500	105.72	101.18	105.72
296	17	512	500	111.73	107.24	111.73
296	30	512	500	111.28	106.74	111.28
297	20	512	500	102.14	99.08	102.14
297	33	512	500	101.59	97.20	101.59
298	21	512	500	111.35	102.34	111.35
298	26	512	500	110.22	101.10	110.22
298	33	512	500	111.00	101.91	111.00
299	21	512	500	107.47	98.27	107.47
299	31	512	500	109.37	100.21	109.37
300	26	512	500	101.10	99.56	101.10
300	27	512	500	99.09	97.27	99.09
300	33	512	500	95.69	93.89	95.69
301	15	512	500	106.18	96.99	106.18
301	31	512	500	106.69	97.53	106.69
301	35	512	500	114.25	105.06	114.25
302	23	512	500	110.20	100.94	110.20
302	26	512	500	105.86	96.59	105.86
302	33	512	500	108.54	99.28	108.54
304	30	512	500	109.22	104.59	109.22
305	16	512	500	112.78	103.43	112.78
305	23	512	500	107.81	98.57	107.81
305	27	512	500	106.45	97.24	106.45
305	28	512	500	109.65	100.31	109.65
306	21	512	500	102.00	98.91	102.00
306	31	512	500	101.17	97.93	101.17
306	35	512	500	105.57	102.44	105.57
307	18	512	500	108.71	99.35	108.71
307	20	512	500	114.25	104.89	114.25
307	28	512	500	109.68	100.41	109.68
308	33	512	500	103.09	100.70	103.09
309	15	512	500	110.80	101.28	110.80
309	19	512	500	109.49	100.16	109.49
309	20	512	500	111.42	102.01	111.42
309	31	512	500	113.71	104.35	113.71
310	23	512	500	107.87	103.11	107.87
310	31	512	500	110.97	106.25	110.97
311	13	512	500	107.67	98.02	107.67
311	24	512	500	116.98	107.46	116.98
311	27	512	500	108.41	98.91	108.41
312	16	512	500	100.11	97.69	100.11
312	19	512	500	98.99	96.58	98.99
312	20	512	500	102.14	99.84	102.14
312	35	512	500	103.27	100.86	103.27
313	15	512	500	105.04	95.50	105.04
313	18	512	500	110.41	100.92	110.41
313	25	512	500	110.18	100.50	110.18
313	28	512	500	109.50	99.97	109.50
314	14	512	500	110.63	101.08	110.63
314	17	512	500	106.56	97.02	106.56
314	24	512	500	116.46	106.91	116.46
315	19	512	500	100.15	98.16	100.15
315	23	512	500	101.20	99.26	101.20
315	24	512	500	101.65	99.74	101.65
315	26	512	500	99.24	97.32	99.24
316	21	512	500	107.72	102.87	107.72
316	35	512	500	106.88	102.07	106.88
317	24	512	500	107.84	98.18	107.84
317	28	512	500	108.44	98.84	108.44
317	32	512	500	112.38	102.73	112.38
318	23	512	500	107.07	102.22	107.07
318	27	512	500	110.96	106.14	110.96
318	34	512	500	106.20	101.43	106.20
319	23	512	500	107.21	97.48	107.21
319	24	512	500	109.49	99.75	109.49
320	17	512	500	100.09	98.00	100.09
320	19	512	500	99.81	97.86	99.81
320	22	512	500	102.05	100.07	102.05
320	29	512	500	98.33	96.42	98.33
320	33	512	500	99.55	99.55	99.47
321	22	512	500	111.19	101.36	111.19
321	26	512	500	115.74	105.89	115.74
321	31	512	500	105.67	95.91	105.67
322	25	512	500	106.47	101.56	106.47
322	30	512	500	106.53	101.62	106.53
322	34	512	500	107.22	102.34	107.22
323	18	512	500	115.83	105.97	115.83
323	27	512	500	110.96	101.13	110.96
323	28	512	500	108.44	98.66	108.44
323	29	512	500	105.71	95.89	105.71
323	32	512	500	105.13	95.37	105.13
324	14	512	500	98.05	96.39	98.05
324	28	512	500	99.72	98.08	99.72
324	34	512	500	97.17	95.58	97.17
325	20	512	500	102.03	100.09	102.03
325	24	512	500	98.56	96.57	98.56
325	33	512	500	96.13	94.20	96.13
325	35	512	500	103.35	101.38	103.35
326	26	512	500	108.39	98.48	108.39
326	30	512	500	108.83	98.93	108.83
327	16	512	500	107.03	97.05	107.03
327	34	512	500	107.87	99.30	107.87
328	15	512	500	106.65	101.73	106.65
328	22	512	500	108.80	103.84	108.80
328	24	512	500	111.32	106.40	111.32
328	32	512	500	105.14	100.09	105.14
329	13	512	500	105.87	95.83	105.87
329	15	512	500	111.22	100.76	111.22
329	29	512	500	106.00	96.02	106.00
330	21	512	500	102.13	100.15	102.13
330	34	512	500	98.55	96.34	98.55
330	35	512	500	102.24	100.25	102.24
331	18	512	500	107.52	97.47	107.52
332	25	512	500	110.90	105.59	110.90
333	23	512	500	105.89	102.62	105.89
333	30	512	500	103.48	100.04	103.48
333	34	512	500	105.23	101.87	105.23
334	13	512	500	112.86	102.60	112.86
334	26	512	500	112.27	102.12	112.27
334	27	512	500	110.93	100.82	110.93
334	28	512	500	107.39	97.14	107.39
335	14	512	500	110.99	100.73	110.99
335	18	512	500	108.34	98.07	108.34
335	20	512	500	107.64	97.40	107.64
336	16	512	500	100.07	98.41	100.07
336	24	512	500	102.11	100.31	102.11
336	25	512	500	97.44	95.73	97.44
336	26	512	500	101.18	99.48	101.18
336	28	512	500	104.00	102.25	104.00
337	18	512	500	111.51	100.38	111.51
337	22	512	500	112.71	102.50	112.71
337	31	512	500	112.09	101.73	112.09
338	17	512	500	108.98	103.84	108.98
338	25	512	500	103.28	98.12	103.28
339	17	512	500	111.51	101.07	111.51
339	21	512	500	109.40	99.08	109.40
339	22	512	500	110.48	100.21	110.48
339	25	512	500	112.88	102.58	112.88
339	26	512	500	110.10	99.69	110.10
339	29	512	500	112.41	102.00	112.41
339	31	512	500	112.57	102.25	112.57
339	32	512	500	111.21	100.94	111.21
339	34	512	500	113.12	102.85	113.12
340	13	512	500	103.93	101.32	103.93
340	22	512	500	101.92	99.38	101.92
340	25	512	500	98.11	95.51	98.11
340	31	512	500	104.13	101.54	104.13
340	32	512	500	106.18	103.60	106.18
341	18	512	500	115.52	105.04	115.52
342	21	512	500	101.54	97.98	101.54
342	30	512	500	101.15	97.72	101.15
343	27	512	500	97.89	95.97	97.89
344	20	512	500	112.47	107.29	112.47
344	32	512	500	109.89	104.73	109.89
345	33	512	500	105.34	101.81	105.34
346	18	512	500	114.67	103.49	114.67
346	22	512	500	112.24	101.74	112.24
346	23	512	500	114.31	103.42	114.31
346	28	512	500	109.31	98.87	109.31
346	30	512	500	110.17	99.86	110.17
347	17	512	500	113.03	102.35	113.03
347	22	512	500	114.22	103.58	114.22
347	26	512	500	113.67	103.08	113.67
347	27	512	500	110.44	99.82	110.44
347	29	512	500	115.69	105.12	115.69
347	30	512	500	112.70	102.17	112.70
348	20	512	500	105.84	100.66	105.84
349	35	512	500	113.77	103.18	113.77
350	17	512	500	97.27	94.92	97.27
351	24	512	500	101.10	97.54	101.10
351	25	512	500	105.89	102.22	105.89
352	24	512	500	102.69	100.00	102.69
352	35	512	500	103.37	100.71	103.37
353	15	512	500	115.44	104.68	115.44
353	21	512	500	112.93	102.07	112.93
353	22	512	500	114.32	103.56	114.32
353	23	512	500	110.29	99.53	110.29
353	34	512	500	112.37	101.58	112.37
354	20	512	500	106.59	101.23	106.59
354	26	512	500	102.52	97.16	102.52
354	29	512	500	102.81	97.46	102.81
354	30	512	500	103.53	98.24	103.53
355	28	512	500	106.16	95.10	106.16
355	34	512	500	109.47	98.71	109.47
356	27	512	500	106.70	101.28	106.70
357	22	512	500	105.69	102.06	105.69
357	30	512	500	102.65	99.04	102.65
359	14	512	500	121.16	110.07	121.16
359	20	512	500	114.32	103.36	114.32
359	27	512	500	113.04	102.09	113.04
360	18	512	500	103.15	101.30	103.15
360	24	512	500	99.88	98.19	99.88
360	31	512	500	98.92	97.13	98.92
361	28	512	500	116.15	105.05	116.15
361	35	512	500	112.76	101.74	112.76
362	21	512	500	111.46	100.40	111.46
362	28	512	500	112.47	101.51	112.47
362	35	512	500	111.41	100.36	111.41
364	16	512	500	99.04	96.11	99.04
365	27	512	500	112.07	101.00	112.07
365	33	512	500	110.57	99.56	110.57
365	34	512	500	113.29	102.27	113.29
366	23	512	500	104.48	98.93	104.48
366	33	512	500	107.98	102.43	107.98
367	24	512	500	112.25	101.00	112.25
368	19	512	500	106.13	101.69	106.13
368	25	512	500	103.16	97.60	103.16
368	30	512	500	106.46	100.89	106.46
369	27	512	500	104.17	100.40	104.17
369	28	512	500	107.52	103.81	107.52
370	19	512	500	103.06	97.41	103.06
370	25	512	500	108.04	102.29	108.04
370	31	512	500	106.57	100.90	106.57
371	24	512	500	108.79	97.55	108.79
371	27	512	500	109.14	97.88	109.14
371	35	512	500	109.58	98.35	109.58
372	24	512	500	103.50	97.78	103.50
372	31	512	500	107.44	101.86	107.44
372	32	512	500	104.13	98.43	104.13
373	35	512	500	115.71	104.34	115.71
374	19	512	500	101.12	95.46	101.12
374	22	512	500	102.77	97.10	102.77
374	24	512	500	102.49	96.76	102.49
374	27	512	500	107.74	105.29	107.74
375	27	512	500	106.31	104.05	106.31
375	33	512	500	100.58	98.37	100.58
376	15	512	500	106.37	100.56	106.37
376	20	512	500	105.41	99.62	105.41
376	28	512	500	106.43	100.72	106.43
377	26	512	500	111.71	100.25	111.71
378	18	512	500	98.92	97.01	98.92
378	32	512	500	103.37	101.53	103.37
379	25	512	500	117.21	105.67	117.21
379	30	512	500	112.86	101.44	112.86
380	33	512	500	106.85	101.07	106.85
380	34	512	500	109.03	103.27	109.03
381	23	512	500	112.53	101.04	112.53
381	24	512	500	115.82	104.24	115.82
381	25	512	500	115.64	103.99	115.64
381	30	512	500	114.70	103.15	114.70
381	33	512	500	113.99	102.37	113.99
381	34	512	500	111.86	100.26	111.86
382	29	512	500	113.03	101.42	113.03
382	30	512	500	110.35	98.81	110.35
382	33	512	500	111.95	100.36	111.95
383	21	512	500	113.75	101.96	113.75
383	28	512	500	113.17	101.55	113.17
384	18	512	500	99.18	97.19	99.18
384	26	512	500	101.93	99.99	101.93
384	31	512	500	100.70	98.77	100.70
384	35	512	500	99.28	97.38	99.28
385	16	512	500	104.22	101.90	104.22
385	27	512	500	100.80	98.42	100.80
385	29	512	500	101.64	99.32	101.64
385	30	512	500	99.89	97.63	99.89
385	32	512	500	99.15	96.80	99.15
386	15	512	500	110.46	98.76	110.46
386	17	512	500	113.11	101.35	113.11
386	20	512	500	115.18	103.65	115.18
386	28	512	500	114.16	102.40	114.16
387	17	512	500	108.03	104.05	108.03
387	23	512	500	105.40	101.44	105.40
388	19	512	500	112.96	107.06	112.96
388	32	512	500	108.23	102.26	108.23
389	25	512	500	116.87	104.93	116.87
389	32	512	500	108.94	97.12	108.94
389	35	512	500	110.12	98.36	110.12
390	21	512	500	102.46	100.04	102.46
390	27	512	500	102.29	100.05	102.29
390	29	512	500	101.66	99.29	101.66
391	32	512	500	115.16	103.28	115.16
391	35	512	500	114.24	102.36	114.24
392	29	512	500	101.88	100.20	101.88
392	32	512	500	102.98	101.31	102.98
392	33	512	500	100.45	98.78	100.45
393	35	512	500	113.24	101.19	113.24
394	20	512	500	114.32	102.33	114.32
394	30	512	500	115.43	103.42	115.43
394	34	512	500	111.47	99.46	111.47
395	28	512	500	108.94	96.97	108.94
396	17	512	500	106.08	103.98	106.08
396	33	512	500	102.31	100.30	102.31
397	29	512	500	119.08	106.91	119.08
397	34	512	500	120.89	108.79	120.89
399	28	512	500	106.58	102.54	106.58
399	34	512	500	103.54	99.50	103.54
401	20	512	500	116.59	104.25	116.59
401	21	512	500	117.81	105.23	117.81
401	23	512	500	117.51	105.23	117.51
401	29	512	500	116.54	104.37	116.54
401	35	512	500	111.25	99.02	111.25
402	24	512	500	102.82	96.78	102.82
402	26	512	500	106.80	100.72	106.80
402	33	512	500	104.95	98.81	104.95
403	16	512	500	118.61	106.25	118.61
403	21	512	500	115.94	103.60	115.94
403	35	512	500	112.95	100.66	112.95
405	29	512	500	104.74	102.23	104.74
405	34	512	500	99.85	97.36	99.85
406	22	512	500	109.35	103.19	109.35
406	29	512	500	104.97	98.78	104.97
407	18	512	500	112.98	100.51	112.98
407	21	512	500	116.47	104.17	116.47
407	34	512	500	120.24	107.83	120.24
408	23	512	500	112.37	107.35	112.37
408	26	512	500	101.67	98.58	101.67
409	17	512	500	111.09	98.58	111.09
409	23	512	500	121.15	108.65	121.15
409	25	512	500	114.49	102.03	114.49
409	26	512	500	117.84	105.34	117.84
410	26	512	500	104.74	98.52	104.74
411	19	512	500	112.00	99.60	112.00
411	20	512	500	110.96	98.41	110.96
412	20	512	500	101.58	95.55	101.58
412	27	512	500	104.12	97.84	104.12
412	28	512	500	112.46	106.20	112.46
412	29	512	500	112.40	106.14	112.40
412	30	512	500	105.66	99.30	105.66
412	35	512	500	108.07	101.87	108.07
413	20	512	500	108.88	96.23	108.88
413	21	512	500	114.03	101.43	114.03
413	31	512	500	117.91	105.31	117.91
413	32	512	500	115.98	103.45	115.98
413	35	512	500	113.12	100.57	113.12
414	28	512	500	107.08	102.87	107.08
414	34	512	500	105.51	101.35	105.51
415	28	512	500	111.38	98.72	111.38
415	34	512	500	112.06	99.44	112.06
416	21	512	500	105.84	102.64	105.84
416	25	512	500	98.68	95.48	98.68
416	26	512	500	100.96	97.81	100.96
416	27	512	500	101.88	98.73	101.88
416	35	512	500	103.95	100.75	103.95
417	20	512	500	110.45	97.75	110.45
417	22	512	500	116.04	103.26	116.04
418	24	512	500	102.04	95.69	102.04
418	29	512	500	101.86	95.38	101.86
418	33	512	500	107.21	100.87	107.21
419	28	512	500	121.98	109.15	121.98
420	34	512	500	102.57	100.43	102.57
421	26	512	500	114.31	101.51	114.31
421	33	512	500	113.86	101.46	113.86
422	19	512	500	116.00	103.18	116.00
422	33	512	500	119.49	106.62	119.49
424	26	512	500	105.73	99.31	105.73
424	33	512	500	103.92	97.49	103.92
424	34	512	500	104.34	97.88	104.34
425	20	512	500	101.77	99.19	101.77
425	22	512	500	102.47	100.03	102.47
425	28	512	500	105.27	102.77	105.27
425	32	512	500	104.00	101.39	104.00
426	33	512	500	112.09	105.63	112.09
426	34	512	500	105.97	99.48	105.97
427	24	512	500	111.06	97.95	111.06
427	33	512	500	111.36	98.38	111.36
428	31	512	500	111.16	104.61	111.16
428	34	512	500	110.16	103.67	110.16
428	35	512	500	105.98	99.37	105.98
429	20	512	500	102.85	98.45	102.85
429	24	512	500	112.39	108.05	112.39
429	26	512	500	109.50	105.05	109.50
429	30	512	500	109.78	105.39	109.78
429	33	512	500	104.76	100.40	104.76
430	35	512	500	116.93	110.39	116.93
431	23	512	500	114.70	101.49	114.70
431	31	512	500	114.61	101.47	114.61
431	35	512	500	123.34	110.17	123.34
432	31	512	500	107.47	105.30	107.47
433	33	512	500	115.76	101.25	115.76
434	17	512	500	110.43	103.78	110.43
435	18	512	500	110.11	105.81	110.11
435	26	512	500	107.52	103.18	107.52
435	33	512	500	112.29	107.89	112.29
436	25	512	500	107.88	101.29	107.88
436	31	512	500	101.63	94.98	101.63
436	35	512	500	109.12	102.53	109.12
437	18	512	500	119.69	106.46	119.69
437	19	512	500	120.94	107.84	120.94
437	22	512	500	117.48	104.08	117.48
437	25	512	500	115.91	102.53	115.91
437	27	512	500	114.09	100.69	114.09
438	22	512	500	108.96	102.22	108.96
438	26	512	500	104.99	98.47	104.99
438	29	512	500	107.03	100.43	107.03
438	31	512	500	104.30	97.64	104.30
438	32	512	500	106.40	98.20	106.40
439	26	512	500	123.14	109.78	123.14
439	27	512	500	121.54	108.16	121.54
440	26	512	500	106.84	104.17	106.84
440	35	512	500	101.13	100.25	101.13
441	23	512	500	102.41	100.45	102.41
442	22	512	500	102.72	96.00	102.72
442	33	512	500	107.73	100.98	107.73
443	25	512	500	121.38	107.88	121.38
443	33	512	500	116.36	102.73	116.36
444	26	512	500	108.93	102.20	108.93
444	27	512	500	106.35	99.68	106.35
444	28	512	500	109.43	102.61	109.43
444	30	512	500	108.61	101.84	108.61
444	32	512	500	110.11	103.29	110.11
445	18	512	500	116.96	103.46	116.96
445	34	512	500	120.01	106.46	120.01
446	33	512	500	115.59	101.82	115.59
447	21	512	500	112.37	98.80	112.37
447	30	512	500	115.60	101.88	115.60
447	33	512	500	121.59	107.88	121.59
447	34	512	500	119.65	106.00	119.65
447	35	512	500	117.27	103.62	117.27
448	28	512	500	98.81	96.86	98.81
449	34	512	500	118.23	104.52	118.23
450	32	512	500	98.83	96.11	98.83
450	34	512	500	104.16	103.44	104.16
451	20	512	500	107.32	93.58	107.32
452	22	512	500	105.44	98.58	105.44
452	30	512	500	103.10	96.26	103.10
452	32	512	500	106.70	99.84	106.70
453	28	512	500	117.24	103.54	117.24
453	32	512	500	110.79	97.00	110.79
453	35	512	500	115.17	101.30	115.17
454	29	512	500	113.48	99.46	113.48
454	34	512	500	118.64	104.70	118.64
457	28	512	500	124.64	110.54	124.64
459	28	512	500	107.44	102.79	107.44
459	29	512	500	112.66	108.09	112.66
459	33	512	500	111.55	106.89	111.55
459	34	512	500	102.08	97.45	102.08
460	26	512	500	109.40	102.35	109.40
460	31	512	500	108.61	101.55	108.61
460	35	512	500	106.20	99.08	106.20
461	21	512	500	115.28	100.63	115.28
461	29	512	500	120.42	106.42	120.42
461	33	512	500	121.92	107.85	121.92
462	24	512	500	105.02	102.59	105.02
462	33	512	500	101.21	98.96	101.21
463	31	512	500	122.84	108.68	122.84
463	32	512	500	121.84	107.82	121.84
463	33	512	500	122.72	108.55	122.72
464	22	512	500	107.97	100.91	107.97
464	32	512	500	113.53	106.50	113.53
465	30	512	500	110.75	106.05	110.75
466	18	512	500	117.80	103.55	117.80
466	24	512	500	118.66	104.48	118.66
466	25	512	500	124.32	110.07	124.32
466	31	512	500	115.98	101.79	115.98
466	34	512	500	113.73	99.53	113.73
467	26	512	500	119.89	105.66	119.89
467	30	512	500	119.09	104.78	119.09
467	34	512	500	123.10	108.84	123.10
468	23	512	500	104.27	101.99	104.27
469	29	512	500	110.59	96.38	110.59
470	21	512	500	113.86	106.71	113.86
470	27	512	500	110.45	103.39	110.45
471	22	512	500	116.01	101.65	116.01
471	28	512	500	125.05	110.70	125.05
472	24	512	500	112.49	105.32	112.49
472	35	512	500	107.86	100.61	107.86
473	35	512	500	116.98	102.40	116.98
474	27	512	500	107.13	99.90	107.13
475	22	512	500	107.02	104.11	107.02
476	27	512	500	106.47	102.84	106.47
476	29	512	500	106.59	103.01	106.59
476	33	512	500	106.40	102.72	106.40
479	20	512	500	118.25	103.64	118.25
479	35	512	500	120.68	104.65	120.68
480	30	512	500	105.91	103.47	105.91
480	32	512	500	103.33	100.89	103.33
481	18	512	500	121.14	106.62	121.14
481	23	512	500	117.54	102.88	117.54
481	29	512	500	122.27	107.62	122.27
482	30	512	500	116.57	105.34	116.57
482	34	512	500	126.78	109.78	126.78
483	27	512	500	107.41	102.68	107.41
484	35	512	500	107.30	103.55	107.30
486	19	512	500	104.68	102.17	104.68
486	33	512	500	104.82	102.37	104.82
487	22	512	500	118.67	103.85	118.67
487	26	512	500	125.08	110.18	125.08
487	28	512	500	125.84	111.07	125.84
490	25	512	500	103.16	101.05	103.16
492	30	512	500	112.68	105.22	112.68
493	20	512	500	111.60	96.43	111.60
493	27	512	500	124.62	109.47	124.62
493	30	512	500	121.40	106.40	121.40
495	24	512	500	113.89	110.36	113.89
495	26	512	500	103.83	100.74	103.83
495	31	512	500	110.66	107.70	110.66
496	22	512	500	107.05	99.46	107.05
497	22	512	500	124.11	109.01	124.11
497	27	512	500	118.54	103.49	118.54
497	31	512	500	119.92	104.83	119.92
497	34	512	500	122.47	107.22	122.47
498	26	512	500	108.87	101.36	108.87
498	28	512	500	110.85	103.10	110.85
498	31	512	500	113.78	106.20	113.78
499	28	512	500	125.46	109.99	125.46
499	31	512	500	121.01	105.84	121.01
500	35	512	500	106.75	103.72	106.75
502	26	512	500	122.89	107.65	122.89
502	32	512	500	121.92	107.47	121.92
503	25	512	500	121.73	106.34	121.73
504	24	512	500	105.06	102.51	105.06
504	32	512	500	104.31	101.66	104.31
506	34	512	500	108.20	100.57	108.20
507	28	512	500	111.67	106.56	111.67
508	22	512	500	113.67	106.04	113.67
508	27	512	500	113.55	105.81	113.55
509	27	512	500	124.86	109.29	124.86
510	31	512	500	108.11	105.01	108.11
510	33	512	500	105.23	102.15	105.23
510	35	512	500	106.23	103.16	106.23
511	28	512	500	117.15	101.69	117.15
511	31	512	500	123.24	107.72	123.24
512	25	512	500	99.85	97.91	99.85
512	34	512	500	102.36	100.46	102.36
514	30	512	500	119.81	104.15	119.81
515	25	512	500	124.35	108.77	124.35
516	28	512	500	112.16	104.30	112.16
517	32	512	500	114.98	99.15	114.98
518	29	512	500	110.81	104.93	110.81
518	30	512	500	104.43	96.60	104.43
519	29	512	500	123.03	107.15	123.03
519	32	512	500	124.01	108.16	124.01
520	24	512	500	107.99	104.87	107.99
523	27	512	500	118.48	102.78	118.48
523	29	512	500	123.82	108.00	123.82
523	35	512	500	121.61	105.99	121.61
524	20	512	500	114.04	105.72	114.04
524	21	512	500	111.91	103.90	111.91
524	35	512	500	107.81	99.87	107.81
525	25	512	500	109.82	106.57	109.82
526	23	512	500	120.56	104.43	120.56
527	27	512	500	121.68	105.55	121.68
527	33	512	500	120.24	104.10	120.24
528	29	512	500	109.06	106.37	109.06
528	33	512	500	101.32	98.64	101.32
529	24	512	500	115.09	98.80	115.09
529	35	512	500	123.91	107.73	123.91
531	30	512	500	109.49	104.08	109.49
532	29	512	500	103.89	99.86	103.89
532	35	512	500	109.01	104.86	109.01
533	26	512	500	123.48	107.28	123.48
535	31	512	500	129.76	113.24	129.76
536	25	512	500	103.56	95.35	103.56
538	27	512	500	120.16	103.85	120.16
539	28	512	500	105.03	101.80	105.03
539	30	512	500	101.65	99.30	101.65
541	30	512	500	125.17	109.59	125.17
543	33	512	500	119.49	102.80	119.49
544	31	512	500	111.23	109.00	111.23
545	29	512	500	129.01	112.42	129.01
545	32	512	500	121.19	104.41	121.19
547	21	512	500	123.38	107.78	123.38
547	27	512	500	126.86	111.21	126.86
547	28	512	500	124.02	108.45	124.02
548	27	512	500	108.28	99.99	108.28
549	25	512	500	106.68	101.13	106.68
550	26	512	500	105.30	101.98	105.30
550	28	512	500	112.46	109.06	112.46
551	33	512	500	124.16	107.35	124.16
553	23	512	500	120.80	103.91	120.80
555	28	512	500	116.69	111.30	116.69
555	31	512	500	104.62	99.00	104.62
556	29	512	500	114.60	106.11	114.60
558	30	512	500	109.83	104.17	109.83
559	22	512	500	118.48	101.28	118.48
559	28	512	500	121.91	104.70	121.91
559	35	512	500	116.80	99.68	116.80
560	26	512	500	109.20	108.73	109.20
561	27	512	500	108.06	102.38	108.06
561	32	512	500	109.72	105.96	109.72
562	28	512	500	126.78	109.55	126.78
562	30	512	500	117.38	100.18	117.38
564	26	512	500	112.48	103.85	112.48
566	25	512	500	119.82	102.60	119.82
567	30	512	500	105.44	103.07	105.44
567	34	512	500	106.32	103.86	106.32
568	27	512	500	114.07	105.13	114.07
569	32	512	500	123.53	107.40	123.53
570	28	512	500	105.91	102.45	105.91
570	35	512	500	106.04	102.55	106.04
572	28	512	500	107.16	102.78	107.16
573	27	512	500	121.76	104.21	121.76
573	32	512	500	123.12	105.55	123.12
574	29	512	500	109.10	100.33	109.10
575	28	512	500	108.72	105.34	108.72
575	31	512	500	110.69	106.72	110.69
575	35	512	500	109.43	105.91	109.43
576	23	512	500	103.76	100.82	103.76
578	33	512	500	115.80	107.02	115.80
578	34	512	500	110.33	101.53	110.33
580	34	512	500	116.19	111.73	116.19
580	35	512	500	113.37	108.95	113.37
581	22	512	500	129.22	111.47	129.22
582	29	512	500	116.63	107.76	116.63
582	33	512	500	108.87	99.97	108.87
583	35	512	500	123.39	105.56	123.39
585	29	512	500	109.24	105.64	109.24
585	30	512	500	107.61	105.33	107.61
585	34	512	500	106.74	103.18	106.74
585	35	512	500	102.55	100.99	102.55
588	30	512	500	107.16	104.61	107.16
589	26	512	500	119.96	101.88	119.96
590	35	512	500	112.18	103.23	112.18
591	26	512	500	124.95	106.92	124.95
595	27	512	500	109.82	106.18	109.82
596	35	512	500	112.35	103.30	112.35
598	29	512	500	114.72	105.65	114.72
598	33	512	500	110.43	101.35	110.43
599	33	512	500	123.71	108.17	123.71
600	27	512	500	108.58	105.47	108.58
600	31	512	500	105.61	102.61	105.61
600	32	512	500	110.41	107.34	110.41
600	34	512	500	106.62	103.55	106.62
601	27	512	500	124.94	109.30	124.94
602	32	512	500	113.41	104.28	113.41
602	34	512	500	109.48	100.35	109.48
603	34	512	500	110.58	104.48	110.58
604	23	512	500	112.70	103.52	112.70
605	27	512	500	104.47	100.78	104.47
605	29	512	500	107.64	103.79	107.64
606	27	512	500	118.54	109.41	118.54
606	35	512	500	112.51	103.24	112.51
607	30	512	500	118.60	102.94	118.60
607	34	512	500	122.88	107.20	122.88
608	35	512	500	111.93	107.32	111.93
609	27	512	500	105.87	99.71	105.87
610	30	512	500	112.31	103.04	112.31
610	31	512	500	112.30	102.98	112.30
610	33	512	500	113.22	103.93	113.22
611	31	512	500	127.65	109.13	127.65
615	30	512	500	111.18	104.90	111.18
615	35	512	500	111.01	104.75	111.01
616	28	512	500	108.23	105.53	108.23
616	30	512	500	105.09	102.39	105.09
617	33	512	500	123.26	107.62	123.26
618	32	512	500	111.61	101.81	111.61
619	29	512	500	125.58	109.97	125.58
621	35	512	500	104.41	98.17	104.41
624	32	512	500	105.54	102.39	105.54
626	28	512	500	126.19	107.09	126.19
626	31	512	500	127.78	108.62	127.78
626	35	512	500	130.04	110.86	130.04
627	25	512	500	105.85	99.41	105.85
630	29	512	500	103.90	101.19	103.90
631	34	512	500	126.21	110.56	126.21
632	33	512	500	116.28	106.39	116.28
634	35	512	500	125.09	105.78	125.09
635	29	512	500	123.03	103.64	123.03
636	31	512	500	114.95	105.35	114.95
636	33	512	500	115.74	106.02	115.74
638	35	512	500	114.27	104.59	114.27
640	32	512	500	102.82	100.38	102.82
641	32	512	500	125.56	109.91	125.56
642	33	512	500	116.64	106.83	116.64
643	29	512	500	121.74	106.14	121.74
645	25	512	500	107.90	101.30	107.90
645	35	512	500	107.94	101.44	107.94
647	35	512	500	121.51	105.92	121.51
649	26	512	500	125.74	105.87	125.74
650	34	512	500	109.23	105.28	109.23
651	27	512	500	106.50	99.90	106.50
651	34	512	500	111.66	102.77	111.66
654	26	512	500	115.62	105.62	115.62
655	31	512	500	125.20	105.03	125.20
659	34	512	500	124.77	109.26	124.77
660	27	512	500	104.07	100.69	104.07
660	29	512	500	108.21	104.86	108.21
663	23	512	500	107.74	100.93	107.74
663	32	512	500	109.23	102.48	109.23
665	33	512	500	109.93	105.68	109.93
666	27	512	500	109.94	103.39	109.94
666	32	512	500	112.80	106.00	112.80
667	33	512	500	130.03	109.71	130.03
667	34	512	500	125.83	105.68	125.83
668	25	512	500	116.85	106.61	116.85
670	31	512	500	115.81	107.62	115.81
670	34	512	500	114.24	103.98	114.24
672	34	512	500	108.87	105.93	108.87
672	35	512	500	110.45	107.37	110.45
673	33	512	500	121.56	105.94	121.56
673	35	512	500	126.15	110.50	126.15
676	35	512	500	112.47	107.31	112.47
680	32	512	500	111.52	107.41	111.52
681	27	512	500	129.39	108.55	129.39
681	31	512	500	123.71	103.17	123.71
682	35	512	500	120.28	110.08	120.28
685	29	512	500	126.17	104.76	126.17
687	31	512	500	128.77	107.79	128.77
693	29	512	500	109.09	105.91	109.09
693	35	512	500	106.90	103.87	106.90
694	34	512	500	127.50	106.31	127.50
695	30	512	500	126.65	105.46	126.65
695	33	512	500	126.65	105.64	126.65
696	27	512	500	104.84	99.61	104.84
698	28	512	500	132.77	111.54	132.77
699	33	512	500	133.95	112.55	133.95
699	35	512	500	128.96	107.61	128.96
700	32	512	500	110.46	107.38	110.46
702	33	512	500	108.71	105.14	108.71
702	34	512	500	110.28	106.67	110.28
711	31	512	500	111.56	104.33	111.56
713	35	512	500	132.31	110.36	132.31
714	35	512	500	112.11	108.54	112.11
726	32	512	500	108.15	104.49	108.15
729	32	512	500	106.77	104.32	106.77
732	28	512	500	113.65	102.60	113.65
734	31	512	500	128.73	106.05	128.73
735	26	512	500	107.59	104.38	107.59
736	32	512	500	106.58	101.00	106.58
737	30	512	500	126.98	104.20	126.98
737	32	512	500	131.38	108.85	131.38
741	35	512	500	112.71	105.18	112.71
743	33	512	500	118.65	103.08	118.65
744	34	512	500	108.23	102.52	108.23
748	31	512	500	110.47	104.64	110.47
749	31	512	500	133.06	110.15	133.06
751	34	512	500	124.28	108.72	124.28
752	35	512	500	111.70	100.16	111.70
762	29	512	500	115.60	103.90	115.60
763	35	512	500	126.96	103.73	126.96
767	35	512	500	126.68	103.29	126.68
768	33	512	500	106.29	103.34	106.29
769	35	512	500	121.81	106.19	121.81
774	31	512	500	110.91	103.11	110.91
776	34	512	500	116.12	104.25	116.12
780	30	512	500	114.03	110.12	114.03
786	33	512	500	117.11	105.18	117.11
788	29	512	500	119.43	107.37	119.43
788	31	512	500	117.65	103.95	117.65
788	35	512	500	118.20	106.34	118.20
792	35	512	500	106.04	102.84	106.04
801	30	512	500	112.17	104.03	112.17
804	35	512	500	118.57	106.32	118.57
805	31	512	500	110.03	105.16	110.03
819	34	512	500	108.63	105.07	108.63
821	35	512	500	129.43	113.57	129.43
824	34	512	500	117.93	105.39	117.93
828	31	512	500	114.68	110.47	114.68
847	32	512	500	108.82	105.15	108.82
850	32	512	500	110.71	105.60	110.71
854	35	512	500	115.00	105.14	115.00
869	35	512	500	136.13	109.62	136.13
880	34	512	500	107.26	103.91	107.26
885	33	512	500	115.22	106.30	115.22
886	34	512	500	138.00	112.76	138.00
891	32	512	500	108.19	105.22	108.19
905	33	512	500	138.67	111.17	138.67
941	34	512	500	124.71	109.20	124.71
