3	1	512	500	24.08
3	2	512	500	25.80
4	2	512	500	13.63
4	4	512	500	19.49
6	3	512	500	15.24
7	1	512	500	37.61
7	5	512	500	19.24
7	6	512	500	26.08
7	7	512	500	16.37
8	1	512	500	18.20
8	4	512	500	13.70
8	8	512	500	22.81
9	5	512	500	18.07
9	8	512	500	14.24
9	9	512	500	20.23
10	2	512	500	10.67
10	6	512	500	20.04
11	6	512	500	18.52
11	7	512	500	21.27
11	10	512	500	14.28
12	11	512	500	10.77
13	1	512	500	21.44
13	2	512	500	17.03
13	4	512	500	22.43
13	6	512	500	25.59
13	7	512	500	13.95
13	8	512	500	25.11
13	9	512	500	20.21
13	13	512	500	10.49
14	1	512	500	15.83
14	3	512	500	19.28
14	5	512	500	16.54
14	7	512	500	15.28
14	10	512	500	7.69
15	6	512	500	17.90
15	7	512	500	12.98
15	9	512	500	18.19
15	15	512	500	13.34
16	7	512	500	7.78
16	10	512	500	11.23
16	11	512	500	11.58
16	12	512	500	13.24
16	13	512	500	13.46
16	14	512	500	10.12
17	2	512	500	15.00
17	5	512	500	13.28
17	6	512	500	17.47
17	11	512	500	17.13
17	14	512	500	14.38
17	16	512	500	13.67
18	5	512	500	13.56
18	6	512	500	8.73
18	13	512	500	10.34
18	17	512	500	9.38
18	18	512	500	10.26
19	11	512	500	19.06
19	17	512	500	10.43
19	19	512	500	9.71
20	7	512	500	9.24
20	9	512	500	13.45
20	12	512	500	12.52
20	14	512	500	20.09
20	17	512	500	17.17
21	5	512	500	21.82
21	6	512	500	11.49
21	12	512	500	11.98
21	19	512	500	14.28
21	20	512	500	7.17
22	3	512	500	7.90
22	8	512	500	12.34
22	9	512	500	11.32
22	13	512	500	10.58
22	15	512	500	16.92
22	16	512	500	13.25
22	18	512	500	9.98
22	21	512	500	9.03
23	4	512	500	19.91
23	5	512	500	11.89
23	8	512	500	11.33
23	20	512	500	33.37
24	9	512	500	13.25
24	18	512	500	11.68
24	20	512	500	10.27
24	23	512	500	10.60
25	9	512	500	6.91
25	12	512	500	9.19
25	22	512	500	26.95
26	7	512	500	10.46
26	11	512	500	14.04
26	13	512	500	10.84
26	25	512	500	10.80
26	26	512	500	7.87
27	10	512	500	9.08
28	5	512	500	26.04
28	15	512	500	9.93
28	17	512	500	10.15
28	19	512	500	8.77
28	20	512	500	14.68
28	26	512	500	8.06
28	27	512	500	6.80
29	7	512	500	6.93
29	10	512	500	13.69
29	19	512	500	17.25
29	20	512	500	13.94
29	25	512	500	13.08
29	27	512	500	7.21
29	29	512	500	6.75
30	4	512	500	6.47
30	8	512	500	9.60
30	9	512	500	7.13
30	15	512	500	17.11
30	16	512	500	10.54
30	17	512	500	8.03
30	21	512	500	10.05
30	22	512	500	14.18
30	23	512	500	11.76
31	2	512	500	16.68
31	5	512	500	31.09
31	10	512	500	6.74
31	12	512	500	10.18
31	15	512	500	8.55
31	19	512	500	6.56
31	20	512	500	11.89
31	22	512	500	6.92
31	23	512	500	9.28
31	24	512	500	10.97
31	26	512	500	7.38
31	29	512	500	8.28
31	30	512	500	15.87
31	31	512	500	8.66
32	10	512	500	7.51
32	14	512	500	6.97
32	24	512	500	7.84
32	27	512	500	6.92
32	30	512	500	11.11
32	32	512	500	7.55
33	9	512	500	6.21
33	13	512	500	13.33
33	18	512	500	11.23
33	20	512	500	20.20
33	21	512	500	8.74
33	22	512	500	12.99
33	24	512	500	20.95
33	25	512	500	7.27
33	30	512	500	10.92
34	2	512	500	8.32
34	8	512	500	10.50
34	14	512	500	8.54
34	15	512	500	7.63
34	26	512	500	7.39
34	27	512	500	7.20
34	32	512	500	8.51
34	34	512	500	9.53
35	6	512	500	9.59
35	8	512	500	11.86
35	18	512	500	10.30
35	19	512	500	7.66
35	24	512	500	7.81
35	25	512	500	10.92
35	26	512	500	11.23
35	30	512	500	10.11
35	34	512	500	12.39
36	5	512	500	8.26
36	8	512	500	7.49
36	10	512	500	7.55
36	17	512	500	12.32
36	19	512	500	10.70
36	20	512	500	9.61
36	26	512	500	7.46
36	27	512	500	10.27
36	31	512	500	7.60
37	4	512	500	10.28
37	7	512	500	14.18
37	9	512	500	11.07
37	11	512	500	9.47
37	12	512	500	15.55
37	14	512	500	9.59
37	17	512	500	6.67
37	18	512	500	13.51
37	21	512	500	11.72
37	22	512	500	8.17
37	28	512	500	20.99
37	30	512	500	10.04
37	31	512	500	12.09
37	32	512	500	10.32
37	33	512	500	11.46
38	2	512	500	8.70
38	3	512	500	9.27
38	8	512	500	9.06
38	15	512	500	18.89
38	22	512	500	9.12
38	27	512	500	6.35
38	28	512	500	8.83
38	29	512	500	9.86
38	33	512	500	13.36
38	34	512	500	8.99
38	35	512	500	19.75
39	8	512	500	10.37
39	10	512	500	11.77
39	13	512	500	7.07
39	20	512	500	11.87
39	23	512	500	8.77
39	29	512	500	8.11
39	30	512	500	8.70
39	35	512	500	11.02
40	3	512	500	18.81
40	4	512	500	33.97
40	9	512	500	10.64
40	20	512	500	11.25
40	21	512	500	12.73
40	27	512	500	10.66
40	30	512	500	6.96
40	35	512	500	10.50
41	5	512	500	5.99
41	9	512	500	11.15
41	14	512	500	24.03
41	15	512	500	10.27
41	18	512	500	9.61
41	22	512	500	10.33
41	31	512	500	10.01
42	2	512	500	6.30
42	6	512	500	11.58
42	8	512	500	10.26
42	9	512	500	8.54
42	15	512	500	9.18
42	18	512	500	7.55
42	20	512	500	22.11
42	33	512	500	6.43
43	3	512	500	13.43
43	7	512	500	11.23
43	22	512	500	17.39
43	24	512	500	8.12
43	25	512	500	33.46
43	27	512	500	9.36
44	10	512	500	10.94
44	13	512	500	7.40
44	24	512	500	8.55
44	26	512	500	8.33
44	28	512	500	7.71
44	32	512	500	8.66
44	33	512	500	10.61
44	35	512	500	17.58
45	4	512	500	10.35
45	8	512	500	8.85
45	11	512	500	11.82
45	12	512	500	12.49
45	13	512	500	41.99
45	14	512	500	19.81
45	17	512	500	20.39
45	20	512	500	11.17
45	23	512	500	7.12
45	24	512	500	7.37
45	33	512	500	8.75
46	4	512	500	9.43
46	6	512	500	12.81
46	11	512	500	7.03
46	21	512	500	7.65
46	22	512	500	6.14
46	24	512	500	5.91
46	26	512	500	8.57
46	27	512	500	9.25
46	30	512	500	7.21
46	33	512	500	8.68
46	35	512	500	7.30
47	11	512	500	8.60
47	15	512	500	10.88
47	17	512	500	10.93
47	20	512	500	34.73
48	3	512	500	11.12
48	4	512	500	10.82
48	9	512	500	7.53
48	10	512	500	6.51
48	12	512	500	8.60
48	20	512	500	9.20
48	31	512	500	10.59
48	35	512	500	8.19
49	3	512	500	10.28
49	5	512	500	9.16
49	10	512	500	6.24
49	12	512	500	9.04
49	14	512	500	8.06
49	17	512	500	10.04
49	19	512	500	62.14
49	21	512	500	10.97
49	31	512	500	17.71
50	21	512	500	8.00
51	4	512	500	5.50
51	5	512	500	10.37
51	6	512	500	9.94
51	10	512	500	8.18
51	14	512	500	6.97
51	17	512	500	8.39
51	21	512	500	26.02
51	22	512	500	14.78
51	23	512	500	8.97
51	26	512	500	12.38
51	29	512	500	7.90
52	6	512	500	11.08
52	12	512	500	11.21
52	22	512	500	12.98
52	25	512	500	12.71
52	26	512	500	11.54
52	32	512	500	60.19
53	3	512	500	8.55
53	5	512	500	11.03
53	6	512	500	8.94
53	12	512	500	8.88
53	18	512	500	10.74
53	20	512	500	10.54
53	21	512	500	10.52
53	27	512	500	14.62
53	31	512	500	12.53
53	32	512	500	9.60
54	7	512	500	12.04
54	8	512	500	9.04
54	22	512	500	7.81
54	27	512	500	12.80
54	33	512	500	10.99
54	35	512	500	10.13
55	8	512	500	17.67
55	11	512	500	10.38
55	15	512	500	7.09
55	22	512	500	11.80
55	26	512	500	8.14
55	27	512	500	12.43
55	32	512	500	14.93
55	35	512	500	10.93
56	3	512	500	12.73
56	4	512	500	8.39
56	8	512	500	5.64
56	17	512	500	7.78
56	18	512	500	8.48
56	19	512	500	11.15
56	20	512	500	6.47
56	23	512	500	5.67
56	24	512	500	27.16
56	25	512	500	14.77
56	27	512	500	12.29
56	29	512	500	6.42
57	8	512	500	10.49
57	9	512	500	11.95
57	13	512	500	8.45
57	15	512	500	10.19
57	22	512	500	28.62
57	27	512	500	9.52
57	30	512	500	12.57
57	31	512	500	11.31
57	33	512	500	12.99
57	34	512	500	14.11
58	7	512	500	14.96
58	12	512	500	10.74
58	20	512	500	11.77
58	25	512	500	15.63
58	28	512	500	33.86
58	30	512	500	13.23
58	33	512	500	8.96
58	35	512	500	9.89
59	8	512	500	7.82
59	15	512	500	11.17
59	20	512	500	9.28
59	24	512	500	13.05
59	26	512	500	13.46
59	28	512	500	9.69
59	29	512	500	30.16
59	31	512	500	13.25
59	35	512	500	8.69
60	8	512	500	7.34
60	27	512	500	7.23
60	28	512	500	10.63
60	32	512	500	9.14
60	33	512	500	11.51
60	35	512	500	7.72
61	7	512	500	9.03
61	8	512	500	8.04
61	11	512	500	7.92
61	24	512	500	8.96
61	32	512	500	15.71
61	34	512	500	8.62
62	10	512	500	7.88
62	19	512	500	6.93
62	31	512	500	7.85
63	7	512	500	10.46
63	20	512	500	9.11
63	28	512	500	7.09
63	30	512	500	6.29
63	32	512	500	6.72
63	35	512	500	7.68
64	9	512	500	7.73
64	10	512	500	5.78
64	14	512	500	14.85
64	21	512	500	8.09
64	24	512	500	7.62
64	25	512	500	5.45
64	27	512	500	6.67
64	28	512	500	15.86
64	31	512	500	7.18
64	35	512	500	7.07
65	14	512	500	20.34
65	16	512	500	11.38
65	19	512	500	10.46
65	20	512	500	14.52
65	21	512	500	12.39
65	25	512	500	19.00
65	29	512	500	13.65
65	32	512	500	42.08
65	33	512	500	15.39
66	23	512	500	13.26
66	24	512	500	34.31
66	26	512	500	12.70
66	27	512	500	17.31
66	28	512	500	30.90
66	34	512	500	12.65
67	5	512	500	12.69
67	10	512	500	19.82
67	14	512	500	14.04
67	16	512	500	25.18
67	18	512	500	15.02
67	19	512	500	11.73
67	20	512	500	7.16
67	21	512	500	15.38
67	31	512	500	10.15
67	32	512	500	10.79
68	5	512	500	10.68
68	14	512	500	9.90
68	16	512	500	9.60
68	20	512	500	11.10
68	26	512	500	10.57
68	34	512	500	10.85
68	35	512	500	11.59
69	6	512	500	11.71
69	7	512	500	9.99
69	15	512	500	13.02
69	16	512	500	13.07
69	18	512	500	9.14
69	20	512	500	10.80
69	22	512	500	10.27
69	24	512	500	13.05
69	29	512	500	13.13
69	34	512	500	23.51
70	13	512	500	8.39
70	15	512	500	12.72
70	16	512	500	13.30
70	18	512	500	8.02
70	20	512	500	8.80
70	25	512	500	10.36
70	30	512	500	14.68
70	34	512	500	38.88
71	13	512	500	16.83
71	15	512	500	7.34
71	19	512	500	14.58
71	20	512	500	9.75
71	21	512	500	9.53
71	25	512	500	13.91
71	26	512	500	11.17
71	27	512	500	13.78
71	30	512	500	16.93
71	32	512	500	16.13
71	33	512	500	12.20
72	4	512	500	8.57
72	11	512	500	11.18
72	14	512	500	10.59
72	18	512	500	6.49
72	19	512	500	6.57
72	25	512	500	17.10
72	26	512	500	4.76
72	29	512	500	6.33
72	31	512	500	9.70
72	32	512	500	6.58
72	33	512	500	9.26
72	35	512	500	9.70
73	6	512	500	7.15
73	7	512	500	6.94
73	15	512	500	6.57
73	23	512	500	5.38
73	30	512	500	8.09
73	31	512	500	11.45
74	6	512	500	9.51
74	15	512	500	16.08
74	27	512	500	15.49
74	28	512	500	19.00
75	14	512	500	9.85
75	18	512	500	11.62
75	21	512	500	14.88
75	24	512	500	18.56
75	34	512	500	9.57
75	35	512	500	12.42
76	8	512	500	17.13
76	14	512	500	10.41
76	15	512	500	10.87
76	18	512	500	14.29
76	22	512	500	11.34
76	24	512	500	13.82
76	28	512	500	13.01
76	31	512	500	17.25
76	33	512	500	15.52
77	7	512	500	11.88
77	16	512	500	10.32
77	18	512	500	13.10
77	21	512	500	11.15
77	22	512	500	16.09
77	23	512	500	11.42
77	33	512	500	9.33
78	13	512	500	12.75
78	23	512	500	8.46
78	31	512	500	14.15
78	32	512	500	12.64
79	8	512	500	14.42
79	27	512	500	13.77
79	30	512	500	14.93
79	32	512	500	12.87
79	34	512	500	14.87
80	22	512	500	11.12
80	26	512	500	11.55
80	28	512	500	8.75
80	30	512	500	17.51
81	11	512	500	9.20
81	13	512	500	10.75
81	15	512	500	6.78
81	16	512	500	11.06
81	32	512	500	9.62
81	35	512	500	8.18
82	11	512	500	7.57
82	15	512	500	9.94
82	23	512	500	5.92
82	29	512	500	19.66
83	9	512	500	9.93
83	11	512	500	8.50
83	12	512	500	7.46
83	15	512	500	8.24
83	17	512	500	8.86
83	22	512	500	14.04
83	24	512	500	17.85
83	29	512	500	7.41
83	30	512	500	8.10
83	32	512	500	9.33
84	7	512	500	5.83
84	13	512	500	9.60
84	18	512	500	8.33
84	19	512	500	8.21
84	21	512	500	8.89
84	28	512	500	7.36
84	29	512	500	8.63
84	30	512	500	9.06
84	34	512	500	8.99
84	35	512	500	7.82
85	17	512	500	9.71
85	19	512	500	5.95
85	22	512	500	9.12
85	31	512	500	7.91
86	9	512	500	10.77
86	10	512	500	9.24
86	19	512	500	10.34
86	20	512	500	28.15
86	23	512	500	12.06
86	25	512	500	25.98
86	31	512	500	15.03
87	9	512	500	27.16
87	11	512	500	19.08
87	17	512	500	13.46
87	20	512	500	14.49
87	22	512	500	29.48
87	23	512	500	19.66
87	35	512	500	15.50
88	7	512	500	11.14
88	9	512	500	10.92
88	16	512	500	10.14
88	23	512	500	43.12
88	26	512	500	13.19
88	28	512	500	14.03
88	29	512	500	9.88
88	30	512	500	26.50
89	9	512	500	16.65
89	13	512	500	14.61
89	30	512	500	17.63
89	34	512	500	12.34
89	35	512	500	13.03
90	14	512	500	16.33
90	30	512	500	51.45
90	31	512	500	11.75
90	33	512	500	16.72
91	13	512	500	9.55
91	27	512	500	9.08
91	35	512	500	13.30
92	5	512	500	17.81
92	15	512	500	12.90
92	18	512	500	9.71
92	21	512	500	19.61
92	23	512	500	35.54
92	25	512	500	16.93
92	26	512	500	11.27
93	7	512	500	13.61
93	9	512	500	11.89
93	10	512	500	18.77
93	13	512	500	11.27
93	17	512	500	10.98
93	20	512	500	8.98
93	25	512	500	16.45
93	26	512	500	17.03
93	27	512	500	11.42
94	12	512	500	8.77
94	17	512	500	14.49
94	20	512	500	9.27
94	22	512	500	12.67
94	24	512	500	20.74
94	27	512	500	10.33
94	29	512	500	9.71
94	34	512	500	14.31
95	9	512	500	12.79
95	21	512	500	14.10
95	25	512	500	17.12
95	33	512	500	11.69
95	35	512	500	13.65
96	4	512	500	11.44
96	8	512	500	10.26
96	11	512	500	10.70
96	21	512	500	9.08
96	29	512	500	8.91
96	31	512	500	12.95
96	35	512	500	12.33
97	7	512	500	8.60
97	9	512	500	9.27
97	14	512	500	7.99
97	17	512	500	12.06
97	28	512	500	18.08
97	31	512	500	9.92
97	33	512	500	10.07
97	34	512	500	18.17
98	10	512	500	9.16
98	20	512	500	12.88
98	25	512	500	12.91
98	26	512	500	10.46
98	31	512	500	11.30
98	33	512	500	7.91
99	10	512	500	14.59
99	17	512	500	10.78
99	21	512	500	8.45
99	23	512	500	11.74
99	24	512	500	14.95
99	27	512	500	14.02
99	28	512	500	14.04
99	29	512	500	24.81
100	5	512	500	7.73
100	14	512	500	7.39
100	15	512	500	20.41
100	18	512	500	8.14
100	20	512	500	10.92
100	22	512	500	12.89
100	27	512	500	8.42
100	32	512	500	17.64
100	33	512	500	18.49
101	5	512	500	8.55
101	6	512	500	8.38
101	9	512	500	8.08
101	14	512	500	6.61
101	18	512	500	7.44
101	21	512	500	11.47
101	25	512	500	4.57
101	26	512	500	9.27
101	27	512	500	7.65
101	28	512	500	6.18
101	29	512	500	9.29
101	31	512	500	12.00
101	33	512	500	9.27
102	8	512	500	6.06
102	14	512	500	5.86
102	24	512	500	9.53
102	34	512	500	8.10
102	35	512	500	9.94
103	9	512	500	10.00
103	21	512	500	12.45
103	25	512	500	14.93
103	30	512	500	15.61
104	15	512	500	13.82
104	16	512	500	10.17
104	17	512	500	16.37
104	20	512	500	11.20
104	22	512	500	16.09
104	29	512	500	13.75
104	31	512	500	24.43
104	33	512	500	12.31
104	34	512	500	13.38
105	9	512	500	11.47
105	17	512	500	11.28
105	23	512	500	14.12
105	25	512	500	13.73
105	28	512	500	19.65
105	32	512	500	10.16
106	12	512	500	10.12
106	19	512	500	11.23
106	23	512	500	12.59
106	27	512	500	15.96
106	31	512	500	20.49
106	33	512	500	13.36
106	34	512	500	16.11
107	16	512	500	10.64
107	17	512	500	13.72
107	28	512	500	10.46
107	30	512	500	14.03
107	31	512	500	12.69
107	35	512	500	13.71
108	7	512	500	13.84
108	10	512	500	13.50
108	19	512	500	13.65
108	27	512	500	13.92
108	30	512	500	11.73
109	15	512	500	37.94
109	17	512	500	15.35
109	26	512	500	45.04
109	28	512	500	12.59
109	29	512	500	12.17
109	35	512	500	17.39
110	6	512	500	9.02
110	10	512	500	10.52
110	21	512	500	12.14
110	24	512	500	12.75
110	25	512	500	13.46
110	34	512	500	13.93
111	20	512	500	10.80
111	22	512	500	11.55
111	29	512	500	11.83
112	9	512	500	13.24
112	13	512	500	12.41
112	14	512	500	12.30
112	19	512	500	16.17
112	20	512	500	26.03
112	23	512	500	9.41
112	25	512	500	14.16
112	26	512	500	10.49
112	30	512	500	20.00
112	32	512	500	17.63
113	8	512	500	10.15
113	18	512	500	36.26
113	20	512	500	13.61
113	22	512	500	11.18
113	23	512	500	14.93
113	25	512	500	9.89
113	31	512	500	17.74
114	6	512	500	29.74
114	21	512	500	20.45
114	24	512	500	12.05
114	27	512	500	11.18
114	30	512	500	10.61
114	33	512	500	32.74
114	35	512	500	10.35
115	10	512	500	15.86
115	16	512	500	12.19
115	17	512	500	26.18
115	24	512	500	18.49
115	26	512	500	17.04
115	27	512	500	15.02
115	32	512	500	10.65
115	35	512	500	10.61
116	26	512	500	12.00
116	27	512	500	11.77
117	10	512	500	10.37
117	11	512	500	34.05
117	19	512	500	12.17
117	26	512	500	9.27
117	27	512	500	11.37
118	14	512	500	8.48
118	15	512	500	8.45
118	16	512	500	9.73
118	28	512	500	11.59
119	8	512	500	13.15
119	9	512	500	12.56
119	17	512	500	9.69
119	18	512	500	11.31
119	22	512	500	10.47
119	27	512	500	16.75
119	31	512	500	10.32
120	10	512	500	12.78
120	13	512	500	12.49
120	16	512	500	17.88
120	17	512	500	13.86
120	19	512	500	7.50
120	23	512	500	11.87
120	25	512	500	11.09
120	28	512	500	8.18
120	29	512	500	13.62
120	30	512	500	9.53
121	7	512	500	8.77
121	12	512	500	8.61
121	17	512	500	9.24
121	18	512	500	10.76
121	20	512	500	16.25
121	30	512	500	11.06
121	35	512	500	12.44
122	5	512	500	11.34
122	6	512	500	9.79
122	7	512	500	12.22
122	11	512	500	9.78
122	12	512	500	9.64
122	14	512	500	11.07
122	17	512	500	17.19
122	18	512	500	12.34
122	21	512	500	13.97
122	28	512	500	10.04
122	31	512	500	13.45
123	8	512	500	7.91
123	15	512	500	13.54
123	22	512	500	9.31
123	23	512	500	7.28
123	24	512	500	8.99
123	25	512	500	10.49
123	28	512	500	9.90
123	31	512	500	10.54
123	35	512	500	11.58
124	10	512	500	12.67
124	20	512	500	11.05
124	22	512	500	9.14
124	25	512	500	9.25
124	26	512	500	9.91
124	31	512	500	8.23
125	9	512	500	21.61
125	17	512	500	11.72
125	20	512	500	11.66
125	30	512	500	8.31
125	31	512	500	7.26
125	35	512	500	10.85
126	25	512	500	12.66
126	31	512	500	7.96
126	32	512	500	7.18
126	33	512	500	7.17
127	24	512	500	6.68
127	26	512	500	6.60
127	29	512	500	5.20
127	31	512	500	7.25
127	33	512	500	10.75
127	34	512	500	6.18
128	8	512	500	11.77
128	14	512	500	6.45
128	16	512	500	6.00
128	27	512	500	5.72
128	29	512	500	6.56
128	30	512	500	5.88
128	33	512	500	7.37
129	6	512	500	15.41
129	10	512	500	15.21
129	18	512	500	14.08
129	19	512	500	13.60
129	23	512	500	23.07
129	26	512	500	19.63
129	30	512	500	15.47
129	32	512	500	30.73
130	8	512	500	12.40
130	12	512	500	13.06
130	16	512	500	42.49
130	27	512	500	18.36
130	31	512	500	22.85
131	13	512	500	16.68
131	17	512	500	16.37
131	21	512	500	18.67
131	22	512	500	20.04
131	25	512	500	15.67
131	30	512	500	17.00
132	6	512	500	29.44
132	7	512	500	14.34
132	10	512	500	12.21
132	32	512	500	69.05
132	35	512	500	17.54
133	14	512	500	26.34
133	26	512	500	15.08
133	29	512	500	29.12
133	30	512	500	12.11
134	13	512	500	12.56
134	14	512	500	15.48
134	23	512	500	13.67
134	25	512	500	14.62
134	28	512	500	18.01
135	15	512	500	12.66
135	16	512	500	13.21
135	29	512	500	12.78
135	30	512	500	14.11
136	12	512	500	15.24
136	19	512	500	15.39
136	21	512	500	36.48
136	25	512	500	21.55
136	27	512	500	20.44
136	30	512	500	14.90
136	32	512	500	17.17
136	35	512	500	14.09
137	9	512	500	13.72
137	16	512	500	12.43
137	18	512	500	19.82
137	20	512	500	19.85
137	22	512	500	12.15
137	28	512	500	18.11
138	13	512	500	12.28
138	21	512	500	14.83
138	26	512	500	16.97
138	29	512	500	17.55
138	31	512	500	24.88
138	35	512	500	16.39
139	10	512	500	12.94
139	15	512	500	17.95
139	24	512	500	49.59
139	29	512	500	12.57
140	22	512	500	14.90
140	23	512	500	16.21
140	26	512	500	20.05
141	15	512	500	45.20
141	21	512	500	14.36
141	25	512	500	19.81
141	29	512	500	13.73
141	31	512	500	15.80
141	34	512	500	12.37
142	12	512	500	14.53
142	18	512	500	10.76
142	21	512	500	16.92
142	22	512	500	10.68
142	26	512	500	16.52
142	28	512	500	16.21
142	31	512	500	16.77
142	33	512	500	14.39
142	34	512	500	15.08
143	6	512	500	20.31
143	14	512	500	11.98
143	17	512	500	11.29
143	18	512	500	14.73
143	26	512	500	15.11
143	27	512	500	15.65
143	33	512	500	17.10
144	7	512	500	10.80
144	16	512	500	16.38
144	17	512	500	10.27
144	18	512	500	13.85
144	19	512	500	19.09
144	22	512	500	13.86
144	30	512	500	13.08
145	8	512	500	12.07
145	9	512	500	14.25
145	16	512	500	11.93
145	28	512	500	17.39
145	31	512	500	21.04
146	21	512	500	20.29
146	29	512	500	12.76
146	31	512	500	14.88
147	16	512	500	12.15
147	17	512	500	21.87
147	21	512	500	13.16
147	33	512	500	17.38
147	34	512	500	60.48
148	10	512	500	10.11
148	13	512	500	11.60
148	16	512	500	15.53
148	17	512	500	20.04
148	18	512	500	10.16
148	19	512	500	13.90
148	23	512	500	11.80
148	24	512	500	11.17
148	25	512	500	17.02
148	27	512	500	23.78
148	34	512	500	28.31
148	35	512	500	12.98
149	15	512	500	10.56
149	17	512	500	17.44
149	18	512	500	11.70
149	20	512	500	10.38
149	21	512	500	12.47
149	32	512	500	16.51
149	35	512	500	15.07
150	11	512	500	30.67
150	12	512	500	15.26
150	17	512	500	17.20
150	20	512	500	17.93
150	26	512	500	17.71
150	28	512	500	19.67
151	18	512	500	15.42
151	19	512	500	12.77
151	21	512	500	18.56
152	17	512	500	22.66
152	19	512	500	15.04
152	23	512	500	12.57
152	24	512	500	18.59
152	31	512	500	11.50
153	9	512	500	16.84
153	10	512	500	13.43
153	11	512	500	16.60
153	12	512	500	13.42
153	24	512	500	20.12
153	28	512	500	9.56
153	33	512	500	10.40
154	8	512	500	16.61
154	9	512	500	26.61
154	11	512	500	15.97
154	16	512	500	15.50
154	22	512	500	10.81
154	24	512	500	59.59
154	31	512	500	13.35
154	34	512	500	18.97
155	11	512	500	13.32
155	12	512	500	10.26
155	22	512	500	12.69
155	25	512	500	12.86
155	26	512	500	19.25
155	32	512	500	11.13
155	35	512	500	10.78
156	20	512	500	15.52
156	21	512	500	10.42
156	23	512	500	12.28
156	26	512	500	9.90
157	6	512	500	12.69
157	7	512	500	13.58
157	8	512	500	13.44
157	9	512	500	12.85
157	17	512	500	12.44
157	21	512	500	20.68
157	23	512	500	10.55
157	25	512	500	12.48
157	27	512	500	16.59
157	31	512	500	17.03
158	16	512	500	14.03
158	23	512	500	17.09
158	24	512	500	8.95
158	29	512	500	13.60
159	13	512	500	8.92
159	20	512	500	21.48
159	24	512	500	19.05
159	27	512	500	16.49
159	34	512	500	11.52
160	11	512	500	10.37
160	17	512	500	9.78
160	22	512	500	12.84
160	31	512	500	9.42
161	9	512	500	11.60
161	20	512	500	8.93
161	22	512	500	9.96
161	35	512	500	11.40
162	11	512	500	12.89
162	20	512	500	11.24
162	21	512	500	10.93
162	25	512	500	16.38
162	26	512	500	15.60
162	30	512	500	13.57
162	35	512	500	63.43
163	15	512	500	13.30
163	17	512	500	13.58
163	24	512	500	10.99
163	33	512	500	12.12
164	13	512	500	14.92
164	17	512	500	13.78
164	24	512	500	13.77
164	27	512	500	14.35
164	30	512	500	15.23
164	32	512	500	17.24
164	33	512	500	19.24
164	35	512	500	16.72
165	16	512	500	11.97
165	22	512	500	14.53
165	23	512	500	22.59
165	32	512	500	11.64
166	12	512	500	10.52
166	16	512	500	11.28
166	20	512	500	11.37
166	22	512	500	22.54
167	14	512	500	14.35
167	15	512	500	10.01
167	19	512	500	9.96
167	25	512	500	9.34
167	30	512	500	10.13
167	34	512	500	12.24
168	15	512	500	9.24
168	18	512	500	7.24
168	24	512	500	19.54
168	25	512	500	43.70
168	27	512	500	9.36
168	31	512	500	10.02
168	32	512	500	10.24
168	34	512	500	7.92
169	14	512	500	20.24
169	15	512	500	8.09
169	20	512	500	5.70
169	21	512	500	12.76
169	24	512	500	21.46
169	32	512	500	8.66
169	35	512	500	8.03
170	15	512	500	7.27
170	18	512	500	15.65
170	22	512	500	7.30
170	24	512	500	7.63
170	27	512	500	8.64
170	31	512	500	53.67
170	34	512	500	12.16
171	10	512	500	20.82
171	24	512	500	17.93
171	31	512	500	17.45
171	32	512	500	22.88
171	34	512	500	20.16
172	19	512	500	28.89
172	24	512	500	14.76
172	27	512	500	18.94
172	31	512	500	17.07
172	32	512	500	20.33
172	34	512	500	20.64
173	17	512	500	17.54
173	23	512	500	16.87
173	29	512	500	18.16
174	9	512	500	25.43
174	18	512	500	16.56
174	24	512	500	17.02
174	33	512	500	15.23
175	22	512	500	20.12
175	24	512	500	16.19
175	25	512	500	21.08
175	31	512	500	17.76
176	17	512	500	18.98
176	25	512	500	18.63
176	26	512	500	21.68
176	27	512	500	30.34
176	34	512	500	22.34
177	11	512	500	22.33
177	12	512	500	17.41
177	15	512	500	15.74
177	27	512	500	19.95
178	10	512	500	16.62
178	13	512	500	22.06
178	14	512	500	17.72
178	15	512	500	17.55
178	20	512	500	20.37
178	21	512	500	16.31
178	23	512	500	19.97
178	24	512	500	19.24
178	33	512	500	19.02
178	35	512	500	17.05
179	9	512	500	20.31
179	12	512	500	14.37
179	23	512	500	18.92
179	25	512	500	17.79
179	26	512	500	20.72
179	27	512	500	16.60
179	29	512	500	20.33
180	11	512	500	20.35
180	13	512	500	17.54
180	16	512	500	22.07
180	20	512	500	21.96
180	24	512	500	64.68
180	27	512	500	33.71
180	28	512	500	42.80
180	32	512	500	73.85
181	20	512	500	20.85
181	22	512	500	14.12
181	25	512	500	18.96
182	17	512	500	16.90
182	22	512	500	21.53
182	23	512	500	25.66
182	26	512	500	16.81
182	28	512	500	20.60
182	32	512	500	28.29
182	35	512	500	17.83
183	11	512	500	16.11
183	21	512	500	13.81
183	27	512	500	16.06
183	29	512	500	18.57
183	31	512	500	22.78
184	8	512	500	18.57
184	13	512	500	14.35
184	21	512	500	20.46
184	22	512	500	17.86
184	24	512	500	22.64
184	26	512	500	17.34
185	10	512	500	17.71
185	11	512	500	14.51
185	13	512	500	18.89
185	22	512	500	19.29
185	23	512	500	21.68
185	25	512	500	17.24
185	30	512	500	17.76
186	13	512	500	19.47
186	22	512	500	17.99
186	26	512	500	53.51
186	30	512	500	14.37
187	12	512	500	15.33
187	15	512	500	17.46
187	18	512	500	21.61
187	26	512	500	38.18
187	31	512	500	29.23
188	9	512	500	18.23
188	12	512	500	17.50
188	16	512	500	16.05
188	21	512	500	23.19
188	35	512	500	15.20
189	10	512	500	19.53
189	11	512	500	24.82
189	18	512	500	21.26
189	20	512	500	14.25
189	28	512	500	28.64
189	32	512	500	16.44
190	12	512	500	16.90
190	14	512	500	20.52
190	25	512	500	17.17
191	10	512	500	20.05
191	14	512	500	20.47
191	17	512	500	49.37
191	28	512	500	17.07
191	29	512	500	14.19
191	33	512	500	19.58
191	35	512	500	21.30
192	13	512	500	18.04
192	16	512	500	12.43
192	19	512	500	15.23
192	20	512	500	17.05
192	23	512	500	21.33
192	26	512	500	14.87
192	27	512	500	72.25
192	32	512	500	21.08
192	33	512	500	13.71
192	35	512	500	23.17
193	17	512	500	15.84
193	18	512	500	19.18
193	22	512	500	13.94
193	26	512	500	13.43
193	27	512	500	14.77
193	29	512	500	19.44
193	32	512	500	15.26
194	10	512	500	16.89
194	12	512	500	45.80
194	13	512	500	17.94
194	14	512	500	22.00
194	22	512	500	25.24
194	23	512	500	14.90
194	29	512	500	24.19
194	35	512	500	18.00
195	20	512	500	16.63
195	25	512	500	19.61
195	26	512	500	18.16
195	29	512	500	16.55
195	30	512	500	21.32
195	31	512	500	12.57
196	17	512	500	14.27
196	25	512	500	22.54
196	28	512	500	14.59
196	29	512	500	20.58
196	30	512	500	17.55
197	8	512	500	18.17
197	13	512	500	20.62
197	16	512	500	16.00
197	17	512	500	16.28
197	24	512	500	19.22
197	26	512	500	17.42
197	32	512	500	18.13
197	33	512	500	15.85
197	34	512	500	16.71
198	10	512	500	17.26
198	20	512	500	37.54
198	23	512	500	14.89
199	15	512	500	16.74
199	18	512	500	17.50
199	27	512	500	13.25
199	29	512	500	18.00
199	31	512	500	20.30
200	15	512	500	58.56
200	26	512	500	14.75
201	19	512	500	10.91
201	26	512	500	52.72
201	29	512	500	21.67
201	32	512	500	22.62
202	11	512	500	12.13
202	15	512	500	16.46
202	22	512	500	12.99
202	29	512	500	32.88
203	15	512	500	28.39
203	17	512	500	18.48
203	22	512	500	21.48
203	26	512	500	20.60
203	31	512	500	15.77
204	9	512	500	16.32
204	12	512	500	17.16
204	16	512	500	21.31
204	20	512	500	14.95
204	22	512	500	12.87
204	23	512	500	16.03
204	25	512	500	17.39
204	26	512	500	14.72
204	30	512	500	31.26
204	32	512	500	15.15
205	11	512	500	13.60
205	17	512	500	12.36
205	20	512	500	11.94
205	28	512	500	17.58
205	29	512	500	11.82
205	34	512	500	12.51
206	13	512	500	12.59
206	18	512	500	25.77
206	21	512	500	23.67
206	25	512	500	36.84
206	27	512	500	16.29
207	12	512	500	12.95
207	22	512	500	72.51
207	23	512	500	22.22
207	30	512	500	17.62
207	33	512	500	22.00
208	18	512	500	11.77
208	22	512	500	62.59
208	28	512	500	11.88
208	29	512	500	11.68
208	32	512	500	11.92
209	15	512	500	14.23
209	17	512	500	12.02
209	19	512	500	17.02
209	24	512	500	13.94
209	27	512	500	26.67
209	28	512	500	14.55
209	30	512	500	27.18
209	35	512	500	19.07
210	27	512	500	15.25
210	30	512	500	22.28
210	31	512	500	61.07
210	32	512	500	20.40
210	34	512	500	15.26
211	14	512	500	16.03
211	20	512	500	15.06
211	21	512	500	12.39
211	30	512	500	15.11
211	32	512	500	18.85
211	34	512	500	19.34
212	14	512	500	10.13
212	17	512	500	20.60
212	26	512	500	17.37
213	13	512	500	11.90
213	20	512	500	23.09
213	25	512	500	13.35
213	28	512	500	15.09
213	35	512	500	13.65
214	22	512	500	15.94
214	24	512	500	13.48
214	28	512	500	15.61
215	33	512	500	15.17
216	14	512	500	41.20
216	18	512	500	16.26
216	20	512	500	11.50
216	25	512	500	16.36
216	29	512	500	21.05
216	34	512	500	11.12
216	35	512	500	12.02
217	18	512	500	19.02
217	22	512	500	17.82
217	28	512	500	11.70
218	9	512	500	13.73
218	16	512	500	14.23
218	17	512	500	12.21
218	20	512	500	17.85
218	21	512	500	18.84
218	25	512	500	15.98
218	29	512	500	14.26
218	32	512	500	24.43
219	19	512	500	14.46
219	32	512	500	14.28
220	12	512	500	16.56
220	15	512	500	25.67
220	20	512	500	12.27
220	22	512	500	14.42
220	30	512	500	15.31
220	32	512	500	14.66
220	33	512	500	12.68
221	29	512	500	11.89
221	30	512	500	13.41
222	11	512	500	22.12
222	19	512	500	14.64
222	25	512	500	31.47
222	26	512	500	17.10
222	27	512	500	12.63
222	30	512	500	15.40
223	12	512	500	18.06
223	18	512	500	19.47
223	19	512	500	9.22
223	24	512	500	11.52
223	31	512	500	23.75
224	20	512	500	17.88
224	27	512	500	15.25
224	31	512	500	16.59
224	32	512	500	27.92
225	16	512	500	17.60
225	18	512	500	17.11
225	22	512	500	15.56
225	32	512	500	25.02
225	34	512	500	14.05
225	35	512	500	14.28
226	19	512	500	33.41
226	26	512	500	11.89
226	28	512	500	20.48
226	30	512	500	15.61
226	35	512	500	19.86
227	15	512	500	9.24
227	17	512	500	13.02
227	18	512	500	31.88
227	19	512	500	19.43
227	32	512	500	46.03
227	34	512	500	18.28
228	24	512	500	12.38
229	12	512	500	14.41
229	16	512	500	18.16
229	24	512	500	22.09
229	29	512	500	28.25
230	15	512	500	13.56
230	22	512	500	17.38
230	27	512	500	12.73
230	33	512	500	12.05
230	35	512	500	20.71
231	13	512	500	10.31
231	18	512	500	19.24
231	20	512	500	19.97
231	23	512	500	13.19
231	30	512	500	18.69
232	20	512	500	18.98
232	25	512	500	18.15
232	27	512	500	9.35
232	29	512	500	18.62
233	18	512	500	24.31
233	25	512	500	21.06
233	28	512	500	16.53
233	31	512	500	11.93
234	20	512	500	14.16
234	25	512	500	12.15
234	26	512	500	14.18
234	29	512	500	13.23
234	30	512	500	16.74
234	32	512	500	13.73
234	35	512	500	13.42
235	23	512	500	15.35
236	13	512	500	14.04
236	16	512	500	11.22
236	27	512	500	23.63
236	30	512	500	10.79
236	32	512	500	10.77
236	35	512	500	18.31
237	13	512	500	16.61
237	27	512	500	13.50
238	10	512	500	12.88
238	14	512	500	22.79
238	23	512	500	13.54
238	24	512	500	63.77
239	10	512	500	30.87
239	16	512	500	14.39
239	17	512	500	24.05
239	18	512	500	9.66
239	19	512	500	15.43
239	20	512	500	65.73
239	24	512	500	24.14
239	31	512	500	40.94
239	33	512	500	14.90
240	11	512	500	10.48
240	14	512	500	29.07
240	25	512	500	11.21
240	31	512	500	16.10
241	13	512	500	10.20
241	20	512	500	11.69
241	23	512	500	12.79
241	28	512	500	11.12
241	35	512	500	13.10
242	29	512	500	23.22
242	32	512	500	9.55
242	35	512	500	18.91
243	11	512	500	14.06
243	20	512	500	17.13
243	24	512	500	11.96
243	32	512	500	13.20
244	12	512	500	8.72
244	23	512	500	11.79
244	24	512	500	11.99
244	30	512	500	14.24
245	18	512	500	12.68
245	26	512	500	15.56
245	27	512	500	15.88
246	12	512	500	12.15
246	30	512	500	15.89
247	25	512	500	13.25
247	30	512	500	18.10
247	35	512	500	24.21
248	17	512	500	16.78
248	20	512	500	15.47
248	24	512	500	20.00
248	31	512	500	10.73
249	17	512	500	12.60
249	19	512	500	15.16
249	22	512	500	12.96
249	23	512	500	11.35
249	26	512	500	66.95
249	31	512	500	15.30
249	32	512	500	10.92
250	20	512	500	11.99
250	24	512	500	11.51
250	28	512	500	20.64
250	30	512	500	11.35
251	20	512	500	30.52
251	29	512	500	29.11
251	32	512	500	13.50
251	34	512	500	8.97
252	13	512	500	11.86
252	29	512	500	7.56
253	14	512	500	11.76
253	15	512	500	6.06
253	18	512	500	79.84
253	19	512	500	51.45
253	28	512	500	8.05
253	30	512	500	6.95
253	31	512	500	8.48
253	33	512	500	10.15
254	16	512	500	5.98
254	17	512	500	9.54
254	22	512	500	6.80
254	25	512	500	7.98
254	27	512	500	7.20
254	32	512	500	10.15
254	35	512	500	8.56
255	11	512	500	15.26
255	28	512	500	10.46
255	29	512	500	8.38
255	33	512	500	6.07
255	34	512	500	7.40
256	33	512	500	9.80
256	34	512	500	35.95
257	20	512	500	38.38
257	26	512	500	27.07
257	28	512	500	69.20
257	29	512	500	23.58
257	31	512	500	26.44
257	32	512	500	25.19
258	26	512	500	43.40
259	11	512	500	28.29
259	31	512	500	24.01
259	35	512	500	24.52
260	16	512	500	23.12
260	26	512	500	29.49
261	16	512	500	27.61
262	12	512	500	19.26
262	13	512	500	42.72
262	19	512	500	22.79
262	22	512	500	288.22
262	25	512	500	48.60
263	16	512	500	23.51
263	17	512	500	23.08
263	31	512	500	30.86
264	17	512	500	18.99
264	18	512	500	31.11
264	24	512	500	29.00
264	25	512	500	21.82
264	26	512	500	26.73
264	28	512	500	24.02
264	32	512	500	26.17
264	33	512	500	24.35
264	34	512	500	25.83
266	22	512	500	32.03
266	23	512	500	22.85
266	25	512	500	29.60
266	29	512	500	21.55
267	21	512	500	23.15
267	25	512	500	33.02
267	27	512	500	26.69
267	34	512	500	30.88
268	13	512	500	25.78
268	19	512	500	18.65
269	17	512	500	27.80
269	20	512	500	22.97
269	21	512	500	22.58
269	23	512	500	23.92
269	24	512	500	22.57
269	29	512	500	48.62
270	23	512	500	33.18
271	18	512	500	21.61
271	19	512	500	25.07
271	25	512	500	27.65
271	31	512	500	22.53
271	32	512	500	23.76
271	33	512	500	23.02
272	14	512	500	18.92
272	17	512	500	23.36
272	29	512	500	28.71
272	30	512	500	20.76
272	31	512	500	20.11
273	18	512	500	23.16
273	23	512	500	24.02
273	24	512	500	20.91
273	28	512	500	30.92
273	29	512	500	21.40
273	34	512	500	21.79
274	15	512	500	19.82
274	23	512	500	28.67
274	30	512	500	27.34
274	31	512	500	24.19
274	33	512	500	20.63
274	34	512	500	26.90
275	14	512	500	28.39
275	18	512	500	32.87
275	25	512	500	27.39
275	32	512	500	24.40
275	34	512	500	21.23
276	10	512	500	23.89
276	22	512	500	21.70
276	24	512	500	27.28
276	28	512	500	21.87
277	11	512	500	21.64
277	15	512	500	57.06
277	22	512	500	22.43
277	30	512	500	24.80
277	31	512	500	29.28
278	17	512	500	31.13
278	26	512	500	65.46
278	28	512	500	20.94
279	19	512	500	19.58
279	22	512	500	28.06
279	23	512	500	19.10
279	26	512	500	26.77
279	28	512	500	23.56
280	11	512	500	24.48
280	17	512	500	22.42
280	24	512	500	26.42
280	25	512	500	24.98
280	35	512	500	28.37
281	33	512	500	20.33
282	12	512	500	24.07
282	15	512	500	21.53
282	16	512	500	23.59
282	24	512	500	28.00
282	30	512	500	28.30
282	31	512	500	22.53
283	17	512	500	24.63
283	23	512	500	21.35
284	14	512	500	22.15
284	26	512	500	20.97
284	28	512	500	22.91
284	29	512	500	31.87
284	34	512	500	26.29
285	20	512	500	21.92
285	25	512	500	26.09
285	31	512	500	24.14
285	33	512	500	28.39
286	21	512	500	25.20
286	29	512	500	35.62
286	32	512	500	28.39
287	18	512	500	25.12
287	22	512	500	25.16
287	30	512	500	18.59
287	35	512	500	27.59
288	15	512	500	21.54
288	29	512	500	21.66
288	32	512	500	21.37
289	12	512	500	20.40
289	17	512	500	28.44
289	19	512	500	18.62
290	14	512	500	23.74
290	19	512	500	24.21
290	22	512	500	16.49
290	26	512	500	25.74
290	27	512	500	26.02
290	29	512	500	29.20
290	32	512	500	29.10
291	24	512	500	22.45
291	30	512	500	26.25
291	35	512	500	47.16
292	21	512	500	59.74
292	24	512	500	17.81
292	27	512	500	21.45
292	28	512	500	25.42
292	30	512	500	20.47
292	34	512	500	25.27
292	35	512	500	24.69
293	20	512	500	23.51
293	22	512	500	22.19
293	34	512	500	26.95
294	22	512	500	19.93
294	24	512	500	24.15
294	27	512	500	53.11
294	33	512	500	22.15
295	16	512	500	26.67
295	22	512	500	64.16
295	28	512	500	21.97
295	30	512	500	28.61
295	31	512	500	26.88
295	33	512	500	24.46
295	35	512	500	23.77
296	25	512	500	53.77
296	28	512	500	27.04
296	35	512	500	16.90
297	11	512	500	23.78
297	19	512	500	18.82
297	22	512	500	48.43
297	27	512	500	17.60
297	32	512	500	26.61
297	33	512	500	23.21
297	34	512	500	21.57
298	16	512	500	19.61
298	23	512	500	18.30
298	30	512	500	22.80
299	13	512	500	22.62
299	16	512	500	64.47
299	22	512	500	29.78
299	32	512	500	16.34
299	35	512	500	32.46
300	22	512	500	38.33
300	30	512	500	26.83
300	31	512	500	17.86
300	35	512	500	23.47
301	20	512	500	24.03
301	24	512	500	31.09
301	27	512	500	31.13
301	29	512	500	21.79
302	21	512	500	25.32
302	22	512	500	63.46
303	21	512	500	19.75
304	19	512	500	25.89
304	21	512	500	17.06
304	23	512	500	23.88
304	25	512	500	37.42
304	33	512	500	25.22
305	21	512	500	17.62
305	22	512	500	23.48
305	29	512	500	19.41
305	31	512	500	28.60
305	34	512	500	31.79
306	17	512	500	24.56
306	26	512	500	20.26
306	33	512	500	22.55
307	19	512	500	24.81
307	26	512	500	99.75
307	32	512	500	64.85
308	22	512	500	20.13
308	24	512	500	17.51
308	27	512	500	15.23
308	31	512	500	23.91
308	32	512	500	21.86
309	25	512	500	24.03
309	30	512	500	19.17
309	32	512	500	18.08
310	24	512	500	34.81
311	18	512	500	31.50
311	24	512	500	48.51
311	32	512	500	23.54
311	33	512	500	16.70
312	20	512	500	20.39
312	22	512	500	19.98
312	27	512	500	25.34
312	28	512	500	22.48
312	29	512	500	30.14
312	32	512	500	30.20
313	15	512	500	14.70
313	30	512	500	23.18
314	23	512	500	20.71
314	24	512	500	21.80
314	25	512	500	41.77
314	29	512	500	81.98
314	35	512	500	29.21
315	27	512	500	27.68
315	29	512	500	24.46
315	32	512	500	26.07
315	33	512	500	30.40
316	22	512	500	26.59
316	24	512	500	18.35
316	33	512	500	21.32
316	35	512	500	26.41
317	25	512	500	17.14
317	30	512	500	23.80
317	32	512	500	23.26
318	30	512	500	30.06
319	20	512	500	43.45
319	34	512	500	22.78
320	24	512	500	23.84
320	28	512	500	27.67
320	30	512	500	24.06
320	31	512	500	41.79
320	32	512	500	21.41
320	33	512	500	23.03
321	26	512	500	19.29
322	23	512	500	30.94
322	24	512	500	21.14
322	26	512	500	21.14
322	31	512	500	30.02
322	33	512	500	24.41
323	13	512	500	18.61
323	26	512	500	33.91
323	33	512	500	21.95
323	34	512	500	25.34
324	18	512	500	20.77
324	28	512	500	28.30
324	29	512	500	15.23
324	33	512	500	19.21
325	29	512	500	35.11
325	30	512	500	24.62
325	35	512	500	25.77
326	15	512	500	19.40
326	21	512	500	23.23
326	23	512	500	20.79
326	28	512	500	17.26
327	33	512	500	20.61
328	17	512	500	24.33
328	22	512	500	19.29
328	23	512	500	15.78
328	35	512	500	21.21
329	18	512	500	17.15
329	22	512	500	24.63
329	29	512	500	25.81
329	30	512	500	18.82
330	24	512	500	19.94
330	28	512	500	19.33
331	20	512	500	25.15
331	26	512	500	20.71
331	28	512	500	20.80
331	31	512	500	21.81
331	33	512	500	23.19
331	35	512	500	16.85
332	21	512	500	19.23
332	33	512	500	18.54
333	18	512	500	24.00
333	26	512	500	28.44
333	27	512	500	18.10
333	30	512	500	16.33
333	32	512	500	21.42
333	34	512	500	18.96
333	35	512	500	15.77
334	19	512	500	28.16
334	28	512	500	22.01
334	34	512	500	61.14
335	22	512	500	32.60
335	28	512	500	31.08
335	34	512	500	25.20
336	12	512	500	24.08
336	21	512	500	22.25
336	25	512	500	16.70
336	30	512	500	17.83
337	17	512	500	41.20
337	20	512	500	20.87
337	29	512	500	15.86
337	32	512	500	18.32
338	25	512	500	40.12
338	33	512	500	18.66
338	34	512	500	17.35
338	35	512	500	25.09
339	16	512	500	17.20
339	18	512	500	17.12
339	23	512	500	29.49
339	25	512	500	18.57
339	31	512	500	23.38
339	32	512	500	26.63
339	33	512	500	18.75
339	35	512	500	20.10
340	23	512	500	19.02
340	30	512	500	24.84
340	32	512	500	34.03
340	34	512	500	22.55
340	35	512	500	19.07
341	22	512	500	22.39
341	29	512	500	19.39
341	30	512	500	25.55
342	23	512	500	17.31
342	30	512	500	22.00
342	34	512	500	29.12
343	23	512	500	23.57
343	34	512	500	23.22
343	35	512	500	22.75
344	20	512	500	23.75
344	21	512	500	22.18
344	26	512	500	28.96
344	29	512	500	26.46
345	23	512	500	15.64
345	34	512	500	20.51
345	35	512	500	22.25
346	19	512	500	19.55
346	20	512	500	22.43
346	26	512	500	34.73
347	30	512	500	19.83
349	34	512	500	24.10
350	24	512	500	18.59
350	34	512	500	23.14
351	16	512	500	19.06
352	16	512	500	23.81
352	26	512	500	20.91
352	31	512	500	16.58
352	34	512	500	18.57
352	35	512	500	22.17
354	14	512	500	16.26
354	17	512	500	16.38
354	30	512	500	22.15
354	31	512	500	26.20
354	34	512	500	16.13
355	22	512	500	23.31
355	25	512	500	21.76
355	26	512	500	16.28
355	27	512	500	53.27
355	28	512	500	19.74
355	33	512	500	61.48
356	18	512	500	32.25
356	20	512	500	17.80
356	21	512	500	32.42
356	34	512	500	17.40
357	20	512	500	18.08
357	21	512	500	17.85
357	24	512	500	22.36
357	29	512	500	17.06
357	32	512	500	14.42
358	20	512	500	18.04
358	33	512	500	23.98
359	14	512	500	20.05
359	21	512	500	28.90
359	23	512	500	28.75
359	26	512	500	15.35
359	32	512	500	25.69
360	16	512	500	20.25
360	23	512	500	15.77
360	33	512	500	17.74
360	34	512	500	21.92
361	29	512	500	34.12
361	30	512	500	20.21
361	31	512	500	22.96
361	33	512	500	21.40
362	19	512	500	17.60
362	22	512	500	16.12
362	27	512	500	17.50
363	19	512	500	23.25
363	23	512	500	18.18
363	28	512	500	41.57
363	34	512	500	26.70
364	29	512	500	17.96
364	32	512	500	19.34
364	34	512	500	18.54
364	35	512	500	18.60
365	24	512	500	16.72
366	15	512	500	21.16
366	21	512	500	19.48
366	23	512	500	16.06
366	27	512	500	20.52
366	28	512	500	17.69
366	31	512	500	18.95
367	17	512	500	16.97
367	24	512	500	17.97
367	25	512	500	20.81
367	26	512	500	18.08
367	31	512	500	19.15
368	22	512	500	16.78
368	32	512	500	20.18
369	30	512	500	17.18
370	25	512	500	24.18
371	15	512	500	16.52
371	18	512	500	20.10
371	27	512	500	15.21
372	18	512	500	15.03
372	19	512	500	16.15
373	21	512	500	17.51
373	35	512	500	25.32
375	24	512	500	20.36
375	33	512	500	26.05
375	34	512	500	15.31
376	19	512	500	18.62
376	22	512	500	20.46
376	35	512	500	18.17
377	20	512	500	27.15
377	28	512	500	17.94
377	32	512	500	19.85
378	20	512	500	17.96
378	22	512	500	21.26
379	15	512	500	19.05
379	17	512	500	22.19
379	25	512	500	18.02
379	27	512	500	20.64
379	31	512	500	44.69
380	22	512	500	13.59
380	32	512	500	17.32
381	16	512	500	23.51
381	20	512	500	74.58
381	24	512	500	23.95
381	26	512	500	17.89
381	28	512	500	64.23
381	30	512	500	33.19
382	24	512	500	28.63
382	29	512	500	17.96
382	31	512	500	14.49
384	15	512	500	22.87
384	19	512	500	15.25
384	22	512	500	29.71
384	27	512	500	17.64
384	28	512	500	37.61
384	30	512	500	13.63
384	33	512	500	13.86
385	19	512	500	15.05
386	15	512	500	69.53
386	29	512	500	13.86
386	34	512	500	15.09
387	19	512	500	47.92
387	28	512	500	18.62
387	35	512	500	28.40
389	23	512	500	25.53
389	28	512	500	19.90
389	31	512	500	25.88
389	34	512	500	24.92
389	35	512	500	14.76
390	33	512	500	20.69
391	21	512	500	19.84
391	28	512	500	16.87
391	34	512	500	27.31
392	20	512	500	14.95
392	21	512	500	20.70
392	22	512	500	14.76
392	28	512	500	21.59
393	29	512	500	27.62
393	31	512	500	21.40
393	35	512	500	16.22
394	20	512	500	14.49
394	28	512	500	21.23
394	33	512	500	24.50
394	35	512	500	94.95
395	18	512	500	16.20
395	23	512	500	16.30
396	18	512	500	15.47
396	26	512	500	24.13
396	34	512	500	23.22
397	17	512	500	13.36
397	35	512	500	15.98
398	18	512	500	19.13
398	27	512	500	15.44
398	28	512	500	14.01
399	21	512	500	22.58
399	28	512	500	22.83
401	23	512	500	22.90
401	24	512	500	17.97
401	26	512	500	25.81
401	29	512	500	15.44
402	24	512	500	25.81
403	15	512	500	16.71
403	17	512	500	19.79
403	26	512	500	22.38
403	27	512	500	21.98
403	31	512	500	24.30
404	33	512	500	13.75
405	32	512	500	16.05
406	15	512	500	13.17
406	19	512	500	17.68
407	21	512	500	23.32
407	25	512	500	18.39
407	28	512	500	17.96
408	28	512	500	18.99
409	28	512	500	23.72
409	34	512	500	28.77
410	24	512	500	15.38
410	35	512	500	22.45
411	19	512	500	14.97
411	28	512	500	23.64
411	32	512	500	24.18
411	34	512	500	13.42
411	35	512	500	18.07
412	24	512	500	19.66
412	30	512	500	20.78
412	34	512	500	17.27
412	35	512	500	25.18
413	24	512	500	13.78
413	33	512	500	23.15
414	17	512	500	26.60
414	20	512	500	27.49
414	21	512	500	14.03
414	24	512	500	15.77
415	23	512	500	14.33
415	26	512	500	19.26
415	29	512	500	15.39
416	31	512	500	16.98
416	32	512	500	101.76
416	35	512	500	15.11
417	18	512	500	14.40
417	25	512	500	45.03
417	26	512	500	14.54
417	28	512	500	35.96
418	29	512	500	12.42
418	32	512	500	14.14
419	20	512	500	16.92
419	23	512	500	22.11
419	24	512	500	21.51
419	27	512	500	32.79
419	30	512	500	14.72
421	28	512	500	12.39
421	33	512	500	16.97
421	35	512	500	18.25
422	21	512	500	14.36
422	35	512	500	17.64
423	20	512	500	34.70
423	28	512	500	39.87
424	22	512	500	14.56
425	31	512	500	21.41
425	32	512	500	18.47
425	33	512	500	18.39
427	23	512	500	19.22
427	25	512	500	84.95
427	27	512	500	20.14
427	31	512	500	25.44
428	29	512	500	30.91
428	32	512	500	17.93
429	29	512	500	16.99
429	30	512	500	11.76
429	32	512	500	31.94
429	33	512	500	13.33
431	21	512	500	19.69
432	21	512	500	15.69
432	25	512	500	14.28
432	30	512	500	21.74
432	35	512	500	25.51
433	23	512	500	19.66
433	28	512	500	14.06
434	27	512	500	20.18
434	31	512	500	19.84
434	33	512	500	33.27
435	22	512	500	18.43
435	28	512	500	12.61
436	17	512	500	18.76
436	28	512	500	19.05
436	35	512	500	19.01
437	23	512	500	14.69
437	25	512	500	36.07
437	31	512	500	15.28
437	32	512	500	22.96
438	28	512	500	14.95
438	29	512	500	19.24
439	21	512	500	12.29
439	32	512	500	18.24
439	33	512	500	25.21
439	34	512	500	16.18
440	22	512	500	15.61
440	26	512	500	11.60
441	23	512	500	15.54
442	32	512	500	19.28
442	34	512	500	18.48
443	28	512	500	12.51
445	28	512	500	15.46
446	18	512	500	30.08
446	24	512	500	67.56
446	28	512	500	29.22
446	31	512	500	13.18
447	22	512	500	17.82
447	24	512	500	20.18
447	33	512	500	14.41
448	24	512	500	15.20
448	26	512	500	18.78
448	35	512	500	15.12
449	16	512	500	72.83
449	20	512	500	19.87
449	23	512	500	27.16
449	35	512	500	27.21
450	18	512	500	17.34
450	28	512	500	19.40
450	35	512	500	24.85
451	23	512	500	16.68
451	25	512	500	16.62
451	27	512	500	15.71
452	28	512	500	69.22
453	27	512	500	33.81
453	29	512	500	12.31
454	33	512	500	18.65
456	25	512	500	19.01
456	34	512	500	16.73
456	35	512	500	15.18
457	35	512	500	9.80
459	21	512	500	12.99
459	25	512	500	60.24
460	27	512	500	23.71
460	28	512	500	11.43
462	35	512	500	19.65
463	26	512	500	14.16
463	30	512	500	20.89
464	22	512	500	28.24
464	23	512	500	12.54
464	24	512	500	12.17
464	26	512	500	18.29
464	27	512	500	16.59
464	30	512	500	12.77
465	23	512	500	31.34
465	30	512	500	20.97
465	31	512	500	15.77
465	34	512	500	13.67
466	31	512	500	15.12
468	32	512	500	25.15
469	29	512	500	12.43
469	32	512	500	16.66
470	17	512	500	11.81
470	20	512	500	16.89
471	28	512	500	15.21
471	35	512	500	11.55
472	33	512	500	28.73
472	34	512	500	18.13
473	21	512	500	16.31
473	31	512	500	15.14
473	33	512	500	13.84
475	23	512	500	104.86
475	28	512	500	16.55
476	19	512	500	16.26
476	22	512	500	13.95
476	31	512	500	15.60
477	31	512	500	12.59
477	34	512	500	19.06
478	24	512	500	15.61
478	30	512	500	17.98
479	31	512	500	14.05
479	34	512	500	25.63
480	24	512	500	12.37
480	30	512	500	17.64
481	18	512	500	23.74
481	23	512	500	18.98
481	34	512	500	19.57
481	35	512	500	12.60
482	21	512	500	13.61
482	32	512	500	14.01
482	34	512	500	68.85
483	22	512	500	14.88
483	25	512	500	17.22
483	26	512	500	16.56
483	27	512	500	13.13
483	29	512	500	15.47
484	29	512	500	12.93
484	30	512	500	20.10
484	35	512	500	13.48
485	30	512	500	15.87
485	31	512	500	19.62
485	34	512	500	20.97
486	18	512	500	11.22
486	32	512	500	14.42
486	34	512	500	23.86
487	20	512	500	16.31
487	26	512	500	16.14
487	33	512	500	13.81
488	23	512	500	10.59
488	28	512	500	22.89
488	32	512	500	13.94
488	34	512	500	29.49
488	35	512	500	15.20
489	35	512	500	13.67
490	31	512	500	18.88
491	31	512	500	16.46
492	22	512	500	19.86
493	32	512	500	17.14
494	20	512	500	12.01
494	24	512	500	14.25
495	30	512	500	11.34
496	32	512	500	16.77
496	33	512	500	14.83
496	34	512	500	17.18
497	21	512	500	15.65
497	26	512	500	16.35
497	28	512	500	12.51
498	20	512	500	14.88
498	28	512	500	11.35
499	26	512	500	16.71
499	32	512	500	18.79
500	24	512	500	17.83
500	29	512	500	14.30
500	32	512	500	12.67
500	33	512	500	13.70
501	26	512	500	11.71
502	29	512	500	18.75
503	26	512	500	10.27
504	23	512	500	8.99
505	25	512	500	10.99
505	29	512	500	7.34
505	31	512	500	9.15
505	35	512	500	12.00
506	24	512	500	14.37
506	27	512	500	14.76
506	29	512	500	7.46
506	34	512	500	9.46
508	28	512	500	11.23
508	34	512	500	8.74
509	29	512	500	9.93
510	28	512	500	11.77
512	22	512	500	10.18
512	30	512	500	8.84
512	31	512	500	10.08
512	34	512	500	15.11
8	4	512	500	13.98
9	8	512	500	17.01
14	5	512	500	10.52
15	2	512	500	34.46
16	3	512	500	11.54
19	6	512	500	8.53
19	9	512	500	11.87
19	14	512	500	10.22
19	15	512	500	12.72
22	10	512	500	6.76
22	12	512	500	10.19
24	8	512	500	52.18
26	1	512	500	11.62
28	23	512	500	6.56
29	15	512	500	7.89
29	27	512	500	10.05
30	6	512	500	11.22
34	8	512	500	12.57
34	21	512	500	8.69
34	26	512	500	7.09
34	27	512	500	9.49
36	34	512	500	26.23
37	33	512	500	8.41
38	14	512	500	29.69
40	5	512	500	13.64
40	11	512	500	10.60
40	12	512	500	8.67
40	22	512	500	12.19
40	23	512	500	10.68
40	30	512	500	19.60
41	8	512	500	8.82
42	13	512	500	44.58
42	16	512	500	8.23
43	2	512	500	9.75
44	17	512	500	10.22
45	5	512	500	8.81
45	32	512	500	9.85
45	33	512	500	6.55
46	20	512	500	7.96
46	30	512	500	8.19
47	10	512	500	14.04
47	25	512	500	10.01
50	18	512	500	12.24
51	14	512	500	9.58
51	23	512	500	7.00
52	12	512	500	10.53
52	18	512	500	16.95
52	33	512	500	11.50
55	3	512	500	9.11
55	10	512	500	9.27
56	8	512	500	10.89
57	11	512	500	7.70
58	7	512	500	25.61
58	26	512	500	10.96
59	14	512	500	13.36
59	21	512	500	12.80
59	28	512	500	10.60
59	35	512	500	12.55
62	9	512	500	6.95
62	28	512	500	7.19
62	34	512	500	7.70
63	14	512	500	8.88
63	24	512	500	7.95
64	7	512	500	23.06
65	29	512	500	19.51
67	4	512	500	8.90
67	17	512	500	8.55
67	35	512	500	12.92
68	8	512	500	10.84
69	12	512	500	11.86
69	25	512	500	41.47
70	23	512	500	9.98
71	27	512	500	8.72
71	34	512	500	12.81
72	23	512	500	10.80
72	33	512	500	8.94
73	29	512	500	7.44
74	3	512	500	14.21
74	13	512	500	10.38
74	33	512	500	10.86
76	7	512	500	18.83
77	18	512	500	11.05
77	33	512	500	42.97
78	31	512	500	9.86
79	24	512	500	12.32
81	27	512	500	10.16
81	35	512	500	16.52
83	3	512	500	61.09
83	9	512	500	28.69
83	17	512	500	7.22
83	22	512	500	10.98
83	31	512	500	14.31
85	35	512	500	7.44
86	11	512	500	13.39
87	5	512	500	13.04
87	13	512	500	35.72
88	23	512	500	332.96
89	30	512	500	13.40
90	32	512	500	122.77
91	8	512	500	11.78
91	20	512	500	11.49
92	13	512	500	13.54
92	32	512	500	11.06
93	26	512	500	13.04
94	7	512	500	11.99
97	29	512	500	20.47
99	30	512	500	10.71
99	32	512	500	10.61
100	20	512	500	5.84
100	28	512	500	13.44
102	34	512	500	8.06
103	27	512	500	12.19
104	31	512	500	14.89
104	35	512	500	10.69
105	20	512	500	28.62
106	17	512	500	11.86
106	24	512	500	12.27
108	18	512	500	15.49
109	17	512	500	9.41
109	31	512	500	12.93
111	10	512	500	17.61
111	27	512	500	10.59
111	32	512	500	148.72
112	23	512	500	11.48
113	21	512	500	10.44
113	27	512	500	14.54
113	35	512	500	350.83
114	11	512	500	8.13
117	5	512	500	17.12
118	8	512	500	8.65
118	28	512	500	11.96
120	10	512	500	12.48
120	17	512	500	9.90
121	20	512	500	10.12
122	22	512	500	13.55
124	27	512	500	9.44
126	19	512	500	6.96
130	5	512	500	54.99
130	10	512	500	16.87
134	13	512	500	14.65
135	10	512	500	13.11
136	26	512	500	10.59
137	12	512	500	175.39
138	21	512	500	11.98
138	34	512	500	12.11
139	7	512	500	14.61
140	31	512	500	15.09
141	15	512	500	12.85
142	6	512	500	15.34
142	16	512	500	12.42
142	27	512	500	16.02
145	12	512	500	14.72
145	17	512	500	127.97
146	34	512	500	58.62
147	33	512	500	17.79
148	22	512	500	12.00
151	32	512	500	10.91
152	26	512	500	13.58
153	15	512	500	12.45
153	25	512	500	51.63
154	10	512	500	14.28
154	13	512	500	10.37
154	21	512	500	13.73
154	31	512	500	10.20
155	32	512	500	13.29
156	30	512	500	12.16
157	29	512	500	151.50
158	10	512	500	8.81
158	13	512	500	16.49
158	17	512	500	15.11
158	24	512	500	10.45
160	18	512	500	9.64
162	10	512	500	9.05
162	28	512	500	15.17
163	8	512	500	19.30
164	11	512	500	14.76
166	33	512	500	56.16
167	13	512	500	24.01
167	23	512	500	11.71
167	30	512	500	10.82
168	20	512	500	10.18
169	24	512	500	30.69
170	7	512	500	6.12
170	14	512	500	8.08
170	18	512	500	6.67
171	26	512	500	17.83
173	8	512	500	44.86
176	27	512	500	33.95
176	35	512	500	16.46
177	17	512	500	15.15
178	6	512	500	45.73
178	29	512	500	15.80
180	8	512	500	16.04
182	25	512	500	16.55
185	15	512	500	17.08
186	21	512	500	24.16
187	12	512	500	20.61
187	33	512	500	130.47
188	22	512	500	43.43
188	31	512	500	19.60
188	34	512	500	14.71
189	28	512	500	16.45
190	25	512	500	19.69
192	18	512	500	14.61
192	34	512	500	16.29
193	34	512	500	13.70
194	11	512	500	14.96
194	20	512	500	55.79
195	20	512	500	19.08
195	29	512	500	75.11
196	13	512	500	12.48
196	31	512	500	13.92
199	12	512	500	15.77
200	21	512	500	16.32
201	9	512	500	22.81
202	15	512	500	13.56
202	18	512	500	11.81
203	18	512	500	15.21
203	34	512	500	12.75
204	14	512	500	15.49
205	14	512	500	16.02
206	15	512	500	642.57
206	33	512	500	16.11
207	17	512	500	41.27
207	22	512	500	11.24
208	28	512	500	13.67
209	9	512	500	11.24
210	7	512	500	11.51
210	21	512	500	17.13
211	21	512	500	29.05
211	35	512	500	12.65
212	31	512	500	45.51
213	20	512	500	12.58
214	25	512	500	15.63
214	34	512	500	13.83
215	8	512	500	13.75
216	14	512	500	11.44
217	32	512	500	13.53
218	29	512	500	59.69
219	19	512	500	14.02
220	9	512	500	9.88
222	11	512	500	38.35
222	30	512	500	14.50
224	14	512	500	51.30
225	16	512	500	14.29
227	29	512	500	11.43
228	13	512	500	22.43
229	34	512	500	12.23
232	33	512	500	13.86
233	22	512	500	15.66
235	21	512	500	10.32
236	33	512	500	12.51
236	34	512	500	15.02
238	15	512	500	10.18
238	23	512	500	10.84
243	20	512	500	12.93
243	21	512	500	26.27
243	26	512	500	13.42
244	32	512	500	12.05
249	31	512	500	9.85
249	32	512	500	18.39
250	19	512	500	12.31
251	29	512	500	8.20
252	35	512	500	9.55
253	27	512	500	6.81
253	32	512	500	6.27
254	20	512	500	25.05
255	15	512	500	8.29
255	16	512	500	8.88
256	10	512	500	17.35
256	21	512	500	15.29
258	19	512	500	414.41
258	34	512	500	40.28
259	34	512	500	24.31
261	16	512	500	18.97
262	35	512	500	24.25
263	19	512	500	24.09
263	26	512	500	129.62
264	13	512	500	19.46
264	17	512	500	21.39
264	24	512	500	21.69
265	28	512	500	26.82
265	29	512	500	29.72
266	22	512	500	24.68
266	23	512	500	23.76
268	18	512	500	24.53
268	28	512	500	21.03
269	10	512	500	25.17
269	17	512	500	520.47
270	21	512	500	25.74
270	28	512	500	22.29
271	18	512	500	21.47
271	19	512	500	31.64
272	25	512	500	21.89
274	25	512	500	24.60
275	31	512	500	23.80
277	23	512	500	143.41
277	25	512	500	23.75
277	34	512	500	161.67
278	11	512	500	24.54
278	26	512	500	25.38
280	17	512	500	22.35
280	31	512	500	172.29
280	32	512	500	48.65
281	10	512	500	18.68
282	33	512	500	60.34
283	23	512	500	707.39
284	26	512	500	21.57
286	19	512	500	18.57
286	29	512	500	21.92
287	20	512	500	20.46
287	26	512	500	40.46
288	22	512	500	20.22
293	31	512	500	28.78
294	15	512	500	19.71
294	20	512	500	22.89
294	34	512	500	22.52
296	14	512	500	85.07
296	24	512	500	21.05
297	14	512	500	20.07
300	20	512	500	22.22
300	27	512	500	21.19
301	24	512	500	20.42
301	31	512	500	19.90
303	21	512	500	16.67
304	23	512	500	17.95
304	33	512	500	18.57
305	35	512	500	19.91
307	30	512	500	17.60
308	28	512	500	82.89
309	25	512	500	18.90
309	32	512	500	19.04
313	18	512	500	736.19
313	28	512	500	22.16
314	17	512	500	17.13
314	35	512	500	18.25
316	27	512	500	17.61
317	17	512	500	17.69
319	23	512	500	69.11
322	32	512	500	17.38
325	21	512	500	180.74
327	21	512	500	17.36
329	13	512	500	450.97
329	33	512	500	19.21
331	22	512	500	20.64
332	35	512	500	38.44
333	32	512	500	21.13
335	26	512	500	76.20
337	19	512	500	15.09
337	32	512	500	79.87
337	33	512	500	17.88
340	34	512	500	20.06
341	31	512	500	100.70
342	27	512	500	172.21
343	28	512	500	150.30
345	18	512	500	17.56
346	13	512	500	22.55
346	25	512	500	23.36
346	30	512	500	26.19
347	17	512	500	20.91
348	18	512	500	56.52
348	19	512	500	15.88
348	20	512	500	24.30
348	29	512	500	23.25
351	28	512	500	17.79
356	23	512	500	15.92
358	19	512	500	14.97
359	20	512	500	16.25
361	13	512	500	17.80
362	20	512	500	18.65
365	15	512	500	98.32
368	18	512	500	17.35
369	33	512	500	16.68
370	14	512	500	684.56
371	19	512	500	16.14
371	24	512	500	15.64
371	32	512	500	17.33
373	30	512	500	16.58
374	21	512	500	16.19
375	21	512	500	13.99
375	35	512	500	17.03
376	32	512	500	15.79
378	13	512	500	20.01
378	20	512	500	15.25
379	17	512	500	21.12
379	27	512	500	15.52
381	34	512	500	96.91
382	17	512	500	19.14
383	28	512	500	41.98
385	17	512	500	14.48
387	33	512	500	17.53
388	24	512	500	16.75
388	35	512	500	15.13
394	26	512	500	14.32
394	32	512	500	12.80
394	35	512	500	16.68
398	15	512	500	12.42
399	33	512	500	13.76
400	20	512	500	17.12
400	29	512	500	17.19
401	16	512	500	29.28
403	15	512	500	26.07
404	31	512	500	15.79
405	19	512	500	13.65
406	30	512	500	12.89
407	23	512	500	14.20
407	25	512	500	16.85
408	21	512	500	37.74
409	31	512	500	103.96
410	18	512	500	15.35
411	34	512	500	19.46
412	23	512	500	14.00
413	28	512	500	24.77
414	35	512	500	133.47
415	15	512	500	12.50
416	14	512	500	29.94
416	28	512	500	19.39
416	33	512	500	15.94
417	31	512	500	12.86
419	28	512	500	17.41
420	14	512	500	16.73
420	15	512	500	14.48
420	17	512	500	17.16
421	18	512	500	11.71
422	22	512	500	15.09
423	17	512	500	12.53
423	24	512	500	140.51
426	16	512	500	12.42
426	27	512	500	12.73
427	21	512	500	15.69
427	33	512	500	78.97
428	25	512	500	34.49
429	26	512	500	648.03
430	23	512	500	16.46
431	25	512	500	155.87
434	27	512	500	13.55
434	35	512	500	416.98
435	23	512	500	14.10
436	24	512	500	171.47
437	18	512	500	14.63
437	27	512	500	19.45
438	17	512	500	15.06
438	33	512	500	18.42
440	15	512	500	115.91
440	29	512	500	14.24
442	26	512	500	12.97
444	25	512	500	13.63
445	15	512	500	14.48
446	31	512	500	12.37
447	35	512	500	15.41
448	20	512	500	10.29
448	35	512	500	15.24
450	26	512	500	16.75
452	25	512	500	13.63
455	17	512	500	12.76
455	27	512	500	12.25
457	20	512	500	15.33
457	21	512	500	14.93
460	33	512	500	13.29
462	20	512	500	19.59
463	24	512	500	13.74
464	30	512	500	15.14
464	33	512	500	14.48
465	29	512	500	13.87
466	19	512	500	19.47
467	23	512	500	16.98
471	17	512	500	19.33
471	24	512	500	13.12
474	16	512	500	10.96
474	26	512	500	40.22
475	21	512	500	11.02
477	26	512	500	14.57
478	21	512	500	21.94
479	18	512	500	16.13
479	19	512	500	14.23
480	30	512	500	12.73
481	29	512	500	11.42
481	33	512	500	14.25
482	18	512	500	13.47
484	20	512	500	15.99
484	26	512	500	27.03
487	32	512	500	14.35
491	20	512	500	17.55
491	23	512	500	14.23
493	18	512	500	15.66
493	25	512	500	13.49
493	32	512	500	15.32
497	28	512	500	13.19
498	19	512	500	15.19
498	24	512	500	16.04
499	31	512	500	18.48
500	25	512	500	12.46
501	17	512	500	11.65
504	23	512	500	11.00
505	21	512	500	13.15
505	29	512	500	10.42
507	31	512	500	8.54
508	17	512	500	10.63
510	28	512	500	10.95
511	21	512	500	10.81
