0006	03	2	300	0775	30	2	671.100000	668.10	671.10
0006	05	3	400	0563	32	3	682.660000	680.26	682.66
0006	06	1	200	0129	12	3	694.290000	692.32	694.29
0007	03	4	150	0320	13	3	798.380000	796.37	798.38
0007	04	4	0400	0323	23	2	831.010000	829.07	831.01
0008	02	2	050	0083	22	1	464.590000	462.75	464.59
0008	02	4	250	0767	28	2	467.480000	465.05	467.48
0008	05	3	300	0350	31	4	522.930000	520.89	522.93
0009	01	2	0300	0465	34	2	328.120000	326.07	328.12
0009	08	4	400	0878	33	3	490.990000	488.53	490.99
0010	06	2	200	0387	17	2	431.950000	429.99	431.95
0011	09	1	0050	0060	05	3	584.650000	583.09	584.65
0012	04	3	0400	0149	15	1	356.690000	354.64	356.69
0012	06	1	0400	0159	18	2	363.920000	361.96	363.92
0012	10	2	0100	0615	31	4	381.220000	378.07	381.22
0012	11	1	0050	0083	06	2	392.960000	391.39	392.96
0013	02	1	200	0408	21	1	445.100000	442.37	445.10
0013	07	2	150	0478	20	3	478.440000	476.43	478.44
0013	07	4	100	0296	26	4	487.490000	485.61	487.49
0013	08	3	350	0582	23	3	489.560000	488.86	489.56
0014	01	2	250	0371	27	3	225.390000	223.32	225.39
0014	02	4	0350	0430	30	1	295.310000	295.14	295.31
0014	06	3	0300	0340	35	2	316.940000	314.98	316.94
0015	06	3	0300	0147	29	1	293.430000	291.45	293.43
0015	12	1	100	0794	32	1	316.200000	311.75	316.20
0016	06	4	0350	0081	32	1	286.350000	286.27	286.35
0016	08	2	0250	0341	26	3	288.730000	286.69	288.73
0016	08	3	350	0209	08	1	283.250000	283.14	283.25
0016	09	1	0250	0381	28	3	285.110000	283.12	285.11
0016	14	4	300	0763	27	2	309.420000	307.36	309.42
0017	02	2	200	0316	17	3	275.120000	272.97	275.12
0017	06	3	0200	0485	24	3	223.010000	220.70	223.01
0017	08	1	150	0109	31	4	221.560000	219.71	221.56
0017	14	3	100	0172	27	3	232.980000	231.12	232.98
0018	13	2	150	0173	18	2	271.710000	269.77	271.71
0019	12	3	050	0552	32	3	261.390000	258.65	261.39
0019	13	2	0250	0203	10	3	267.330000	267.33	265.32
0019	17	3	350	0014	04	4	275.510000	275.51	275.51
0020	12	3	300	0692	33	4	246.290000	243.88	246.29
0020	15	4	250	0614	35	4	254.770000	252.42	254.77
0020	19	2	0200	0157	16	1	262.550000	260.65	262.55
0020	20	3	400	0755	27	2	401.020000	258.95	401.02
0020	20	4	150	0337	12	2	262.940000	261.11	262.94
0021	03	4	150	0357	23	4	207.240000	205.24	207.24
0021	11	1	400	0636	24	1	229.050000	226.68	229.05
0021	17	3	0300	0434	31	4	244.920000	243.26	244.92
0021	21	3	150	0018	17	1	254.130000	252.27	254.13
0022	05	2	400	0475	19	3	208.600000	206.65	208.60
0022	11	2	0250	0751	33	1	400.230000	397.68	400.23
0022	17	1	250	0042	14	2	236.800000	235.04	236.80
0022	20	4	100	0410	24	2	238.650000	236.35	238.65
0023	12	3	150	0282	18	4	226.830000	224.82	226.83
0023	19	3	050	0148	33	2	243.710000	241.86	243.71
0023	20	4	150	0105	31	2	241.950000	240.13	241.95
0024	09	2	400	0313	19	1	274.280000	203.14	274.28
0024	15	4	150	0484	18	2	219.260000	216.13	219.26
0024	21	4	400	0029	13	3	229.370000	227.66	229.37
0025	15	4	250	0044	25	3	209.390000	207.53	209.39
0025	24	4	0300	0320	18	2	220.570000	218.32	220.57
0026	11	4	050	0570	28	2	199.430000	197.17	199.43
0026	15	4	400	0212	25	4	inf		
0026	17	1	400	0658	22	1	207.790000	207.47	207.79
0026	25	3	050	0196	27	1	223.300000	221.39	223.30
0027	03	1	400	0068	12	3	163.420000	161.65	163.42
0027	03	4	0100	0161	34	1	163.750000	161.90	163.75
0027	06	4	0300	0371	33	1	171.900000	169.91	171.90
0027	21	3	150	0520	35	1	198.040000	195.71	198.04
0027	25	4	250	0033	13	2	211.380000	209.59	211.38
0028	08	1	250	0537	24	4	173.440000	171.17	173.44
0028	09	3	400	0861	35	3	176.080000	173.33	176.08
0028	11	1	0100	0187	14	3	178.780000	176.93	178.78
0028	13	1	200	0577	28	3	183.750000	181.35	183.75
0028	18	1	200	0423	30	1	187.510000	185.49	187.51
0028	22	4	0150	0330	28	4	195.040000	193.04	195.04
0028	23	1	250	0561	29	1	199.720000	197.22	199.72
0028	24	1	0350	0348	26	4	196.260000	195.92	196.26
0028	28	3	100	0657	32	1	210.440000	208.03	210.44
0029	08	4	0250	0085	22	2	134.250000	132.42	134.25
0029	11	3	050	0192	23	3	139.900000	137.84	139.90
0029	16	1	250	0947	32	3	154.330000	148.90	154.33
0029	21	4	0350	0353	28	4	151.030000	149.87	151.03
0029	22	4	400	0882	31	1	152.900000	150.07	152.90
0029	24	3	050	0073	12	1	158.330000	156.62	158.33
0029	26	3	200	0921	31	3	162.430000	159.95	162.43
0029	27	1	350	0281	35	4	170.290000	169.70	170.29
0030	03	3	050	0608	33	2	154.700000	152.33	154.70
0030	08	4	050	0631	34	1	166.000000	164.00	166.00
0030	16	4	250	0090	22	2	175.940000	173.90	175.94
0030	22	3	0250	0324	15	3	183.460000	179.56	183.46
0030	22	3	250	0224	14	2	183.480000	181.51	183.48
0030	24	1	050	0388	25	4	189.810000	187.41	189.81
0030	27	2	250	0907	34	3	200.780000	198.24	200.78
0031	05	1	350	0676	32	3	124.340000	123.19	124.34
0031	09	3	0200	0274	14	2	129.230000	127.36	129.23
0031	19	4	050	0292	29	4	143.440000	141.54	143.44
0031	21	1	100	0348	30	2	146.710000	144.82	146.71
0031	22	1	0100	0413	22	3	148.000000	145.35	148.00
0031	24	2	350	0472	19	3	152.040000	149.56	152.04
0031	30	2	150	0656	33	1	165.230000	162.33	165.23
0032	04	4	0250	0062	35	1	145.380000	143.54	145.38
0032	08	3	300	0653	27	3	156.570000	153.52	156.57
0032	26	1	300	0653	30	2	248.500000	245.31	248.50
0032	27	2	0200	0223	24	4	192.050000	188.13	192.05
0032	29	1	0200	0143	09	1	195.580000	193.90	195.58
0032	30	4	0250	0178	26	2	190.880000	188.89	190.88
0033	09	1	0250	0161	28	4	149.280000	147.34	149.28
0033	15	4	200	0714	29	4	167.680000	165.07	167.68
0033	19	1	350	0247	18	3	161.210000	160.39	161.21
0033	22	2	400	0838	34	1	168.950000	165.74	168.95
0033	22	4	050	0071	24	2	169.180000	167.36	169.18
0033	23	3	0200	0273	24	1	172.130000	169.77	172.13
0033	28	2	300	0779	29	4	180.670000	178.45	180.67
0033	29	3	0250	0217	16	2	190.010000	187.80	190.01
0033	29	3	350	0475	20	3	187.000000	186.59	187.00
0034	06	2	0200	0395	24	2	113.870000	111.84	113.87
0034	14	1	400	0493	28	1	123.060000	119.59	123.06
0034	19	1	0100	0020	16	4	125.680000	124.12	125.68
0034	23	1	050	0273	25	4	132.220000	130.19	132.22
0034	29	3	350	0357	15	4	144.060000	143.31	144.06
0034	31	2	200	0559	21	3	156.870000	154.54	156.87
0034	32	2	0300	0392	32	2	149.850000	147.84	149.85
0034	33	1	200	0192	28	4	160.550000	158.55	160.55
0035	17	1	250	0270	11	4	241.530000	155.56	241.53
0035	18	2	100	0216	33	1	153.400000	151.30	153.40
0035	20	4	200	0647	33	2	155.660000	153.24	155.66
0035	22	3	100	0525	32	3	158.100000	155.53	158.10
0035	32	2	250	0878	30	3	292.110000	183.46	292.11
0036	04	3	300	0176	18	3	133.350000	131.28	133.35
0036	05	1	200	0522	33	3	136.470000	133.68	136.47
0036	10	3	350	0038	10	3	143.500000	142.76	143.50
0036	19	1	100	0254	35	4	154.700000	152.71	154.70
0036	20	3	0300	0229	31	3	151.600000	149.63	151.60
0036	28	3	300	0247	16	2	168.530000	166.59	168.53
0036	28	4	0200	0391	34	1	166.440000	164.50	166.44
0037	05	2	150	0189	28	4	116.050000	114.24	116.05
0037	08	4	150	0901	34	2	124.650000	119.57	124.65
0037	33	1	350	0115	23	1	171.630000	171.06	171.63
0037	34	4	050	0639	27	1	170.070000	168.17	170.07
0038	09	1	350	0808	31	2	109.660000	107.53	109.66
0038	14	2	400	0610	29	3	115.180000	113.14	115.18
0038	19	1	0150	0321	24	2	117.690000	115.74	117.69
0038	28	3	0200	0595	27	3	132.850000	130.37	132.85
0038	33	3	0050	0386	28	3	148.700000	146.72	148.70
0038	35	1	300	0990	35	3	159.500000	156.70	159.50
0039	18	3	0250	0147	29	3	140.220000	138.64	140.22
0039	23	1	150	0796	35	1	148.670000	146.02	148.67
0039	29	1	300	0085	13	2	163.290000	161.35	163.29
0039	29	3	100	0446	18	3	168.610000	161.85	168.61
0039	31	2	0400	0074	07	4	168.420000	166.84	168.42
0040	16	2	0050	0182	20	2	138.890000	136.88	138.89
0040	20	1	100	0166	19	4	145.260000	143.44	145.26
0040	23	1	400	0313	14	2	inf		
0040	23	4	300	0672	25	3	227.130000	227.13	149.02
0040	28	4	250	0490	25	3	164.170000	161.34	164.17
0040	31	4	050	0057	02	4	168.960000	167.54	168.96
0040	33	4	350	0440	17	1	178.340000	177.58	178.34
0041	02	2	250	0077	32	3	117.560000	115.71	117.56
0041	03	1	0200	0130	18	2	116.580000	114.58	116.58
0041	06	2	0250	0211	27	3	131.760000	129.76	131.76
0041	09	4	0100	0515	30	2	140.760000	136.92	140.76
0041	15	1	100	0430	22	1	149.420000	147.08	149.42
0041	26	1	0350	0508	24	3	154.220000	153.33	154.22
0041	28	3	0050	0023	12	2	171.300000	169.63	171.30
0041	30	4	0300	0399	30	2	171.440000	169.48	171.44
0041	31	3	0250	0132	30	3	169.440000	167.58	169.44
0042	03	3	250	0514	33	4	114.610000	111.97	114.61
0042	05	3	0300	0039	05	2	116.520000	114.97	116.52
0042	05	3	350	0500	31	4	117.460000	116.98	117.46
0042	11	2	200	0609	27	3	127.670000	125.05	127.67
0042	19	4	100	0204	23	2	133.280000	131.36	133.28
0042	21	3	050	0051	24	4	136.160000	134.35	136.16
0042	23	1	350	0682	35	1	135.900000	134.63	135.90
0042	24	2	050	0404	21	4	136.890000	134.61	136.89
0042	25	2	100	0040	07	2	142.430000	140.78	142.43
0042	27	3	0100	0197	12	1	147.000000	145.20	147.00
0043	03	2	250	0328	28	3	99.890000	97.77	99.89
0043	10	1	050	0058	27	2	156.550000	154.71	156.55
0043	10	3	200	0400	32	2	110.020000	108.00	110.02
0043	11	2	0400	0559	33	3	110.990000	108.81	110.99
0043	11	3	150	0338	25	4	111.150000	107.55	111.15
0043	15	2	0050	0396	23	1	133.580000	131.54	133.58
0043	18	2	0200	0615	30	4	118.060000	115.61	118.06
0043	20	2	250	0044	16	1	122.860000	120.99	122.86
0043	23	4	050	0381	33	2	123.030000	120.17	123.03
0043	29	1	200	0662	32	2	135.670000	132.98	135.67
0043	29	4	0050	0151	25	2	132.870000	130.93	132.87
0044	03	3	100	0116	21	1	110.460000	108.09	110.46
0044	08	1	050	0157	07	2	153.120000	151.50	153.12
0044	12	2	400	0555	22	4	122.920000	120.66	122.92
0044	31	1	100	0062	28	4	155.400000	153.77	155.40
0045	16	1	100	0792	35	1	123.840000	121.02	123.84
0045	16	4	150	0251	34	1	123.560000	121.53	123.56
0045	23	3	0200	0321	16	1	136.160000	134.00	136.16
0045	28	3	0300	0130	34	1	138.630000	136.69	138.63
0045	32	2	0150	0385	31	4	167.660000	165.22	167.66
0045	35	2	350	0068	29	4	175.790000	175.20	175.79
0046	07	2	0400	0203	28	3	90.320000	88.39	90.32
0046	15	4	0100	0367	30	2	99.140000	97.34	99.14
0046	19	1	0350	0671	33	1	99.550000	97.96	99.55
0046	21	4	0350	0338	29	1	101.340000	100.18	101.34
0046	29	4	200	0797	28	4	118.180000	115.53	118.18
0046	31	3	0050	0190	09	1	119.600000	117.90	119.60
0046	35	3	0200	0333	19	2	131.220000	129.29	131.22
0047	24	3	100	0142	17	2	115.920000	113.97	115.92
0047	27	4	0250	0639	33	4	123.890000	119.87	123.89
0047	28	3	0300	0060	28	3	121.190000	119.36	121.19
0048	09	1	300	0095	05	4	109.570000	106.56	109.57
0048	12	1	350	0308	17	2	113.820000	112.63	113.82
0048	15	3	400	0645	29	1	116.910000	114.43	116.91
0048	16	1	0400	0098	19	2	116.170000	114.25	116.17
0048	21	3	0250	0216	14	2	120.070000	117.77	120.07
0048	24	2	050	0978	34	3	129.090000	125.05	129.09
0048	25	4	0150	0374	30	3	125.910000	123.80	125.91
0048	26	1	400	0481	26	4	125.980000	123.97	125.98
0048	28	2	0250	0061	08	4	127.420000	125.81	127.42
0048	29	2	350	0086	27	1	134.020000	133.07	134.02
0048	30	1	0200	0199	34	1	133.870000	131.94	133.87
0049	05	2	0200	0011	04	2	104.450000	102.99	104.45
0049	08	3	400	0450	32	2	107.960000	105.81	107.96
0049	15	3	0350	0136	08	3	113.610000	112.49	113.61
0049	17	1	150	0058	35	2	116.550000	114.73	116.55
0049	24	2	0400	0046	28	2	125.010000	123.22	125.01
0049	24	4	100	0103	29	3	125.590000	123.79	125.59
0049	26	3	300	0143	13	2	123.880000	120.60	123.88
0049	28	1	050	0743	26	2	130.410000	126.99	130.41
0050	11	2	0100	0155	28	3	86.820000	84.99	86.82
0050	16	1	100	0620	25	2	92.220000	87.59	92.22
0050	18	4	300	0060	34	1	91.970000	90.11	91.97
0050	22	4	0300	0101	17	3	92.920000	91.11	92.92
0050	28	4	050	0474	22	4	107.550000	105.51	107.55
0050	35	2	200	0081	27	2	118.870000	117.05	118.87
0050	35	4	150	0074	25	4	119.780000	117.96	119.78
0051	13	3	0100	0626	34	3	89.750000	84.98	89.75
0051	15	1	050	0909	34	4	164.180000	160.90	164.18
0051	19	4	0300	0025	21	3	90.350000	88.56	90.35
0051	20	4	0200	0460	33	4	89.250000	87.28	89.25
0051	31	3	0250	0436	25	1	107.170000	104.40	107.17
0052	15	4	0100	0176	33	2	108.590000	108.34	108.59
0052	17	1	400	0310	13	1	109.050000	106.89	109.05
0052	19	4	350	0561	22	2	113.670000	111.47	113.67
0052	20	4	0050	0466	26	4	155.260000	153.16	155.26
0052	32	1	250	0349	22	4	132.570000	130.60	132.57
0052	33	4	300	1014	34	2	137.620000	135.20	137.62
0053	09	2	250	0698	31	1	92.460000	89.73	92.46
0053	22	4	250	0014	10	1	105.060000	103.33	105.06
0053	25	4	300	0379	18	3	108.650000	106.74	108.65
0053	26	3	0100	0710	33	4	113.230000	109.90	113.23
0054	10	2	150	0708	31	4	105.930000	103.12	105.93
0054	11	1	250	0715	29	4	100.620000	98.29	100.62
0054	12	3	0200	0594	34	4	102.660000	100.17	102.66
0054	21	1	350	0473	20	4	122.820000	106.75	122.82
0054	27	2	050	0082	21	4	146.390000	144.56	146.39
0055	06	1	0150	0068	10	2	94.600000	92.92	94.60
0055	06	2	300	0383	31	2	94.910000	92.95	94.91
0055	08	4	0250	0014	03	3	95.430000	94.11	95.43
0055	24	2	0200	0117	25	1	110.800000	108.93	110.80
0055	25	2	0300	0621	31	1	113.200000	110.71	113.20
0055	30	1	0150	0036	11	4	118.030000	116.33	118.03
0055	33	1	0150	0056	22	2	132.720000	130.92	132.72
0056	09	3	350	0758	34	1	97.120000	95.57	97.12
0056	23	2	0150	0138	23	1	111.620000	109.77	111.62
0056	27	3	0200	0384	32	4	117.720000	115.72	117.72
0056	30	3	0400	0085	25	4	120.780000	118.93	120.78
0057	04	4	100	0259	18	2	82.760000	80.88	82.76
0057	08	2	0150	0316	35	1	76.190000	73.91	76.19
0057	16	4	0350	0193	20	1	210.510000	209.00	210.51
0057	17	3	0400	0420	24	4	82.660000	79.41	82.66
0057	18	4	250	0016	07	4	86.400000	84.84	86.40
0057	30	3	150	0527	33	3	96.830000	93.44	96.83
0057	31	4	0300	0303	34	3	97.460000	95.50	97.46
0057	33	2	0350	0332	15	2	100.790000	99.48	100.79
0058	06	1	0300	0038	24	4	74.130000	72.34	74.13
0058	19	2	0250	0210	18	4	81.560000	79.62	81.56
0058	19	3	0150	0136	09	3	81.450000	79.84	81.45
0058	20	4	0350	0145	34	1	81.310000	79.86	81.31
0058	21	1	100	0246	24	1	84.400000	82.56	84.40
0058	29	1	050	0006	04	2	332.420000	331.09	332.42
0058	29	3	150	0651	24	4	96.420000	93.55	96.42
0058	32	1	0400	0040	26	2	98.880000	97.02	98.88
0058	32	2	0100	0178	29	4	99.140000	97.36	99.14
0058	33	4	150	0210	29	4	101.740000	99.86	101.74
0059	04	1	200	0235	28	1	81.130000	79.20	81.13
0059	04	4	350	0063	21	1	81.340000	79.96	81.34
0059	28	3	0100	0097	07	4	103.960000	102.37	103.96
0059	32	4	100	0297	14	1	116.960000	115.12	116.96
0059	35	3	400	0324	20	1	122.040000	120.12	122.04
0060	05	2	400	0059	17	4	87.130000	85.29	87.13
0060	07	2	0350	0203	32	4	88.820000	87.41	88.82
0060	11	1	0250	0252	18	4	94.440000	92.32	94.44
0060	16	3	300	0590	25	2	98.340000	96.11	98.34
0060	21	3	200	0095	26	4	100.870000	98.95	100.87
0060	23	3	200	0491	21	4	106.540000	103.54	106.54
0060	24	2	0350	0119	16	2	102.360000	101.12	102.36
0060	28	2	100	0007	02	4	150.660000	149.25	150.66
0061	06	1	0200	0244	28	2	84.790000	80.18	84.79
0061	09	2	350	0564	30	4	82.870000	81.08	82.87
0061	13	4	100	0704	33	1	92.690000	89.90	92.69
0061	19	3	0050	0497	32	2	166.540000	163.87	166.54
0061	21	3	0250	0138	07	3	93.560000	92.01	93.56
0061	26	1	100	0942	33	3	102.530000	99.22	102.53
0061	34	1	350	0251	24	2	241.660000	108.07	241.66
0062	11	2	350	0769	32	3	74.920000	72.36	74.92
0062	14	1	0150	0083	13	1	76.380000	73.60	76.38
0062	14	2	0400	0429	33	4	78.470000	74.30	78.47
0062	19	4	0150	0171	21	1	77.440000	75.62	77.44
0062	22	2	0250	0406	19	2	91.670000	88.95	91.67
0062	28	2	0200	0428	28	4	98.240000	87.78	98.24
0062	32	4	0050	0264	18	3	149.890000	147.92	149.89
0062	34	1	150	0725	29	2	98.570000	94.63	98.57
0063	07	4	250	0432	25	1	88.740000	86.50	88.74
0063	11	3	200	0076	08	1	91.740000	90.10	91.74
0063	15	1	100	0476	19	2	214.400000	212.44	214.40
0063	22	4	100	0158	23	1	100.160000	98.33	100.16
0063	24	2	100	0357	16	4	102.810000	100.98	102.81
0063	27	1	100	0547	22	4	111.340000	108.70	111.34
0063	27	2	300	0672	24	4	111.780000	106.59	111.78
0063	28	1	0300	0036	22	3	115.100000	113.32	115.10
0063	30	3	400	0226	10	4	116.860000	115.05	116.86
0063	34	2	400	0504	25	4	118.850000	116.32	118.85
0064	10	3	0300	0216	27	1	93.100000	91.15	93.10
0064	15	1	200	0398	17	4	98.650000	95.75	98.65
0064	16	2	0100	0274	27	3	94.000000	92.14	94.00
0064	20	3	150	0097	13	3	95.900000	93.17	95.90
0064	22	3	0400	0104	31	1	100.480000	98.56	100.48
0064	25	3	200	0276	26	1	102.480000	100.51	102.48
0064	26	2	050	0622	34	2	164.350000	162.07	164.35
0064	32	3	250	0422	24	4	121.200000	119.27	121.20
0065	03	1	050	0258	26	2	167.850000	165.81	167.85
0065	13	3	400	0897	35	2	91.250000	87.32	91.25
0065	14	1	200	0155	14	2	89.410000	87.60	89.41
0065	18	3	150	0133	24	3	90.600000	88.74	90.60
0065	33	3	150	0282	16	2	113.660000	111.71	113.66
0065	35	2	0050	0060	05	1	168.170000	166.68	168.17
0065	35	3	350	0747	27	4	114.960000	113.53	114.96
0066	04	4	250	0432	34	3	84.700000	82.47	84.70
0066	12	3	050	0023	12	3	209.160000	207.53	209.16
0066	29	3	0250	0358	24	2	104.010000	102.03	104.01
0066	29	4	150	0311	33	3	104.010000	101.57	104.01
0067	11	4	050	0416	19	2	164.770000	162.59	164.77
0067	12	2	300	0738	30	2	84.770000	82.09	84.77
0067	25	1	200	0325	19	3	99.130000	97.01	99.13
0067	27	3	050	0595	21	4	167.570000	165.83	167.57
0068	13	2	050	0380	19	3	162.700000	159.94	162.70
0068	20	3	0150	0442	26	2	71.780000	69.86	71.78
0068	24	2	0400	0251	15	3	75.400000	73.50	75.40
0068	32	3	0100	0315	22	2	89.710000	87.92	89.71
0069	08	2	0100	0125	33	2	86.810000	84.96	86.81
0069	09	4	200	0466	27	1	66.820000	64.90	66.82
0069	21	2	350	0210	30	2	71.940000	70.39	71.94
0069	23	2	100	0027	09	2	107.570000	105.90	107.57
0069	28	1	300	0249	28	4	81.520000	79.52	81.52
0069	30	4	0300	0447	32	2	86.930000	84.66	86.93
0069	32	1	350	0038	08	1	90.580000	89.40	90.58
0070	07	2	300	0132	15	2	62.070000	60.14	62.07
0070	12	4	0150	0119	28	4	67.310000	65.47	67.31
0070	17	4	0100	0538	27	4	84.990000	82.27	84.99
0070	18	1	0350	0426	22	2	67.830000	66.03	67.83
0070	22	3	150	0369	18	3	70.480000	68.55	70.48
0070	23	3	0400	0216	17	2	71.040000	68.44	71.04
0070	25	3	150	0399	16	2	73.360000	71.38	73.36
0070	26	1	200	0889	35	1	77.320000	74.73	77.32
0070	28	2	0150	0586	29	3	78.760000	76.37	78.76
0070	34	2	0150	0021	20	1	89.250000	87.49	89.25
0070	35	1	250	0793	32	1	90.070000	87.55	90.07
0070	35	4	350	0346	22	2	93.850000	92.46	93.85
0071	11	1	300	0128	15	4	78.230000	76.48	78.23
0071	14	4	050	0046	32	4	184.640000	182.82	184.64
0071	20	1	300	0337	35	2	85.660000	83.66	85.66
0071	22	4	0150	0213	33	2	92.850000	91.00	92.85
0071	22	4	150	0251	24	3	86.480000	84.61	86.48
0071	29	4	050	0493	18	2	166.540000	164.20	166.54
0071	32	3	350	0663	34	1	104.000000	100.65	104.00
0071	35	2	0200	0351	24	1	104.960000	103.02	104.96
0071	35	2	300	0052	35	1	108.920000	107.10	108.92
0072	13	1	0400	0139	32	2	82.350000	80.38	82.35
0072	19	4	150	0288	22	3	86.240000	84.25	86.24
0072	25	4	0050	0129	33	3	169.190000	167.39	169.19
0072	30	1	100	0324	23	1	101.930000	100.11	101.93
0072	33	2	400	0089	28	1	inf		
0073	10	1	400	0227	16	3	76.720000	74.72	76.72
0073	22	4	350	0641	34	4	89.890000	88.12	89.89
0073	24	1	100	0149	24	2	88.940000	85.62	88.94
0074	05	3	200	0075	13	3	63.120000	61.33	63.12
0074	10	2	400	0227	24	4	71.340000	69.35	71.34
0074	25	3	300	0217	09	1	75.050000	73.35	75.05
0074	27	2	350	0620	32	4	78.870000	76.87	78.87
0074	29	4	0400	0466	24	1	162.830000	160.96	162.83
0075	06	3	0400	0034	05	4	59.930000	58.41	59.93
0075	11	2	350	0283	12	3	66.920000	65.39	66.92
0075	12	4	150	0163	10	3	68.720000	66.83	68.72
0075	29	1	100	0090	29	3	89.110000	87.30	89.11
0075	29	3	050	0366	34	2	159.890000	157.62	159.89
0075	31	2	400	0527	31	1	79.050000	76.33	79.05
0075	34	1	300	0683	25	1	84.970000	82.69	84.97
0076	06	3	050	0061	12	4	179.610000	177.73	179.61
0076	19	2	250	0313	26	2	70.490000	68.60	70.49
0076	27	4	300	0559	21	4	72.590000	70.25	72.59
0076	28	3	0100	0097	35	1	88.030000	86.23	88.03
0076	32	4	050	0032	13	4	193.230000	191.55	193.23
0077	11	2	050	0756	34	4	170.750000	167.33	170.75
0077	17	4	200	0754	34	3	81.370000	78.93	81.37
0077	27	3	100	0544	21	4	95.300000	91.94	95.30
0077	28	4	150	0562	35	3	92.320000	89.65	92.32
0077	31	3	0300	0379	24	1	99.460000	97.48	99.46
0077	33	4	050	0481	20	4	165.110000	163.26	165.11
0078	05	1	0400	0176	21	2	71.780000	71.78	70.92
0078	05	1	100	0503	33	1	90.730000	87.46	90.73
0078	08	4	0050	0268	25	1	167.510000	165.52	167.51
0078	14	3	200	0669	33	1	106.270000	89.83	106.27
0078	24	2	0200	0279	15	2	83.110000	80.64	83.11
0078	25	2	0150	0123	35	4	82.730000	80.83	82.73
0078	26	2	200	0428	31	1	85.020000	82.97	85.02
0078	27	4	0050	0038	24	4	194.440000	192.61	194.44
0079	05	4	100	0180	16	2	85.340000	83.54	85.34
0079	10	4	150	0135	32	2	74.120000	72.19	74.12
0079	18	1	200	0213	17	3	80.310000	78.39	80.31
0079	22	3	0400	0139	30	2	82.030000	80.04	82.03
0080	07	1	200	0114	06	1	70.880000	69.31	70.88
0080	16	3	050	0564	21	2	167.500000	164.92	167.50
0080	17	2	050	0436	22	4	169.060000	166.22	169.06
0081	04	3	050	0125	28	2	175.820000	174.02	175.82
0081	08	4	350	0613	30	3	74.140000	72.01	74.14
0081	16	2	0250	0265	28	3	79.420000	77.44	79.42
0081	22	1	050	0350	26	4	163.160000	161.35	163.16
0082	04	1	0350	0120	35	2	58.670000	57.00	58.67
0082	11	3	0400	0145	28	1	62.930000	61.01	62.93
0082	18	2	0400	0099	06	1	67.100000	64.47	67.10
0082	21	1	0050	0374	23	2	169.530000	166.32	169.53
0082	25	4	050	0064	06	3	179.520000	178.02	179.52
0082	26	4	0150	0388	34	4	73.740000	71.61	73.74
0082	30	1	250	0511	23	4	79.460000	76.11	79.46
0082	31	4	0050	0562	26	4	176.110000	174.25	176.11
0082	32	1	0400	0296	21	2	80.740000	78.49	80.74
0083	06	1	0250	0248	35	4	70.430000	68.46	70.43
0083	10	4	0200	0100	32	2	73.580000	71.68	73.58
0083	15	1	0250	0389	31	2	76.940000	74.82	76.94
0083	18	3	0250	0325	29	3	78.100000	76.18	78.10
0083	25	2	0250	0179	24	3	83.960000	82.08	83.96
0083	29	1	0250	0118	27	2	93.090000	91.22	93.09
0083	33	4	0350	0468	32	3	96.620000	95.11	96.62
0084	08	1	0300	0146	18	1	61.230000	59.30	61.23
0084	14	1	200	0451	29	4	59.770000	57.50	59.77
0084	16	4	200	0066	03	3	61.940000	60.50	61.94
0084	20	3	350	0173	25	3	59.760000	58.07	59.76
0084	24	3	300	0064	26	4	63.140000	61.36	63.14
0084	24	4	0400	0394	34	4	64.160000	63.94	64.16
0084	28	4	150	0184	35	2	68.110000	66.27	68.11
0084	31	2	100	0251	26	2	88.130000	85.97	88.13
0085	08	4	300	0403	20	4	55.830000	53.93	55.83
0085	23	1	050	0406	35	2	163.980000	162.03	163.98
0085	23	2	250	0902	34	2	62.620000	60.04	62.62
0085	28	1	0200	0239	17	3	75.930000	73.84	75.93
0085	29	2	350	0227	34	4	65.990000	64.32	65.99
0085	30	3	0350	0175	30	2	68.700000	67.04	68.70
0086	09	1	0100	0354	33	2	86.320000	84.43	86.32
0086	17	1	0050	0211	19	3	166.850000	166.62	166.85
0086	17	1	0300	0141	19	2	62.980000	61.07	62.98
0086	23	3	200	0518	20	2	73.500000	71.15	73.50
0086	31	4	150	0062	18	3	78.440000	76.78	78.44
0086	35	3	0200	0312	18	4	84.150000	80.32	84.15
0086	35	3	150	0204	34	2	82.190000	80.38	82.19
0087	08	1	200	0229	14	3	54.290000	52.40	54.29
0087	12	1	0300	0045	19	2	60.850000	59.03	60.85
0087	13	2	300	0099	32	2	55.670000	53.85	55.67
0087	13	4	0250	0320	21	1	57.290000	54.61	57.29
0087	23	2	300	0276	12	1	60.720000	58.83	60.72
0087	25	4	300	0227	25	3	63.240000	61.34	63.24
0087	28	4	0050	0309	15	3	169.620000	167.68	169.62
0087	31	4	200	0346	15	1	82.330000	73.85	82.33
0087	32	2	0250	0121	22	3	72.200000	70.36	72.20
0088	07	3	150	0348	24	3	67.150000	65.15	67.15
0088	10	3	350	0050	06	2	69.100000	67.88	69.10
0088	26	4	0200	0491	26	4	82.560000	80.60	82.56
0088	31	3	0150	0114	17	2	87.870000	86.09	87.87
0088	34	2	300	0247	15	2	91.890000	89.99	91.89
0089	06	4	300	0113	13	1	71.620000	69.81	71.62
0089	12	4	200	0133	13	1	72.130000	70.36	72.13
0089	13	4	050	0596	29	3	170.480000	168.56	170.48
0089	27	3	0100	0177	35	3	87.530000	85.72	87.53
0089	35	2	050	0156	25	2	179.750000	177.95	179.75
0090	15	1	300	0498	26	4	56.190000	53.93	56.19
0090	16	3	350	0669	33	1	59.530000	57.62	59.53
0090	18	1	150	0431	34	2	57.880000	55.89	57.88
0090	18	3	350	0670	30	4	55.740000	53.49	55.74
0090	28	3	400	0473	24	1	68.320000	66.44	68.32
0090	30	4	400	0082	13	4	64.990000	63.25	64.99
0090	34	3	350	0796	35	2	72.090000	70.06	72.09
0090	35	3	150	0287	11	1	71.470000	69.72	71.47
0091	11	3	050	0568	30	3	172.870000	170.12	172.87
0092	14	1	400	0196	33	4	57.210000	55.27	57.21
0092	30	4	150	0529	19	2	76.360000	73.55	76.36
0092	34	2	0250	0410	23	1	73.040000	70.59	73.04
0093	15	2	250	0246	17	1	55.180000	53.27	55.18
0093	16	4	400	0693	32	2	58.330000	53.97	58.33
0093	19	4	0350	0171	34	2	56.040000	54.26	56.04
0093	22	4	0300	0331	18	2	58.210000	56.31	58.21
0093	23	2	150	0393	28	1	62.950000	60.94	62.95
0093	33	3	0400	0065	24	1	70.850000	69.13	70.85
0093	35	3	350	0834	31	3	77.270000	75.14	77.27
0094	04	2	050	0069	11	2	179.590000	177.81	179.59
0094	13	4	300	0474	23	3	59.380000	57.49	59.38
0094	20	2	400	0366	31	2	61.930000	59.95	61.93
0094	24	2	100	0727	34	1	91.780000	88.32	91.78
0095	15	4	0050	0245	30	1	169.120000	167.01	169.12
0095	25	3	150	0620	23	1	203.270000	67.11	203.27
0095	25	3	250	0524	28	2	58.530000	55.99	58.53
0095	32	4	0050	0580	32	1	179.890000	177.52	179.89
0096	15	2	150	0432	28	4	69.380000	67.31	69.38
0096	18	3	050	0313	21	4	172.810000	171.02	172.81
0097	14	2	100	0286	12	2	93.090000	93.09	90.77
0097	18	1	200	0585	29	3	74.200000	71.47	74.20
0097	25	3	200	0585	22	4	77.260000	74.69	77.26
0097	34	2	0300	0261	15	4	93.110000	87.84	93.11
0097	35	1	200	0219	14	4	90.650000	88.80	90.65
0098	15	3	0400	0224	28	3	52.720000	50.70	52.72
0098	20	4	0350	0019	16	4	53.910000	52.34	53.91
0098	28	4	0350	0087	09	4	60.440000	58.92	60.44
0098	34	2	150	0064	34	3	72.450000	70.59	72.45
0098	35	4	300	0177	08	2	67.690000	65.99	67.69
0099	07	1	400	0249	26	3	63.670000	61.68	63.67
0099	10	1	300	0670	35	4	67.330000	64.97	67.33
0099	10	3	200	0123	14	1	64.950000	63.16	64.95
0099	16	3	0150	0281	33	3	69.680000	67.71	69.68
0099	18	4	0100	0120	17	2	94.420000	92.67	94.42
0099	19	4	200	0422	31	3	71.570000	69.57	71.57
0099	20	4	0250	0210	30	2	71.460000	69.44	71.46
0099	32	2	200	0301	30	3	86.480000	84.54	86.48
0100	06	2	150	0157	15	2	65.010000	63.18	65.01
0100	23	3	050	0432	21	1	170.470000	167.68	170.47
0101	12	4	200	0167	21	1	66.230000	64.39	66.23
0101	26	4	050	0798	29	1	174.710000	171.55	174.71
0101	33	4	300	0461	28	1	85.010000	82.67	85.01
0102	13	1	0300	0127	25	1	50.770000	48.80	50.77
0102	13	4	400	0469	24	1	50.830000	48.86	50.83
0102	14	2	0100	0271	24	4	88.110000	86.25	88.11
0102	14	2	050	0493	26	4	172.940000	170.53	172.94
0102	17	2	300	0305	24	4	50.590000	48.71	50.59
0102	24	3	350	0174	24	4	54.530000	52.77	54.53
0103	09	4	300	0068	08	4	62.850000	61.21	62.85
0103	15	2	200	0153	27	2	72.980000	71.16	72.98
0103	25	2	300	0325	15	2	72.530000	70.65	72.53
0103	27	2	200	0114	35	4	75.780000	75.70	75.78
0103	27	4	400	0055	28	3	82.140000	80.27	82.14
0104	04	4	400	0063	34	3	57.950000	56.14	57.95
0104	10	3	0100	0345	27	4	86.750000	85.07	86.75
0104	21	1	300	0609	25	1	67.230000	64.88	67.23
0104	26	2	0100	0499	24	4	90.340000	87.53	90.34
0104	26	4	0100	0611	34	3	93.410000	90.00	93.41
0104	27	4	400	0036	26	3	77.720000	75.89	77.72
0104	28	2	300	0580	25	2	74.390000	72.48	74.39
0104	29	3	150	0664	27	2	74.650000	72.30	74.65
0104	30	3	050	0103	26	1	185.110000	183.32	185.11
0104	30	3	100	0341	14	1	90.960000	89.01	90.96
0104	30	3	100	0707	32	2	94.730000	91.36	94.73
0105	05	3	350	0328	31	1	52.990000	50.81	52.99
0105	10	4	150	0396	31	2	62.120000	59.89	62.12
0105	17	3	150	0496	27	4	63.210000	60.58	63.21
0105	21	3	0200	0538	30	2	52.880000	50.42	52.88
0105	27	4	0300	0108	31	4	55.510000	53.68	55.51
0105	34	2	400	0132	29	3	71.340000	69.41	71.34
0105	34	3	100	0165	07	3	90.360000	88.82	90.36
0106	09	3	400	0020	20	4	57.450000	55.63	57.45
0106	11	1	200	0049	13	4	53.710000	51.92	53.71
0106	15	1	100	0550	25	3	90.930000	87.99	90.93
0106	22	1	350	0451	27	2	59.470000	57.81	59.47
0106	26	1	0150	0393	31	4	63.530000	61.57	63.53
0106	32	4	150	0869	35	4	70.900000	68.37	70.90
0106	35	1	100	0331	12	2	91.590000	89.84	91.59
0107	06	4	300	0053	33	3	60.750000	58.87	60.75
0107	06	4	350	0239	23	2	60.460000	58.70	60.46
0107	24	1	100	0159	23	1	89.240000	87.44	89.24
0107	26	1	0050	0088	25	3	180.610000	178.81	180.61
0108	15	2	050	0174	30	3	172.240000	170.42	172.24
0108	15	4	050	0171	10	4	171.790000	170.17	171.79
0108	20	3	0200	0368	22	4	50.550000	48.61	50.55
0108	23	3	0300	0137	30	2	50.860000	48.86	50.86
0108	24	1	350	0224	30	1	51.980000	50.22	51.98
0108	26	2	350	0401	27	1	55.480000	53.73	55.48
0108	32	3	0300	0303	35	1	61.070000	59.13	61.07
0109	08	2	100	0072	06	2	97.330000	95.76	97.33
0109	19	3	0100	0044	04	1	95.200000	93.73	95.20
0109	26	2	0200	0345	21	4	72.940000	71.01	72.94
0109	31	2	250	0284	15	4	83.860000	81.92	83.86
0110	24	4	400	0607	30	2	54.660000	52.40	54.66
0110	29	3	100	0375	17	1	91.750000	89.74	91.75
0110	33	2	350	0220	32	2	59.480000	57.83	59.48
0111	13	1	350	0473	25	3	49.340000	47.71	49.34
0111	17	1	250	0200	23	1	50.390000	48.46	50.39
0111	18	2	0400	0219	35	3	51.190000	48.93	51.19
0111	21	2	0250	0369	31	3	52.740000	50.49	52.74
0111	21	2	200	0367	34	3	57.860000	55.15	57.86
0111	31	1	0300	0091	08	4	60.090000	58.55	60.09
0112	13	3	250	0221	27	4	49.690000	47.78	49.69
0112	14	3	300	0251	18	3	50.000000	48.07	50.00
0112	21	1	0200	0485	28	3	57.340000	55.15	57.34
0112	21	4	350	0252	24	3	55.170000	53.37	55.17
0112	28	3	350	0114	18	1	57.890000	56.22	57.89
0112	29	1	150	0352	26	2	68.180000	66.26	68.18
0112	29	1	250	0686	28	2	58.320000	55.30	58.32
0112	35	3	0150	0567	32	3	70.350000	68.34	70.35
0113	07	3	100	0074	08	1	90.970000	89.41	90.97
0113	20	1	200	0180	08	3	68.210000	66.72	68.21
0113	20	3	200	0161	08	2	67.780000	65.76	67.78
0113	24	1	400	0614	24	2	70.940000	68.34	70.94
0113	26	3	200	0325	14	2	73.120000	71.09	73.12
0114	21	2	150	0437	22	2	62.020000	60.10	62.02
0114	31	3	0300	0170	22	1	57.140000	55.28	57.14
0115	28	1	350	0267	13	4	55.570000	53.99	55.57
0115	29	2	100	0544	22	3	97.090000	93.20	97.09
0115	34	3	250	0447	21	1	62.790000	60.55	62.79
0115	35	2	0150	0093	11	2	66.420000	63.79	66.42
0116	09	3	0300	0087	34	1	45.640000	43.78	45.64
0116	14	1	400	0204	27	2	47.330000	45.46	47.33
0116	16	1	0200	0093	10	4	48.860000	47.20	48.86
0116	18	4	200	0150	10	4	48.910000	47.26	48.91
0116	30	4	0050	0340	24	1	178.620000	176.83	178.62
0117	08	1	100	0214	35	2	93.070000	91.16	93.07
0117	17	2	350	0515	34	3	141.260000	139.08	141.26
0117	22	2	0350	0125	15	1	63.350000	61.79	63.35
0118	09	4	350	0382	34	4	50.450000	48.53	50.45
0118	18	1	300	0724	31	2	55.310000	52.91	55.31
0118	21	2	100	0738	35	3	93.780000	90.36	93.78
0118	22	2	0400	0170	29	4	56.690000	54.80	56.69
0119	06	4	250	0147	27	2	49.730000	47.95	49.73
0119	10	1	150	0321	32	4	59.780000	57.80	59.78
0119	11	4	400	0190	35	4	45.880000	43.93	45.88
0119	20	3	0350	0311	30	2	50.360000	47.55	50.36
0119	29	1	250	0696	28	1	56.330000	54.03	56.33
0119	30	4	050	0447	18	3	187.930000	185.30	187.93
0119	34	2	250	0314	16	1	60.680000	58.75	60.68
0120	09	4	100	0369	28	3	89.310000	87.24	89.31
0120	11	1	150	0223	30	2	59.780000	57.99	59.78
0120	15	4	300	0070	04	1	44.720000	42.92	44.72
0120	21	4	350	0175	17	3	46.730000	44.99	46.73
0120	23	4	0250	0159	17	1	161.700000	159.84	161.70
0120	23	4	300	0258	35	4	47.990000	45.97	47.99
0121	09	1	300	0046	18	2	55.000000	53.10	55.00
0121	27	1	0050	0464	30	3	181.880000	179.56	181.88
0121	29	2	300	0448	18	3	64.940000	63.07	64.94
0121	34	4	400	0035	27	3	73.480000	71.75	73.48
0122	25	4	0150	0180	32	3	62.780000	60.89	62.78
0122	32	2	350	0432	35	4	68.640000	67.08	68.64
0122	32	2	350	0494	29	3	64.600000	62.88	64.60
0123	15	2	0300	0250	30	1	48.260000	46.37	48.26
0123	19	4	050	0491	30	2	174.180000	172.25	174.18
0123	22	3	100	0487	29	2	93.190000	90.13	93.19
0124	12	4	250	0155	09	3	44.520000	42.78	44.52
0124	19	1	0050	0079	05	2	181.660000	180.19	181.66
0124	19	2	0400	0035	02	3	172.760000	172.76	172.69
0124	19	3	300	0317	32	4	45.960000	44.04	45.96
0124	21	2	300	0169	22	1	46.400000	44.52	46.40
0124	22	1	400	0727	29	2	56.950000	54.69	56.95
0124	26	3	0250	0055	13	3	50.030000	48.30	50.03
0124	28	4	150	0399	32	4	61.470000	59.51	61.47
0124	32	4	250	0168	25	2	56.680000	54.71	56.68
0124	35	2	200	0142	11	4	58.180000	56.49	58.18
0125	20	4	0100	0216	28	4	88.600000	86.72	88.60
0126	24	1	250	0557	29	4	53.380000	51.21	53.38
0126	29	2	0100	0482	33	3	92.700000	90.66	92.70
0127	28	2	350	0208	30	3	70.080000	68.24	70.08
0127	33	2	350	0772	35	2	76.160000	74.15	76.16
0128	31	1	050	0264	34	4	183.430000	181.34	183.43
0128	34	2	250	0567	25	2	57.090000	54.44	57.09
0129	14	2	100	0546	29	3	95.360000	92.12	95.36
0129	16	3	0050	0152	27	3	179.240000	177.16	179.24
0129	29	2	200	0015	14	1	67.640000	65.91	67.64
0129	31	1	200	0226	12	4	inf
0129	35	1	350	0236	10	2	59.900000	58.50	59.90
0131	07	2	0100	0040	13	2	inf
0131	14	3	0400	0068	19	4	inf
0131	15	1	0300	0252	30	2	inf
0131	21	1	0400	0321	30	1	inf
0131	21	2	0150	0483	31	1	inf
0131	25	3	0350	0168	30	1	inf
0131	26	1	0100	0215	22	4	inf
0131	28	1	300	0109	07	4	inf		
0131	33	2	350	0767	30	1	inf		
0132	16	3	0250	0263	17	4	43.200000	41.35	43.20
0132	21	1	300	0191	31	2	44.210000	42.14	44.21
0132	24	3	0200	0341	19	2	50.050000	46.22	50.05
0132	30	3	300	0166	21	4	56.130000	54.24	56.13
0132	32	4	050	0305	26	3	186.920000	185.08	186.92
0133	14	1	300	0518	32	4	44.350000	42.11	44.35
0133	20	3	0350	0174	28	2	44.050000	42.29	44.05
0133	26	3	100	0458	25	3	93.900000	91.92	93.90
0133	26	3	150	0305	21	4	60.650000	58.54	60.65
0133	27	4	0250	0075	35	4	49.390000	47.83	49.39
0133	31	3	350	0882	35	3	52.430000	50.03	52.43
0134	11	4	0300	0213	29	3	48.450000	46.20	48.45
0134	21	1	100	0234	14	3	96.140000	93.80	96.14
0134	21	2	400	0419	26	2	50.930000	50.92	50.93
0134	21	4	0350	0295	28	2	51.380000	49.45	51.38
0134	23	1	300	0441	26	2	167.460000	165.56	167.46
0134	27	2	300	0040	12	3	55.670000	54.00	55.67
0134	33	2	300	0385	33	3	61.480000	59.39	61.48
0135	21	1	200	0214	11	2	71.260000	44.28	71.26
0135	30	2	350	0177	16	1	49.250000	47.56	49.25
0136	13	3	0050	0041	28	3	225.150000	223.37	225.15
0136	21	2	200	0771	33	2	50.230000	48.08	50.23
0136	22	1	0050	0037	16	2	199.310000	197.53	199.31
0136	22	1	0150	0284	28	4	62.170000	59.82	62.17
0136	25	1	200	0423	17	1	52.790000	50.90	52.79
0136	28	1	0400	0578	29	3	49.720000	47.63	49.72
0137	26	2	250	0225	22	3	inf		
0137	31	1	050	0043	23	1	inf		
0137	34	2	0150	0330	27	3	inf
0138	25	1	300	0143	13	2	48.330000	43.49	48.33
0138	29	4	0400	0043	16	2	49.020000	47.21	49.02
0139	08	3	100	0326	27	2	inf		
0139	09	1	200	0442	30	1	inf		
0139	15	2	300	0230	28	2	inf		
0139	22	4	300	0299	32	3	inf		
0139	23	4	100	0085	13	4	inf		
0139	26	2	0050	0151	24	3	inf
0139	31	4	050	0752	35	4	inf		
0139	34	2	0150	0406	33	1	inf
0140	08	1	250	0335	35	3	53.500000	50.68	53.50
0140	11	1	050	0335	25	3	254.940000	253.14	254.94
0140	14	2	050	0708	35	3	186.420000	184.53	186.42
0140	14	2	100	0315	19	1	90.020000	88.20	90.02
0140	14	3	400	0179	31	1	42.550000	40.78	42.55
0140	14	4	0350	0112	18	3	46.600000	44.81	46.60
0140	18	2	250	0422	30	2	45.290000	43.33	45.29
0140	23	3	150	0422	33	3	66.330000	64.21	66.33
0141	13	2	0400	0429	33	2	44.620000	42.68	44.62
0141	27	3	200	0865	35	4	54.230000	50.99	54.23
0142	07	2	200	0145	14	3	68.600000	66.77	68.60
0142	22	1	400	0070	20	4	53.810000	51.99	53.81
0142	23	3	100	0030	25	3	110.640000	108.87	110.64
0142	28	3	0350	0199	20	4	55.530000	53.89	55.53
0142	32	2	0200	0266	22	1	59.780000	57.83	59.78
0143	13	1	0050	0080	07	2	230.980000	229.41	230.98
0143	21	3	400	0129	13	3	52.520000	51.56	52.52
0144	18	4	0350	0128	15	1	40.870000	39.06	40.87
0144	27	1	100	0076	06	1	100.010000	97.49	100.01
0144	31	1	400	0604	28	2	49.840000	47.59	49.84
0145	21	2	0300	0289	34	2	42.280000	40.23	42.28
0145	23	4	050	0245	24	1	201.620000	199.45	201.62
0145	24	2	0300	0100	11	2	44.300000	42.67	44.30
0146	18	2	150	0043	15	4	69.940000	68.18	69.94
0146	22	3	100	0703	32	3	96.960000	93.98	96.96
0146	26	2	0100	0420	28	1	95.410000	92.79	95.41
0146	28	1	0100	0264	29	1	105.790000	103.91	105.79
0146	32	4	100	0567	23	1	108.050000	105.05	108.05
0147	11	1	200	0143	13	1	78.890000	77.13	78.89
0147	15	4	250	0031	06	2	63.490000	61.96	63.49
0147	16	4	0150	0101	28	3	88.290000	86.49	88.29
0147	21	4	050	0538	28	2	191.690000	189.83	191.69
0147	23	1	200	0238	16	3	47.440000	45.54	47.44
0147	24	3	200	0181	14	2	114.810000	114.81	49.62
0147	29	2	0350	0197	13	2	46.580000	44.77	46.58
0147	31	1	0350	0224	32	3	47.870000	46.14	47.87
0147	32	4	200	0076	11	1	54.940000	53.28	54.94
0147	34	2	150	0116	08	4	71.030000	69.50	71.03
0148	18	1	250	0394	24	3	57.600000	55.74	57.60
0148	18	4	150	0184	19	2	78.390000	76.24	78.39
0148	21	2	150	0064	13	4	67.720000	66.00	67.72
0148	25	3	150	0139	23	2	66.810000	64.90	66.81
0148	31	4	0200	0347	32	4	57.500000	55.16	57.50
0148	32	2	250	0479	18	3	51.980000	50.09	51.98
0148	35	2	0050	0071	20	2	203.740000	201.95	203.74
0149	08	4	200	0427	34	2	inf		
0150	09	2	250	0310	30	4	66.380000	64.42	66.38
0150	15	2	100	0153	21	2	139.300000	137.57	139.30
0150	31	2	0300	0147	19	1	47.120000	45.21	47.12
0151	16	3	0100	0036	04	4	inf
0151	31	2	0300	0238	15	4	inf
0151	33	4	150	0183	20	2	inf		
0152	09	2	350	0286	21	3	51.420000	46.56	51.42
0152	24	4	200	0835	34	4	64.160000	61.64	64.16
0152	26	1	0150	0336	31	1	67.710000	65.73	67.71
0152	28	4	350	0468	34	3	50.120000	48.28	50.12
0152	31	1	0150	0227	17	2	70.540000	68.78	70.54
0152	31	2	050	0418	17	1	207.680000	203.72	207.68
0152	34	1	0400	0038	23	3	50.720000	48.96	50.72
0153	19	4	0400	0027	24	1	41.540000	39.76	41.54
0153	28	2	350	0305	21	4	50.620000	48.62	50.62
0153	32	2	350	0089	34	2	48.660000	47.04	48.66
0153	34	2	0250	0186	24	3	51.180000	49.15	51.18
0154	11	4	350	0386	32	1	48.610000	46.10	48.61
0154	19	3	0400	0303	31	4	65.320000	55.44	65.32
0154	25	1	0250	0375	31	3	123.640000	121.67	123.64
0154	35	2	0150	0431	34	4	68.780000	66.79	68.78
0155	17	4	300	0307	29	4	55.870000	53.91	55.87
0155	23	3	300	0097	21	4	56.600000	54.77	56.60
0156	06	4	400	0003	02	1	92.700000	91.33	92.70
0156	30	1	0350	0429	25	4	46.410000	44.69	46.41
0156	30	1	350	0570	32	4	50.760000	48.78	50.76
0156	35	4	350	0167	31	3	50.250000	48.54	50.25
0157	15	2	250	0219	35	4	inf		
0157	17	2	400	0145	16	4	inf		
0157	32	1	0300	0148	34	3	inf
0157	32	1	0300	0541	35	2	inf
0157	33	1	250	0516	27	2	inf		
0158	20	1	350	0104	14	3	52.680000	51.03	52.68
0158	25	4	100	0261	29	3	160.650000	158.80	160.65
0158	30	4	350	0149	07	2	54.270000	52.85	54.27
0158	31	2	200	0085	05	2	60.290000	58.82	60.29
0158	34	2	100	0290	11	2	102.260000	100.16	102.26
0158	35	2	0050	0311	23	2	217.250000	213.45	217.25
0159	16	1	150	0350	30	4	108.720000	106.65	108.72
0159	24	3	300	0449	20	2	55.850000	53.98	55.85
0159	28	3	0200	0098	24	2	80.290000	78.47	80.29
0159	29	2	200	0300	22	1	72.530000	70.57	72.53
0160	09	1	0400	0233	35	4	48.840000	46.90	48.84
0160	14	1	0050	0119	15	1	329.330000	327.53	329.33
0160	15	4	050	0228	28	2	325.820000	324.06	325.82
0160	27	1	0150	0077	19	4	93.660000	91.87	93.66
0160	34	3	0350	0313	35	4	49.130000	47.26	49.13
0161	15	2	0150	0373	29	2	108.850000	106.76	108.85
0161	33	3	0200	0050	34	1	71.180000	69.43	71.18
0161	34	2	150	0392	17	1	88.190000	86.23	88.19
0162	09	4	200	0217	20	1	83.900000	81.96	83.90
0162	10	2	0150	0030	07	4	117.140000	115.58	117.14
0162	14	4	0100	0163	26	3	167.380000	165.61	167.38
0162	19	4	200	0145	09	1	79.710000	78.12	79.71
0162	23	4	100	0678	33	1	149.830000	143.40	149.83
0162	28	4	100	0023	16	3	168.540000	166.76	168.54
0162	30	2	350	0287	22	3	44.370000	42.61	44.37
0162	31	3	350	0172	13	2	44.230000	42.40	44.23
0162	32	1	050	0235	14	4	198.430000	196.67	198.43
0163	14	3	400	0100	05	1	inf		
0163	20	3	300	0228	12	2	inf		
0163	26	3	100	0284	14	2	inf		
0163	29	1	350	0591	28	1	inf		
0164	18	3	150	0162	11	2	113.750000	109.23	113.75
0164	33	1	0100	0095	07	3	238.820000	236.26	238.82
0164	33	1	0100	0239	21	2	100.670000	98.84	100.67
0165	10	4	150	0024	10	3	119.050000	117.42	119.05
0165	16	4	300	0570	31	4	62.100000	59.77	62.10
0165	18	1	0100	0098	30	3	163.860000	161.13	163.86
0165	22	2	100	0075	04	4	165.690000	163.19	165.69
0165	30	1	300	0281	20	3	55.180000	53.63	55.18
0165	32	2	200	0325	18	4	69.400000	67.36	69.40
0166	28	4	050	0048	34	3	296.120000	294.51	296.12
0167	10	3	200	0032	03	1	inf		
0167	15	1	400	0446	26	4	inf		
0167	18	4	0150	0085	31	2	inf
0167	23	1	350	0324	28	2	inf		
0167	26	4	0150	0098	27	4	inf
0168	12	1	300	0132	15	1	56.970000	55.12	56.97
0168	21	1	0150	0082	29	1	110.480000	108.69	110.48
0168	23	4	0250	0246	17	3	72.710000	70.81	72.71
0169	11	2	100	0290	35	3	164.730000	162.88	164.73
0169	13	3	050	0427	24	3	326.630000	324.23	326.63
0169	13	4	0150	0018	14	1	126.510000	124.76	126.51
0169	32	1	300	0655	30	4	61.040000	58.90	61.04
0170	13	2	0350	0048	11	2	51.480000	49.71	51.48
0171	20	3	200	0101	20	1	84.840000	83.00	84.84
0171	26	4	0250	0238	28	3	68.350000	66.46	68.35
0171	29	4	0050	0299	21	2	298.890000	296.94	298.89
0172	08	2	250	0212	31	1	67.200000	64.99	67.20
0172	26	1	0100	0382	34	3	166.580000	163.42	166.58
0172	35	4	100	0709	35	3	130.250000	127.07	130.25
0173	07	1	050	0110	29	3	inf		
0173	09	3	050	0368	35	4	inf		
0173	10	1	0350	0011	02	4	inf
0173	31	1	150	0569	27	1	inf		
0173	33	4	300	0212	27	3	inf		
0173	34	2	200	0067	30	2	inf		
0174	15	4	050	0332	26	1	321.520000	319.75	321.52
0174	21	4	300	0203	23	2	59.700000	57.84	59.70
0174	25	2	0350	0308	33	4	50.260000	48.09	50.26
0175	12	3	250	0143	18	2	73.990000	72.09	73.99
0175	21	1	0300	0045	11	3	65.860000	64.24	65.86
0175	28	3	0350	0359	31	3	49.100000	46.95	49.10
0175	35	2	0200	0332	31	3	68.900000	66.79	68.90
0175	35	2	400	0038	29	3	47.980000	46.28	47.98
0176	11	4	300	0095	28	2	57.580000	55.77	57.58
0176	16	3	250	0276	21	4	68.120000	66.28	68.12
0176	17	2	150	0090	10	2	119.070000	116.43	119.07
0176	31	4	0400	0030	03	3	53.400000	52.05	53.40
0177	13	2	050	0175	33	1	334.910000	333.12	334.91
0177	18	2	050	0204	29	3	329.260000	327.47	329.26
0178	11	4	050	0283	26	3	325.970000	322.13	325.97
0178	30	3	0150	0395	23	2	111.130000	106.79	111.13
0179	21	4	0250	0255	19	4	inf
0179	22	4	0250	0442	35	3	inf
0180	06	2	150	0047	25	1	115.270000	113.47	115.27
0180	15	3	0300	0267	29	2	58.550000	56.52	58.55
0180	21	1	0150	0492	31	2	115.750000	113.60	115.75
0180	26	4	250	0539	24	4	75.680000	73.30	75.68
0180	30	1	100	0626	31	2	155.120000	151.84	155.12
0180	35	4	150	0512	20	4	105.890000	103.10	105.89
0181	09	4	350	0122	34	3	inf		
0181	18	1	400	0462	30	3	inf		
0181	22	3	300	0471	24	1	inf		
0181	24	3	350	0088	27	2	inf		
0181	26	4	200	0127	12	2	inf		
0181	28	3	350	0667	29	4	inf		
0181	30	2	350	0605	29	4	inf		
0181	32	1	200	0555	32	3	inf		
0181	33	3	400	0411	33	3	inf		
0181	34	4	0300	0182	23	3	inf
0182	15	3	0100	0136	15	4	173.590000	170.37	173.59
0182	21	3	300	0035	20	3	67.360000	65.57	67.36
0182	35	1	0300	0068	04	1	56.750000	55.30	56.75
0183	13	1	0400	0103	28	4	49.320000	47.34	49.32
0183	16	4	200	0200	10	4	87.510000	85.55	87.51
0183	18	3	0050	0121	27	1	340.110000	338.27	340.11
0183	18	4	100	0069	06	3	171.970000	170.42	171.97
0183	19	1	050	0049	22	2	345.380000	343.61	345.38
0183	20	1	250	0340	28	2	68.680000	66.67	68.68
0183	26	2	050	0366	33	1	316.010000	313.85	316.01
0184	08	3	200	0062	16	4	86.580000	84.78	86.58
0184	27	2	0300	0279	22	4	59.880000	57.93	59.88
0184	34	1	0100	0363	21	4	167.510000	165.86	167.51
0185	09	3	0050	0044	33	1	338.040000	336.37	338.04
0185	27	2	0050	0395	30	3	324.770000	322.46	324.77
0185	27	3	350	0174	17	1	51.070000	49.22	51.07
0185	33	2	350	0104	29	1	51.660000	49.62	51.66
0186	13	1	150	0245	15	2	108.930000	107.32	108.93
0186	20	4	300	0193	22	4	59.910000	57.42	59.91
0186	22	4	400	0227	27	1	49.080000	47.20	49.08
0186	28	1	0150	0211	15	4	114.550000	112.74	114.55
0186	30	1	0150	0101	12	4	115.400000	113.72	115.40
0186	30	4	250	0367	27	1	73.120000	71.25	73.12
0187	23	3	100	0112	22	3	170.150000	168.35	170.15
0187	31	2	0400	0137	24	4	45.800000	43.89	45.80
0188	22	4	100	0440	24	2	265.230000	263.26	265.23
0188	23	2	100	0262	30	3	169.780000	167.81	169.78
0188	26	3	350	0313	21	2	50.070000	48.21	50.07
0188	28	3	050	0448	30	3	325.870000	323.96	325.87
0189	12	3	100	0218	16	1	162.680000	160.68	162.68
0190	13	1	0100	0029	19	2	177.320000	175.37	177.32
0190	16	3	400	0131	09	2	49.350000	47.71	49.35
0190	18	2	0300	0473	35	3	62.410000	60.23	62.41
0190	19	3	300	0450	23	2	60.130000	58.13	60.13
0191	10	4	250	0013	12	1	inf		
0191	17	3	100	0420	32	4	inf		
0191	22	1	400	0572	25	3	inf		
0191	27	4	300	0123	25	3	inf		
0191	34	4	400	0221	10	2	inf		
0191	35	3	0100	0196	17	2	inf
0192	23	2	0050	0099	08	2	329.780000	328.22	329.78
0192	24	1	200	0313	20	2	84.050000	82.11	84.05
0192	28	2	400	0293	17	2	50.710000	47.24	50.71
0192	33	2	200	0225	13	3	91.070000	87.23	91.07
0192	34	2	0250	0033	30	2	73.830000	72.10	73.83
0193	13	2	0400	0103	31	1	inf
0193	14	3	250	0235	21	4	inf		
0193	19	4	100	0125	24	4	inf		
0193	35	1	050	0523	28	4	inf		
0194	31	2	0250	0087	22	2	70.740000	68.88	70.74
0194	34	2	300	0317	23	4	58.940000	57.03	58.94
0195	11	4	400	0422	31	1	46.820000	44.86	46.82
0195	13	4	300	0503	34	1	62.660000	60.31	62.66
0195	22	2	0250	0463	32	3	72.660000	70.74	72.66
0195	22	2	300	0232	23	3	57.610000	55.72	57.61
0195	30	2	0200	0403	35	4	83.010000	80.74	83.01
0196	21	1	0400	0185	25	3	46.490000	44.64	46.49
0196	27	4	400	0492	35	1	46.920000	44.76	46.92
0196	28	1	0300	0241	35	1	61.680000	59.75	61.68
0196	29	2	400	0193	19	4	49.040000	47.24	49.04
0196	30	1	400	0347	30	1	45.810000	43.93	45.81
0196	32	4	400	0594	24	3	48.340000	45.97	48.34
0196	35	1	400	0034	19	2	47.140000	45.42	47.14
0197	21	1	200	0152	20	3	inf		
0197	24	2	0300	0220	24	2	inf
0197	31	4	0250	0095	25	2	inf
0197	34	3	150	0548	32	2	inf		
0198	18	1	350	0296	18	2	49.960000	48.12	49.96
0198	22	2	050	0561	32	1	328.860000	326.57	328.86
0198	25	1	300	0654	29	4	60.920000	58.90	60.92
0198	31	2	350	0289	28	1	54.330000	52.51	54.33
0198	33	3	350	0795	32	2	53.790000	50.72	53.79
0199	16	3	200	0035	33	3	inf		
0199	22	2	150	0440	28	4	inf		
0199	31	4	300	0073	33	2	inf		
0199	33	2	050	0630	33	4	inf		
0200	11	3	300	0019	13	4	69.690000	68.18	69.69
0200	35	2	0400	0085	35	4	50.610000	44.45	50.61
0200	35	3	0300	0599	33	3	62.370000	60.24	62.37
0201	15	3	150	0068	28	3	114.500000	112.68	114.50
0201	21	2	300	0620	34	1	61.150000	59.09	61.15
0201	30	1	300	0202	20	3	62.650000	60.81	62.65
0201	33	1	300	0355	16	2	62.960000	61.08	62.96
0201	33	4	050	0063	28	1	333.080000	331.31	333.08
0202	26	1	0300	0484	29	1	61.620000	59.27	61.62
0202	29	1	250	0473	24	4	77.480000	73.60	77.48
0203	17	1	250	0076	15	4	70.160000	67.74	70.16
0203	18	2	0200	0035	15	3	89.390000	87.64	89.39
0203	30	4	350	0764	33	1	57.020000	54.86	57.02
0204	12	1	350	0296	26	3	49.890000	48.06	49.89
0204	14	2	050	0204	21	4	325.060000	323.29	325.06
0204	22	4	150	0042	18	1	120.820000	119.23	120.82
0204	30	1	200	0595	27	2	87.520000	84.86	87.52
0205	19	1	300	0428	30	2	61.980000	60.01	61.98
0205	29	3	0350	0121	18	1	54.230000	52.41	54.23
0205	31	4	050	0105	19	4	336.080000	333.43	336.08
0205	33	3	400	0240	29	3	50.770000	48.90	50.77
0205	35	4	0300	0361	27	3	59.430000	54.56	59.43
0206	09	2	050	0110	26	3	326.060000	324.22	326.06
0207	15	1	0350	0064	15	2	58.320000	52.23	58.32
0207	15	2	0100	0155	16	2	171.540000	169.76	171.54
0207	20	4	0050	0145	29	3	334.760000	333.00	334.76
0207	31	1	400	0060	21	2	46.730000	44.98	46.73
0208	13	2	0300	0074	26	3	60.290000	58.21	60.29
0208	25	1	050	0204	28	2	329.980000	328.20	329.98
0208	29	4	0400	0337	29	1	44.770000	42.79	44.77
0208	32	2	350	0532	33	2	53.490000	51.50	53.49
0209	19	4	050	0255	30	4	324.430000	322.79	324.43
0209	26	4	400	0340	19	2	46.720000	44.80	46.72
0209	27	2	050	0159	07	1	467.510000	465.89	467.51
0209	28	2	250	0188	31	4	68.350000	66.49	68.35
0209	31	2	300	0339	18	4	59.930000	58.06	59.93
0210	32	1	250	0412	19	3	69.440000	67.51	69.44
0210	34	2	400	0291	24	3	48.040000	46.16	48.04
0211	14	4	0350	0103	17	2	inf
0211	21	3	400	0101	07	1	inf		
0211	31	4	0150	0206	34	2	inf
0212	23	4	250	0301	15	3	72.870000	70.93	72.87
0212	29	1	400	0564	33	2	48.400000	46.06	48.40
0212	31	4	0050	0542	35	1	318.150000	316.07	318.15
0212	34	3	300	0661	33	3	59.800000	57.49	59.80
0213	17	1	050	0495	28	3	325.290000	323.05	325.29
0214	20	1	0400	0124	19	4	44.470000	42.60	44.47
0214	20	3	150	0239	23	3	111.610000	109.72	111.61
0214	24	2	0200	0254	31	4	84.700000	82.74	84.70
0214	24	4	400	0627	31	1	46.680000	44.63	46.68
0214	26	2	150	0313	17	1	110.510000	108.59	110.51
0214	29	2	200	0471	24	4	86.400000	84.44	86.40
0215	23	4	250	0187	13	2	74.010000	72.19	74.01
0216	11	3	0300	0045	10	2	58.730000	58.73	58.56
0216	16	2	0150	0022	21	4	121.720000	119.93	121.72
0216	17	4	200	0010	09	1	100.380000	98.84	100.38
0216	21	4	050	0562	35	1	325.040000	322.53	325.04
0216	22	2	0100	0354	32	4	163.240000	161.45	163.24
0217	15	1	350	0309	25	4	54.970000	53.12	54.97
0217	17	4	0100	0147	25	2	165.730000	163.76	165.73
0217	18	2	350	0570	30	2	52.450000	50.33	52.45
0217	19	4	300	0500	34	2	61.210000	59.15	61.21
0217	20	1	0200	0212	32	2	89.080000	86.45	89.08
0217	21	2	150	0100	23	2	112.250000	110.45	112.25
0218	13	3	0250	0179	35	3	68.370000	66.46	68.37
0218	29	4	250	0085	26	4	69.900000	68.11	69.90
0218	31	1	0350	0175	13	4	49.170000	47.40	49.17
0219	17	1	200	0240	19	1	88.850000	86.91	88.85
0219	18	4	350	0285	21	2	54.950000	53.11	54.95
0219	25	2	050	0526	27	2	316.220000	314.21	316.22
0219	27	1	300	0105	14	2	63.730000	61.95	63.73
0219	30	1	0050	0529	34	2	233.360000	231.20	233.36
0219	34	3	050	0140	31	3	316.170000	314.34	316.17
0220	16	2	150	0384	33	1	110.140000	108.05	110.14
0220	19	4	050	0351	34	1	318.750000	316.91	318.75
0220	22	4	250	0231	16	4	73.450000	71.39	73.45
0220	26	1	150	0391	34	4	109.680000	107.57	109.68
0220	29	2	0050	0487	29	3	308.730000	306.51	308.73
0220	32	1	050	0596	33	2	310.640000	308.47	310.64
0220	33	3	0300	0209	15	2	47.620000	45.34	47.62
0221	16	4	350	0253	32	1	55.030000	53.11	55.03
0221	19	1	400	0306	35	2	44.930000	42.97	44.93
0221	19	2	0150	0225	25	2	116.650000	114.82	116.65
0221	21	3	150	0548	31	1	113.660000	110.82	113.66
0222	17	2	400	0306	27	4	48.640000	46.70	48.64
0222	19	3	350	0073	26	3	57.140000	55.35	57.14
0223	23	1	0050	0434	29	2	inf
0223	26	1	150	0501	29	4	inf		
0223	28	3	400	0395	35	4	inf		
0223	30	4	050	0557	31	3	inf		
0224	15	1	400	0377	23	2	46.900000	44.74	46.90
0224	18	4	200	0199	20	1	86.200000	85.29	86.20
0224	24	3	0250	0188	30	1	67.000000	64.77	67.00
0225	08	1	150	0028	18	4	124.100000	122.46	124.10
0225	25	4	050	0466	23	4	316.770000	314.61	316.77
0225	28	1	0300	0318	23	4	57.300000	55.43	57.30
0225	35	3	200	0472	19	2	76.900000	74.59	76.90
0226	13	3	150	0355	26	2	114.160000	112.21	114.16
0226	19	1	0050	0074	25	2	334.600000	332.80	334.60
0226	28	2	400	0458	24	2	47.130000	45.20	47.13
0226	33	2	0350	0430	35	2	49.640000	49.39	49.64
0226	33	2	100	0768	33	4	154.880000	151.42	154.88
0227	24	4	0350	0112	13	3	inf
0227	24	4	100	0239	20	3	inf		
0227	28	1	100	0577	33	2	inf		
0227	30	4	0200	0180	12	1	inf
0227	35	2	400	0288	30	3	inf		
0228	13	3	050	0043	13	4	338.610000	336.99	338.61
0228	14	1	250	0185	26	4	73.380000	71.47	73.38
0228	18	4	0100	0104	14	4	163.210000	161.43	163.21
0229	18	4	250	0100	29	4	inf		
0229	28	1	200	0534	32	4	inf		
0229	35	2	0400	0556	34	4	inf
0230	10	2	350	0139	27	1	50.560000	48.65	50.56
0230	24	3	050	0206	23	2	312.550000	310.79	312.55
0230	33	4	0100	0253	15	1	141.340000	139.55	141.34
0231	15	4	0100	0054	34	3	169.200000	166.25	169.20
0231	19	2	250	0112	06	3	67.850000	66.33	67.85
0231	22	2	0150	0399	32	3	110.130000	108.20	110.13
0231	27	3	0150	0343	33	3	108.610000	106.52	108.61
0231	29	4	0050	0240	17	2	294.140000	292.39	294.14
0232	26	1	350	0522	30	1	47.770000	45.41	47.77
0232	30	3	0250	0252	31	4	65.670000	63.65	65.67
0233	10	3	050	0059	20	4	inf		
0233	23	2	0050	0098	28	1	inf
0234	32	1	250	0461	24	4	52.690000	50.76	52.69
0234	34	2	300	0638	29	4	41.330000	37.73	41.33
0235	31	2	0050	0406	33	1	267.010000	264.83	267.01
0235	32	1	300	0465	31	3	42.930000	40.98	42.93
0236	16	2	0200	0217	25	3	83.030000	80.99	83.03
0236	20	3	200	0036	34	1	74.590000	72.83	74.59
0236	30	4	300	0319	21	3	51.040000	47.84	51.04
0236	31	2	0050	0264	30	1	270.480000	268.39	270.48
0236	33	4	0350	0184	26	4	48.260000	46.30	48.26
0237	28	2	350	0654	34	3	48.370000	45.77	48.37
0238	14	3	350	0475	34	4	51.250000	49.32	51.25
0238	18	3	300	0255	18	4	56.040000	54.04	56.04
0238	29	4	100	0541	31	1	139.820000	136.05	139.82
0238	35	4	300	0458	26	2	51.210000	49.26	51.21
0239	12	2	400	0044	17	4	inf		
0239	19	2	150	0404	22	4	inf		
0239	19	4	0300	0169	21	2	inf
0239	25	4	0350	0020	02	3	inf
0239	30	4	300	0757	34	2	inf		
0240	18	4	100	0368	21	2	152.840000	149.00	152.84
0240	31	4	350	0447	23	4	49.580000	46.61	49.58
0242	09	2	250	0118	27	3	66.540000	64.73	66.54
0242	22	4	300	0525	34	1	45.310000	43.22	45.31
0242	25	4	150	0544	27	4	100.450000	97.66	100.45
0242	27	3	0350	0028	20	2	47.060000	45.46	47.06
0243	18	1	150	0067	26	2	102.140000	100.37	102.14
0243	24	3	150	0104	31	4	85.000000	83.22	85.00
0243	27	1	0150	0067	31	3	196.300000	194.51	196.30
0243	27	4	200	0325	18	2	76.780000	74.86	76.78
0244	15	1	300	0338	32	4	61.870000	59.91	61.87
0244	28	3	0050	0234	26	2	156.460000	154.69	156.46
0244	30	1	0200	0372	28	4	76.340000	73.77	76.34
0245	22	1	300	0038	16	1	50.640000	48.86	50.64
0245	22	2	150	0081	13	2	96.190000	94.53	96.19
0245	27	3	0100	0135	10	4	150.790000	149.12	150.79
0245	27	4	0200	0366	26	1	65.490000	63.38	65.49
0245	29	2	0200	0323	35	4	46.670000	43.90	46.67
0246	15	2	300	0231	24	4	55.420000	53.55	55.42
0246	31	3	400	0615	35	2	38.640000	36.67	38.64
0246	34	2	250	0600	31	1	42.360000	40.28	42.36
0247	17	4	400	0035	32	2	40.490000	38.70	40.49
0247	31	3	100	0342	20	4	88.650000	86.89	88.65
0247	32	4	050	0165	09	2	117.580000	116.02	117.58
0248	14	3	400	0186	34	4	44.170000	41.94	44.17
0248	22	3	100	0512	33	3	113.350000	110.47	113.35
0248	22	4	0300	0271	25	2	51.510000	49.56	51.51
0248	25	3	200	0441	32	2	33.530000	31.62	33.53
0248	32	1	400	0481	31	4	38.330000	36.23	38.33
0249	24	1	200	0561	28	1	53.210000	52.13	53.21
0249	33	2	250	0361	31	4	48.870000	46.91	48.87
0249	34	3	300	0470	33	1	44.900000	43.05	44.90
0250	24	1	0250	0076	33	1	33.020000	31.36	33.02
0250	25	2	400	0112	32	1	33.020000	31.08	33.02
0251	19	1	300	0102	24	4	inf		
0251	25	3	350	0521	29	1	inf		
0251	26	2	400	0282	16	2	inf		
0251	34	4	0200	0125	17	2	inf
0251	35	1	100	0241	22	3	inf		
0252	19	4	100	0328	22	3	118.340000	116.51	118.34
0252	34	1	350	0303	26	2	43.150000	41.56	43.15
0253	21	2	150	0352	28	4	92.440000	89.93	92.44
0253	25	4	150	0168	09	3	34.470000	32.74	34.47
0253	28	1	350	0134	09	4	34.520000	32.90	34.52
0253	29	2	100	0092	04	4	77.150000	75.50	77.15
0253	30	4	0050	0189	28	3	183.820000	181.90	183.82
0253	33	2	100	0070	08	3	43.870000	42.34	43.87
0254	13	2	200	0208	26	1	73.640000	71.70	73.64
0254	16	4	100	0393	27	4	131.190000	128.96	131.19
0254	20	4	0150	0369	35	4	48.060000	46.15	48.06
0254	29	1	400	0223	25	4	45.580000	43.66	45.58
0254	33	2	0300	0172	34	1	inf
0255	21	4	0350	0167	17	2	35.400000	33.78	35.40
0255	23	2	050	0572	31	4	67.440000	65.33	67.44
0255	29	1	050	0224	31	2	79.240000	77.47	79.24
0255	35	2	200	0688	32	3	44.360000	41.60	44.36
0256	16	2	050	0111	08	4	263.450000	260.81	263.45
0257	12	3	100	0142	32	4	inf		
0257	15	2	0250	0154	31	1	inf
0257	22	2	0150	0265	33	2	inf
0257	29	1	350	0456	20	4	inf		
0257	34	2	100	0428	24	2	inf		
0257	35	1	100	0625	29	1	inf		
0258	20	4	400	0434	31	1	33.560000	31.69	33.56
0258	24	2	350	0565	29	1	36.620000	33.33	36.62
0258	28	4	250	0725	33	3	37.900000	35.40	37.90
0259	10	2	250	0116	33	3	59.290000	57.47	59.29
0259	14	2	300	0274	31	1	40.420000	37.18	40.42
0259	32	1	350	0137	06	3	37.160000	35.75	37.16
0260	34	3	400	0329	18	1	37.810000	36.02	37.81
0261	10	3	300	0034	27	4	43.390000	41.62	43.39
0261	11	3	350	0132	32	2	30.110000	28.26	30.11
0261	19	4	0050	0049	07	2	166.800000	165.34	166.80
0261	20	2	350	0052	32	1	32.620000	30.85	32.62
0261	21	4	350	0602	35	4	36.090000	34.00	36.09
0262	24	2	350	0421	24	4	inf		
0262	27	3	050	0054	26	2	inf		
0262	35	4	050	0373	20	2	inf		
0263	26	2	200	0006	01	4	inf		
0263	29	3	400	0642	30	3	inf		
0263	33	2	200	0528	24	4	inf		
0263	33	3	050	0310	31	4	inf		
0264	26	3	300	0232	29	3	38.600000	36.53	38.60
0264	34	1	400	0065	23	3	37.440000	35.71	37.44
0265	26	1	350	0348	23	3	39.540000	37.83	39.54
0265	29	1	050	0128	23	3	53.110000	51.34	53.11
0265	35	1	150	0265	26	2	42.700000	38.93	42.70
0266	14	2	100	0289	24	1	39.750000	37.68	39.75
0266	35	4	100	0232	27	3	39.570000	37.89	39.57
0267	16	3	100	0121	09	4	57.540000	56.01	57.54
0267	24	2	350	0093	11	1	37.120000	35.74	37.12
0267	26	1	200	0068	15	3	44.350000	42.60	44.35
0268	13	4	250	0223	34	1	34.560000	32.33	34.56
0268	19	1	150	0069	34	2	38.840000	37.04	38.84
0269	12	2	250	0047	09	3	inf		
0270	20	1	0100	0187	35	3	30.560000	28.73	30.56
0270	20	1	050	0269	24	2	44.490000	42.54	44.49
0270	21	2	400	0067	22	4	34.890000	33.11	34.89
0270	21	4	350	0037	07	3	34.200000	32.84	34.20
0270	26	1	300	0537	30	4	33.020000	31.03	33.02
0270	28	1	400	0188	30	4	38.110000	36.24	38.11
0271	35	4	200	0358	21	4	inf		
0272	22	2	0050	0198	35	3	33.090000	31.28	33.09
0272	34	4	0050	0238	16	2	48.170000	46.44	48.17
0273	34	4	0250	0065	20	2	43.140000	41.36	43.14
0274	13	1	300	0122	14	4	inf		
0274	14	3	250	0219	21	2	inf		
0274	26	2	0250	0364	35	4	inf
0274	30	1	350	0407	24	3	inf		
0274	32	2	350	0010	04	1	inf		
0275	13	2	150	0046	13	3	30.410000	28.64	30.41
0275	13	4	050	0192	20	3	36.440000	34.61	36.44
0275	15	4	150	0217	27	3	29.360000	27.61	29.36
0275	21	4	400	0235	18	4	30.310000	28.55	30.31
0276	15	4	200	0342	30	2	29.000000	27.11	29.00
0276	24	4	250	0020	06	2	36.050000	34.57	36.05
0276	26	3	0150	0042	23	1	32.120000	30.36	32.12
0276	28	2	350	0292	19	3	32.880000	31.26	32.88
0277	25	2	400	0113	15	4	inf		
0277	27	4	100	0210	10	2	inf		
0277	31	3	200	0694	33	2	inf		
0277	33	4	300	0180	22	4	inf		
0278	12	2	300	0054	35	2	inf		
0278	27	2	050	0194	15	2	inf		
0278	30	4	050	0235	13	1	inf		
0279	18	4	0150	0061	35	1	31.940000	30.16	31.94
0279	21	4	0150	0183	17	2	30.470000	28.68	30.47
0279	24	3	050	0461	35	2	38.870000	36.25	38.87
0279	26	4	250	0350	21	2	143.570000	141.60	143.57
0280	15	3	250	0273	30	2	29.010000	27.13	29.01
0280	16	4	350	0019	18	4	29.630000	28.11	29.63
0280	23	3	400	0378	30	4	30.410000	28.57	30.41
0282	18	2	050	0407	31	2	38.810000	36.42	38.81
0283	12	3	150	0101	13	1	inf		
0283	33	3	150	0677	33	2	inf		
0283	35	2	300	0271	29	4	inf		
0284	11	1	150	0043	31	2	38.720000	36.96	38.72
0284	11	3	100	0079	25	4	38.680000	36.86	38.68
0284	17	1	250	0209	20	2	35.880000	33.63	35.88
0284	35	2	400	0403	21	3	46.340000	44.76	46.34
0285	24	1	200	0276	19	4	38.860000	34.90	38.86
0285	24	3	0100	0010	06	2	74.440000	72.99	74.44
0285	32	2	0200	0232	25	2	35.130000	32.95	35.13
0285	32	3	100	0088	04	3	131.460000	129.83	131.46
0286	21	3	0050	0267	27	4	31.750000	29.92	31.75
0286	31	1	0200	0358	26	1	39.650000	37.63	39.65
0286	31	3	0350	0050	31	1	34.060000	32.30	34.06
0287	23	2	400	0273	21	1	36.590000	34.74	36.59
0287	23	4	050	0272	17	2	38.000000	36.23	38.00
0287	32	3	0250	0406	27	1	39.320000	37.21	39.32
0287	34	4	350	0187	11	3	37.840000	36.44	37.84
0288	15	1	150	0238	29	1	29.320000	27.53	29.32
0288	25	3	350	0072	28	2	29.920000	28.36	29.92
0288	27	4	400	0496	34	4	32.350000	30.07	32.35
0288	29	1	0200	0037	04	2	33.540000	32.21	33.54
0288	32	2	0250	0045	09	1	35.670000	35.67	35.47
0288	33	2	0050	0350	034	2	45.560000	43.77	45.56
0289	20	1	150	0304	34	3	31.200000	29.12	31.20
0289	31	3	150	0026	19	2	36.020000	34.30	36.02
0290	26	2	200	0343	18	1	36.240000	34.42	36.24
0290	30	2	300	0042	33	4	34.110000	32.42	34.11
0292	12	2	150	0116	32	4	40.130000	38.35	40.13
0292	26	4	0300	0229	35	1	42.320000	40.14	42.32
0292	27	1	150	0046	30	3	42.710000	40.97	42.71
0292	30	1	0300	0070	15	2	38.270000	36.49	38.27
0292	31	2	0200	0064	28	4	39.130000	37.34	39.13
0293	15	2	400	0195	26	2	inf		
0293	22	3	400	0045	31	3	inf		
0293	32	4	0400	0192	19	2	inf
0293	33	3	300	0329	32	2	inf		
0293	35	3	400	0414	19	4	inf		
0294	11	2	150	0016	05	4	39.510000	37.98	39.51
0294	24	1	0100	0090	26	1	37.550000	35.81	37.55
0294	28	4	300	0293	27	1	32.880000	31.03	32.88
0294	29	1	250	0686	34	1	33.180000	31.72	33.18
0294	34	2	300	0179	25	3	41.140000	39.31	41.14
0295	21	3	0050	0078	19	4	51.340000	49.57	51.34
0295	30	3	150	0272	15	1	42.450000	40.61	42.45
0296	19	2	100	0260	19	3	36.400000	34.37	36.40
0296	19	4	0200	0215	35	3	30.340000	28.00	30.34
0296	27	4	100	0061	29	2	40.560000	38.81	40.56
0296	32	4	0300	0435	34	1	40.310000	38.47	40.31
0296	33	3	300	0253	35	4	38.220000	36.35	38.22
0297	22	2	0050	0284	35	3	121.410000	119.92	121.41
0298	14	4	300	0053	10	4	inf		
0298	19	3	200	0195	35	2	inf		
0299	14	3	250	0232	32	1	35.890000	32.58	35.89
0299	32	2	150	0078	23	1	40.490000	38.99	40.49
0299	35	1	100	0164	23	1	42.420000	40.69	42.42
0300	22	2	300	0088	35	2	30.270000	28.44	30.27
0300	27	1	200	0373	28	2	32.230000	30.24	32.23
0301	35	3	400	0432	21	3	42.650000	40.80	42.65
0302	22	4	200	0327	28	2	inf		
0302	33	1	350	0308	18	1	inf		
0304	20	2	200	0218	20	1	34.510000	32.58	34.51
0304	24	1	0200	0223	31	2	36.080000	34.25	36.08
0304	24	2	200	0094	34	3	35.490000	33.68	35.49
0304	30	3	0400	0305	32	2	38.670000	36.77	38.67
0306	23	3	0400	0077	28	2	28.770000	27.02	28.77
0306	23	3	200	0376	21	1	122.410000	120.11	122.41
0306	28	4	150	0128	09	3	30.900000	29.30	30.90
0307	20	1	100	0412	31	4	inf		
0307	21	1	250	0390	33	3	inf		
0307	32	1	150	0193	09	2	inf		
0308	21	4	150	0335	32	2	35.210000	33.03	35.21
0308	26	2	050	0164	34	4	34.340000	32.72	34.34
0308	26	2	050	0314	19	1	34.400000	32.64	34.40
0308	30	3	300	0207	15	1	39.140000	37.00	39.14
0308	31	2	300	0565	31	3	34.830000	32.78	34.83
0308	31	3	0300	0093	34	1	33.450000	31.67	33.45
0308	34	4	300	0534	26	2	37.550000	35.20	37.55
0309	18	4	100	0306	24	1	39.740000	37.93	39.74
0309	28	4	300	0194	21	4	43.340000	41.41	43.34
0309	34	2	0300	0075	13	4	42.810000	41.11	42.81
0309	34	2	400	0401	23	4	48.550000	46.45	48.55
0310	35	1	0300	0396	29	1	35.610000	33.76	35.61
0311	25	2	300	0177	11	2	inf		
0311	28	4	300	0105	31	4	inf		
0312	25	3	150	0459	25	4	34.980000	33.07	34.98
0313	13	2	350	0079	22	2	inf		
0313	14	2	200	0078	23	2	inf		
0313	18	3	100	0285	29	1	inf		
0313	23	1	100	0180	32	4	inf		
0314	19	3	350	0190	18	4	inf		
0314	32	4	0400	0310	24	4	inf
0314	32	4	400	0163	22	4	inf		
0314	34	1	250	0175	33	4	inf		
0314	34	1	300	0638	32	3	inf		
0315	21	3	0300	0214	32	4	33.570000	31.72	33.57
0315	22	3	050	0261	34	1	36.600000	34.60	36.60
0315	25	1	050	0547	33	4	35.430000	33.54	35.43
0316	19	4	100	0385	30	4	38.650000	36.18	38.65
0318	23	1	100	0218	26	1	36.390000	34.35	36.39
0318	24	2	150	0030	16	2	37.800000	36.01	37.80
0318	34	3	050	0153	26	1	48.790000	46.49	48.79
0318	35	3	400	0209	31	2	41.880000	40.02	41.88
0319	18	1	100	0311	25	1	53.210000	29.74	53.21
0320	17	3	050	0338	27	1	35.340000	33.53	35.34
0320	19	2	250	0322	28	2	33.570000	31.66	33.57
0320	24	3	0400	0092	23	1	30.100000	28.30	30.10
0320	33	3	350	0165	09	4	34.840000	32.03	34.84
0320	35	2	200	0191	25	4	41.350000	39.54	41.35
0320	35	3	300	0635	31	3	36.270000	33.95	36.27
0321	31	1	050	0524	26	4	48.030000	45.90	48.03
0321	32	3	150	0471	29	3	45.720000	43.79	45.72
0322	29	4	350	0203	33	3	35.880000	34.24	35.88
0322	33	4	400	0170	31	4	33.400000	31.57	33.40
0322	34	1	0100	0171	35	4	42.330000	40.53	42.33
0323	19	1	250	0170	16	4	34.460000	32.62	34.46
0323	24	3	100	0124	18	2	36.700000	33.67	36.70
0323	24	4	0100	0150	017	2	36.010000	34.10	36.01
0323	32	1	0100	0188	25	3	41.260000	39.44	41.26
0323	35	2	0050	0066	12	3	44.210000	42.59	44.21
0324	35	1	350	0127	22	4	34.860000	33.13	34.86
0325	32	1	150	0501	34	1	35.150000	32.43	35.15
0326	16	3	400	0098	15	2	inf		
0326	17	3	050	0214	20	3	inf		
0326	19	2	300	0450	33	3	inf		
0326	21	4	0300	0091	15	4	inf
0328	26	4	0400	0082	23	2	36.330000	34.48	36.33
0329	26	3	400	0225	12	4	31.590000	29.86	31.59
0329	30	2	400	0352	22	2	38.700000	36.71	38.70
0329	33	2	0100	0269	32	3	43.480000	41.26	43.48
0330	15	3	0100	0076	29	3	32.410000	30.64	32.41
0331	18	3	400	0025	03	2	inf		
0331	20	3	150	0131	14	4	inf		
0331	28	2	200	0061	33	1	inf		
0331	33	3	400	0413	20	2	inf		
0332	17	1	050	0044	05	2	52.980000	51.50	52.98
0332	31	1	0250	0022	19	3	37.900000	36.44	37.90
0333	34	2	0350	0228	26	2	35.300000	33.76	35.30
0334	12	2	250	0030	28	3	inf		
0334	31	2	400	0475	34	3	inf		
0335	35	4	250	0489	32	4	39.490000	36.69	39.49
0336	20	2	100	0288	32	2	33.330000	31.52	33.33
0337	22	3	0150	0195	31	3	inf
0338	20	3	400	0191	28	3	33.870000	30.84	33.87
0338	23	3	0400	0264	32	4	33.710000	31.90	33.71
0339	20	1	150	0425	30	2	41.480000	38.67	41.48
0339	24	2	250	0042	13	2	41.430000	39.70	41.43
0339	26	1	100	0027	21	3	43.550000	41.86	43.55
0339	28	3	400	0470	32	2	44.270000	42.30	44.27
0339	33	3	350	0514	35	1	41.470000	39.00	41.47
0340	29	4	250	0356	33	1	41.670000	39.81	41.67
0341	14	1	250	0039	22	4	32.860000	30.90	32.86
0341	19	2	200	0234	23	3	33.000000	31.05	33.00
0342	19	3	300	0105	20	2	31.690000	29.91	31.69
0342	31	3	150	0114	29	1	33.460000	31.71	33.46
0342	31	4	400	0372	32	1	38.310000	34.94	38.31
0343	20	2	050	0260	20	2	35.860000	33.87	35.86
0343	28	2	300	0060	34	1	32.840000	31.09	32.84
0343	32	4	0400	0267	31	4	39.460000	39.23	39.46
0344	18	4	400	0389	35	1	29.140000	27.22	29.14
0344	24	2	0150	0158	21	4	30.700000	28.91	30.70
0344	34	1	400	0081	27	4	40.820000	39.06	40.82
0345	20	3	400	0340	33	2	32.760000	30.90	32.76
0345	33	4	300	0198	14	4	32.490000	30.71	32.49
0346	26	4	350	0288	33	2	inf		
0346	29	1	100	0165	15	1	inf		
0346	30	3	0200	0119	18	4	inf
0346	31	1	0200	0243	30	4	inf
0347	32	2	200	0169	19	2	inf		
0348	16	1	050	0144	25	3	38.530000	36.77	38.53
0348	24	3	300	0181	18	4	33.500000	31.63	33.50
0348	31	3	300	0443	25	3	36.870000	35.06	36.87
0349	33	2	0050	0195	23	4	inf
0349	35	2	0100	0350	032	1	inf
0350	16	2	150	0042	30	2	32.360000	30.65	32.36
0350	29	4	300	0243	17	2	35.800000	33.98	35.80
0351	34	3	250	0073	27	3	36.080000	34.37	36.08
0353	33	4	350	0213	26	4	inf		
0354	24	4	0200	0237	26	2	36.340000	34.49	36.34
0354	25	3	350	0541	33	3	33.790000	30.54	33.79
0354	35	1	0050	0227	26	1	46.300000	44.45	46.30
0355	30	2	250	0102	07	3	134.750000	133.27	134.75
0356	30	2	050	0136	23	3	46.160000	44.39	46.16
0356	30	4	0200	0177	14	2	42.930000	41.26	42.93
0358	26	3	200	0235	23	4	inf		
0358	34	1	0300	0167	20	3	inf
0359	22	2	150	0287	20	2	inf		
0359	35	3	100	0529	27	1	inf		
0360	24	3	0100	0160	29	1	34.830000	33.05	34.83
0360	29	4	0300	0040	28	3	36.900000	35.15	36.90
0360	30	4	200	0199	21	3	37.310000	35.47	37.31
0362	20	3	400	0176	27	3	inf		
0362	22	3	300	0438	33	2	inf		
0362	23	2	0250	0107	35	2	inf
0362	28	4	150	0219	19	1	inf		
0362	32	3	0300	0101	24	2	inf
0363	33	1	050	0138	33	3	44.370000	42.62	44.37
0363	34	3	050	0267	29	3	38.840000	37.06	38.84
0364	18	2	350	0136	27	2	32.470000	30.85	32.47
0366	14	4	300	0106	29	3	34.270000	32.50	34.27
0366	24	4	0350	0060	30	1	36.050000	34.50	36.05
0366	29	3	050	0325	25	4	44.590000	40.87	44.59
0366	32	2	300	0323	24	4	35.260000	33.47	35.26
0366	33	2	0300	0322	29	1	37.390000	35.50	37.39
0367	34	1	0150	0181	32	4	inf
0368	20	2	0400	0089	34	1	34.330000	32.60	34.33
0368	21	2	100	0402	35	3	34.360000	32.06	34.36
0368	32	1	050	0103	21	1	45.710000	43.99	45.71
0369	23	4	250	0063	08	4	33.790000	32.24	33.79
0369	31	2	050	0392	28	2	40.090000	37.60	40.09
0369	32	4	0150	0076	08	1	40.330000	38.83	40.33
0370	21	1	150	0228	32	1	34.790000	33.02	34.79
0370	24	4	200	0021	14	3	35.350000	33.64	35.35
0370	27	1	0400	0036	34	1	35.440000	33.68	35.44
0370	33	1	0300	0063	26	4	33.110000	31.39	33.11
0371	21	1	200	0270	27	3	33.710000	31.81	33.71
0371	27	4	0200	0089	09	1	37.340000	35.83	37.34
0371	29	3	050	0342	27	4	41.820000	40.05	41.82
0372	17	3	350	0121	25	1	30.540000	28.92	30.54
0372	25	2	0050	0171	21	2	39.760000	37.99	39.76
0372	28	2	0300	0086	23	2	30.200000	28.39	30.20
0372	34	3	400	0503	29	3	34.400000	33.10	34.40
0373	24	1	0400	0153	20	2	inf
0373	35	1	300	0432	28	3	inf		
0373	35	2	300	0100	14	3	inf		
0374	27	4	250	0545	31	4	35.790000	33.08	35.79
0374	30	3	400	0330	24	1	36.060000	34.22	36.06
0374	32	3	100	0233	33	2	38.980000	37.15	38.98
0374	34	3	0050	0443	34	3	46.090000	43.56	46.09
0375	21	4	250	0364	29	2	32.390000	30.51	32.39
0375	24	4	050	0010	07	4	156.850000	155.09	156.85
0375	25	3	0050	0271	33	4	36.360000	34.61	36.36
0376	18	1	200	0055	23	4	32.980000	31.21	32.98
0376	20	3	250	0044	08	4	33.340000	31.81	33.34
0376	27	3	400	0175	20	3	35.920000	34.08	35.92
0376	33	4	350	0383	23	1	33.940000	32.01	33.94
0377	22	1	100	0117	16	2	35.010000	33.23	35.01
0377	26	4	100	0158	31	3	35.150000	33.40	35.15
0378	28	3	0400	0202	31	3	35.020000	33.17	35.02
0378	31	1	150	0179	32	3	37.540000	35.73	37.54
0379	21	2	300	0258	25	1	inf		
0379	30	1	0300	0043	16	3	inf
0379	32	2	400	0310	17	3	inf		
0379	34	4	0250	0081	13	1	inf
0381	18	3	050	0295	33	4	40.870000	39.04	40.87
0381	21	3	300	0271	25	4	40.050000	38.17	40.05
0382	21	1	100	0037	35	1	inf		
0382	29	2	400	0381	23	4	inf		
0382	33	3	100	0317	33	2	inf		
0383	20	1	200	0274	26	1	inf		
0383	32	4	0250	0042	25	2	inf
0383	32	4	200	0079	07	3	inf		
0384	35	2	0350	0328	26	4	35.650000	34.04	35.65
0385	33	1	0250	0275	35	1	37.410000	35.56	37.41
0385	33	3	0050	0083	07	1	43.130000	40.63	43.13
0385	34	3	200	0612	32	1	36.610000	32.97	36.61
0386	22	3	0150	0077	27	2	inf
0386	23	4	400	0373	34	1	inf		
0386	24	1	150	0387	35	3	inf		
0387	32	4	100	0529	35	1	37.860000	34.93	37.86
0388	23	1	0100	0086	24	1	39.660000	37.89	39.66
0388	24	3	300	0113	28	3	38.860000	37.10	38.86
0388	27	2	150	0244	23	3	40.850000	38.88	40.85
0389	26	4	0300	0048	21	4	inf
0390	22	3	100	0262	22	3	32.310000	30.52	32.31
0390	25	2	200	0423	28	1	32.890000	30.77	32.89
0390	31	2	0050	0163	26	1	41.840000	39.96	41.84
0392	27	3	150	0136	27	3	39.970000	38.19	39.97
0392	28	4	400	0372	31	4	35.240000	33.38	35.24
0393	27	2	0100	0041	22	2	inf
0393	27	2	400	0077	15	3	inf		
0393	35	3	300	0589	33	4	inf		
0394	22	1	200	0360	33	1	inf		
0394	23	2	150	0207	35	1	inf		
0395	28	3	300	0047	03	4	37.630000	36.29	37.63
0396	19	2	300	0092	10	1	31.370000	29.74	31.37
0396	21	1	150	0253	22	3	33.220000	30.83	33.22
0396	28	1	250	0293	30	2	36.140000	34.24	36.14
0396	29	3	350	0217	20	4	31.530000	29.91	31.53
0397	23	4	250	0248	18	1	inf		
0397	28	4	050	0476	31	4	inf		
0397	31	1	0250	0084	18	1	inf
0397	34	3	0050	0051	22	3	inf
0397	34	4	100	0228	27	1	inf		
0398	18	4	0300	0025	18	3	inf
0398	19	1	300	0107	24	3	inf		
0398	21	3	050	0407	34	4	inf		
0398	21	3	400	0153	31	2	inf		
0399	32	1	050	0223	20	1	45.100000	41.37	45.10
0401	27	4	0200	0085	28	1	inf
0402	25	4	400	0040	27	3	36.190000	34.44	36.19
0402	26	2	150	0111	19	2	37.190000	35.48	37.19
0402	26	3	100	0089	31	4	38.350000	36.60	38.35
0402	33	4	0250	0225	22	4	39.900000	38.11	39.90
0403	21	2	300	0152	18	3	32.200000	30.33	32.20
0403	28	4	0150	0037	32	2	35.720000	33.95	35.72
0404	21	1	350	0076	11	1	37.040000	35.63	37.04
0404	32	4	200	0357	29	1	43.550000	41.52	43.55
0404	35	4	050	0111	17	3	53.860000	51.06	53.86
0405	29	4	0300	0059	13	4	35.710000	34.06	35.71
0405	33	4	300	0488	30	3	39.280000	36.35	39.28
0405	35	1	300	0042	06	3	35.300000	33.87	35.30
0406	17	3	250	0150	28	2	30.930000	29.19	30.93
0406	28	2	400	0121	24	4	35.120000	33.33	35.12
0407	22	3	100	0262	21	4	33.380000	31.42	33.38
0410	21	4	200	0280	35	4	32.720000	30.73	32.72
0410	29	1	300	0437	28	4	35.880000	33.87	35.88
0410	34	2	0300	0125	29	3	38.750000	37.18	38.75
0410	34	3	0050	0056	32	2	59.840000	58.10	59.84
0411	18	2	200	0114	13	3	inf		
0411	24	2	100	0281	27	4	inf		
0411	27	2	100	0120	19	1	inf		
0411	32	3	150	0110	16	2	inf		
0411	32	4	250	0249	14	1	inf		
0413	35	4	200	0068	24	1	41.800000	40.04	41.80
0414	31	4	0100	0229	28	2	36.760000	34.95	36.76
0414	32	2	250	0126	33	1	36.210000	34.36	36.21
0415	26	3	050	0420	34	1	39.340000	37.13	39.34
0416	27	3	100	0254	17	3	34.850000	33.03	34.85
0416	29	4	050	0196	13	1	40.900000	39.04	40.90
0417	17	2	350	0178	27	1	inf		
0417	30	2	0300	0043	15	2	inf
0417	30	2	0350	0094	30	4	inf
0417	31	4	0200	0257	30	3	inf
0418	27	1	050	0054	16	3	56.540000	54.83	56.54
0418	27	4	300	0199	15	3	33.830000	32.00	33.83
0418	34	4	150	0061	13	1	40.710000	39.08	40.71
0419	31	2	0150	0298	32	2	inf
0420	18	2	100	0138	20	2	33.460000	30.38	33.46
0420	34	3	200	0042	12	4	39.470000	37.82	39.47
0421	22	4	0050	0030	23	1	inf
0422	32	1	0400	0188	33	4	inf
0422	33	3	350	0064	17	3	inf		
0422	35	2	400	0474	27	2	inf		
0423	19	2	150	0160	18	4	32.590000	30.81	32.59
0423	29	1	0350	0141	33	3	36.190000	34.39	36.19
0423	29	3	400	0284	28	4	35.890000	33.71	35.89
0423	31	1	250	0120	35	3	36.450000	34.69	36.45
0423	32	4	200	0289	24	1	39.140000	36.90	39.14
0424	23	2	100	0082	07	1	33.990000	32.52	33.99
0424	33	2	0200	0121	21	1	39.470000	37.67	39.47
0424	35	4	250	0345	31	1	39.960000	38.12	39.96
0425	35	3	150	0205	27	3	39.560000	37.82	39.56
0426	24	2	300	0238	18	2	35.640000	33.76	35.64
0426	25	3	300	0238	18	1	36.390000	34.56	36.39
0427	20	4	0400	0036	24	3	34.270000	32.55	34.27
0427	21	4	0300	0124	32	1	33.760000	31.91	33.76
0427	32	3	400	0136	11	4	38.280000	36.58	38.28
0428	21	4	350	0153	27	4	37.760000	36.15	37.76
0428	35	1	400	0260	18	3	44.050000	42.29	44.05
0429	18	3	150	0050	17	1	30.530000	28.79	30.53
0429	26	2	250	0207	23	2	33.630000	31.69	33.63
0430	16	1	100	0122	25	4	32.700000	30.94	32.70
0430	23	1	300	0088	10	4	27.230000	25.62	27.23
0430	33	1	400	0052	12	3	37.260000	35.59	37.26
0431	21	4	0100	0042	24	4	inf
0431	23	3	200	0255	20	1	inf		
0431	30	3	150	0450	31	2	inf		
0431	33	2	050	0421	34	4	inf		
0432	16	3	200	0015	15	2	37.860000	36.13	37.86
0432	20	3	400	0320	34	4	31.560000	29.71	31.56
0432	24	2	200	0280	23	3	32.740000	30.88	32.74
0432	27	3	0100	0280	33	1	34.420000	32.75	34.42
0432	33	4	100	0013	03	4	66.540000	65.23	66.54
0433	16	4	300	0039	34	3	inf		
0433	20	4	0300	0033	28	4	inf
0433	24	4	350	0037	05	3	inf		
0433	30	4	0250	0044	20	4	inf
0433	32	3	350	0529	35	1	inf		
0434	24	3	300	0240	33	2	33.100000	30.74	33.10
0434	31	1	250	0233	16	1	36.540000	34.51	36.54
0436	18	4	200	0041	27	1	36.700000	34.91	36.70
0436	20	4	400	0104	12	2	37.240000	35.39	37.24
0437	30	2	400	0064	07	3	36.510000	34.98	36.51
0438	20	3	100	0052	17	3	36.520000	34.84	36.52
0438	22	3	0400	0045	34	4	35.760000	34.00	35.76
0438	25	4	250	0312	30	4	36.540000	34.69	36.54
0438	33	1	100	0279	35	1	42.480000	40.69	42.48
0438	33	2	0350	0087	31	4	39.440000	37.98	39.44
0438	35	2	0400	0029	19	2	40.760000	38.98	40.76
0439	22	2	250	0104	12	3	inf		
0440	22	3	250	0220	23	1	33.270000	31.42	33.27
0440	30	2	100	0389	35	3	38.250000	35.18	38.25
0440	32	3	200	0312	34	2	37.420000	35.57	37.42
0440	33	1	0300	0059	10	2	37.480000	35.95	37.48
0441	24	4	300	0029	03	4	31.760000	30.43	31.76
0441	34	1	100	0206	23	1	40.210000	38.22	40.21
0442	19	1	050	0120	28	1	46.370000	44.60	46.37
0442	31	3	400	0232	28	4	35.350000	33.51	35.35
0442	34	3	0050	0085	25	3	51.760000	49.95	51.76
0443	28	4	400	0240	35	1	inf		
0443	29	1	350	0385	26	4	inf		
0444	22	3	150	0073	28	3	32.570000	30.83	32.57
0445	26	2	300	0095	30	1	41.910000	40.19	41.91
0445	33	3	350	0506	30	4	40.590000	38.85	40.59
0446	35	1	250	0157	19	4	inf		
0447	32	2	0350	0099	20	2	inf
0447	33	1	200	0049	25	2	inf		
0447	34	1	100	0185	20	2	inf		
0450	18	4	400	0075	25	3	29.760000	28.74	29.76
0450	29	3	0100	0189	35	4	35.680000	33.60	35.68
0451	24	1	0300	0153	31	3	33.040000	31.02	33.04
0451	33	4	150	0324	26	2	38.660000	36.86	38.66
0452	26	1	300	0086	13	4	40.000000	38.26	40.00
0452	28	2	150	0139	16	1	41.620000	39.69	41.62
0452	29	1	100	0057	18	4	42.450000	40.77	42.45
0453	32	4	0400	0140	24	4	inf
0454	17	1	300	0063	27	1	inf		
0455	29	1	050	0114	15	1	47.460000	45.73	47.46
0455	29	4	250	0359	30	2	35.150000	33.30	35.15
0456	18	4	200	0121	23	1	30.430000	28.48	30.43
0457	21	4	050	0332	34	1	inf		
0457	25	3	0250	0104	19	1	inf
0457	33	4	350	0148	33	2	inf		
0458	19	3	050	0058	11	1	inf		
0458	33	4	350	0430	26	3	inf		
0458	34	3	0150	0089	12	2	inf
0459	33	4	350	0030	15	2	35.970000	34.43	35.97
0460	22	3	050	0062	11	2	54.410000	52.78	54.41
0460	24	2	350	0273	32	2	32.540000	30.83	32.54
0460	27	3	400	0218	28	3	33.540000	31.74	33.54
0461	30	1	0100	0130	32	4	inf
0462	30	3	350	0171	27	3	33.610000	31.94	33.61
0463	33	4	250	0340	32	2	inf		
0464	22	3	350	0022	09	1	30.580000	30.58	30.17
0465	22	3	350	0249	32	4	31.210000	29.58	31.21
0465	29	2	150	0419	34	2	35.580000	33.47	35.58
0469	22	3	050	0222	29	3	43.790000	41.99	43.79
0469	28	2	0250	0190	34	3	36.110000	34.16	36.11
0470	34	4	350	0441	28	1	42.790000	40.84	42.79
0471	25	3	0150	0094	27	4	inf
0471	27	3	050	0098	12	4	inf		
0472	26	3	050	0016	14	1	123.260000	121.57	123.26
0472	27	1	050	0137	25	3	48.310000	46.55	48.31
0473	31	2	0150	0055	26	2	38.740000	37.00	38.74
0473	33	4	300	0126	21	3	39.170000	36.46	39.17
0474	25	3	150	0035	07	1	39.170000	37.67	39.17
0474	29	3	300	0374	29	4	37.990000	35.95	37.99
0474	35	4	300	0306	21	1	41.040000	39.06	41.04
0475	23	3	400	0041	04	1	31.460000	30.06	31.46
0475	30	3	250	0219	26	3	34.810000	32.99	34.81
0475	33	4	250	0319	23	1	36.680000	34.71	36.68
0476	25	3	300	0149	31	3	32.940000	30.96	32.94
0476	33	3	300	0446	35	3	37.580000	35.08	37.58
0477	23	4	250	0148	31	2	32.970000	31.06	32.97
0479	28	1	150	0345	30	1	inf		
0481	28	3	300	0299	26	1	35.170000	31.89	35.17
0483	23	3	100	0129	22	1	33.220000	30.21	33.22
0483	29	4	300	0300	23	4	38.050000	36.08	38.05
0484	30	1	050	0076	14	1	53.970000	52.26	53.97
0484	31	4	0350	0221	28	4	36.570000	34.72	36.57
0484	34	3	350	0046	04	4	36.660000	35.53	36.66
0485	28	4	0350	0049	15	2	37.640000	36.24	37.64
0485	30	3	350	0426	35	4	38.340000	36.41	38.34
0486	26	2	0350	0032	20	3	33.130000	31.56	33.13
0486	26	4	400	0052	13	1	32.760000	30.87	32.76
0487	30	1	300	0159	16	1	inf		
0487	32	1	300	0082	26	1	inf		
0488	22	3	200	0203	34	2	37.380000	34.94	37.38
0490	35	3	050	0198	32	1	58.560000	56.69	58.56
0491	29	3	150	0078	08	3	inf		
0491	30	2	150	0125	14	1	inf		
0491	31	2	150	0230	16	4	inf		
0492	21	3	400	0180	29	3	31.390000	29.54	31.39
0492	22	1	300	0164	30	2	31.660000	29.80	31.66
0492	30	1	100	0294	25	3	36.840000	34.90	36.84
0492	31	1	100	0299	22	3	37.380000	35.66	37.38
0493	29	4	250	0178	27	2	35.190000	33.36	35.19
0494	32	3	050	0242	19	1	47.530000	43.84	47.53
0494	34	3	200	0151	17	2	38.610000	36.88	38.61
0495	33	3	350	0420	35	2	36.050000	34.37	36.05
0497	26	3	200	0177	27	3	37.430000	35.68	37.43
0497	33	4	400	0044	14	1	39.660000	37.97	39.66
0498	29	3	050	0389	29	1	48.000000	46.12	48.00
0498	33	1	0400	0050	34	2	39.680000	37.96	39.68
0499	30	2	100	0254	26	2	inf		
0501	24	3	150	0154	21	3	inf		
0501	28	4	0350	0171	33	4	inf
0501	34	4	050	0362	27	2	inf		
0502	20	1	350	0084	33	2	inf		
0502	32	2	100	0167	25	2	inf		
0503	25	4	350	0095	25	2	inf		
0504	27	2	0250	0044	25	2	33.440000	31.66	33.44
0504	28	2	300	0261	33	1	33.640000	31.70	33.64
0506	31	2	300	0157	12	2	34.870000	33.21	34.87
0507	19	4	100	0046	29	1	41.210000	39.46	41.21
0507	29	4	400	0208	16	1	33.600000	31.81	33.60
0507	33	1	250	0048	13	2	37.700000	35.03	37.70
0507	35	2	400	0143	10	2	38.170000	36.58	38.17
0509	27	1	250	0096	29	1	inf		
0511	23	1	150	0252	30	2	34.610000	32.78	34.61
0511	33	1	100	0283	23	1	42.160000	40.40	42.16
0512	26	2	150	0029	29	4	36.480000	34.75	36.48
0513	30	3	0100	0102	22	3	36.200000	34.56	36.20
0513	34	4	050	0376	33	2	47.710000	45.30	47.71
0514	29	1	350	0154	12	3	inf		
0515	28	2	0300	0150	25	3	37.370000	35.40	37.37
0516	26	2	150	0077	35	1	34.680000	32.91	34.68
0516	30	3	400	0249	27	3	36.640000	33.30	36.64
0516	30	4	150	0099	10	4	35.620000	34.07	35.62
0516	33	3	250	0304	31	4	37.560000	35.66	37.56
0517	24	2	250	0049	06	4	34.100000	32.65	34.10
0520	30	1	050	0387	30	1	49.930000	47.41	49.93
0521	32	4	100	0042	22	3	inf		
0522	27	3	300	0123	11	4	inf
0523	30	1	050	0296	33	3	inf		
0524	28	4	250	0076	07	1	inf		
0524	32	1	250	0344	27	4	inf		
0525	23	1	250	0125	23	4	31.510000	29.76	31.51
0525	26	3	150	0282	33	2	37.380000	35.42	37.38
0525	34	2	0350	0048	17	3	63.990000	55.33	63.99
0528	22	2	100	0187	28	2	34.460000	32.49	34.46
0530	21	1	350	0149	33	1	31.140000	29.32	31.14
0531	30	1	0050	0164	32	3	56.560000	54.82	56.56
0532	34	4	400	0042	19	3	37.290000	35.62	37.29
0534	29	1	400	0312	27	2	37.400000	35.40	37.40
0534	34	4	0050	0102	23	2	57.930000	56.23	57.93
0536	22	3	250	0083	13	4	32.690000	30.99	32.69
0536	28	1	400	0065	16	1	35.290000	33.58	35.29
0536	33	2	400	0271	19	4	37.460000	35.65	37.46
0536	35	2	100	0196	16	4	44.190000	42.66	44.19
0537	24	1	200	0094	34	3	inf		
0539	31	3	250	0436	33	4	34.960000	33.19	34.96
0539	32	3	0350	0107	27	4	34.630000	32.98	34.63
0539	35	4	0300	0105	22	3	37.840000	36.14	37.84
0540	19	4	350	0071	33	1	29.910000	28.37	29.91
0540	24	4	100	0058	20	4	42.460000	40.74	42.46
0541	23	1	300	0201	34	2	inf		
0541	34	2	0050	0040	05	4	inf
0543	23	1	350	0094	21	1	inf		
0543	26	4	200	0189	35	4	inf		
0544	30	3	400	0147	23	2	34.400000	32.58	34.40
0546	34	1	300	0216	28	3	37.690000	35.88	37.69
0548	33	1	150	0343	27	4	inf		
0550	30	3	100	0203	22	2	35.370000	33.60	35.37
0552	29	1	0350	0054	17	2	34.090000	32.51	34.09
0553	30	2	350	0353	35	4	37.140000	35.48	37.14
0555	27	4	050	0076	15	3	67.500000	65.79	67.50
0555	28	4	150	0097	18	1	32.780000	31.05	32.78
0555	32	3	350	0374	28	2	34.550000	32.94	34.55
0556	20	4	150	0018	14	3	inf		
0557	29	3	0050	0056	15	1	inf
0558	30	2	250	0236	23	1	33.970000	32.16	33.97
0559	34	3	250	0226	20	2	43.630000	41.65	43.63
0560	29	4	0250	0035	10	2	33.810000	32.31	33.81
0560	33	1	400	0351	28	3	35.590000	33.79	35.59
0562	31	3	050	0230	31	4	inf		
0562	35	1	0400	0083	33	1	inf
0563	25	3	250	0038	22	1	inf		
0564	32	3	300	0320	23	4	36.860000	34.90	36.86
0569	19	4	300	0053	33	4	inf		
0570	23	3	400	0176	33	1	30.700000	28.75	30.70
0570	31	1	050	0337	27	3	55.760000	52.26	55.76
0570	31	3	200	0286	33	4	34.770000	32.89	34.77
0570	31	3	400	0197	22	1	33.780000	31.91	33.78
0570	33	4	300	0331	32	1	35.710000	33.88	35.71
0571	24	1	350	0064	08	4	inf		
0571	32	4	300	0192	33	3	inf		
0571	33	2	0050	0036	27	4	inf
0571	33	3	050	0115	15	2	inf		
0575	21	1	250	0018	11	4	31.790000	30.18	31.79
0575	28	4	400	0128	14	4	32.460000	30.68	32.46
0575	33	2	0100	0212	34	3	39.480000	37.65	39.48
0576	32	2	050	0160	16	3	56.500000	54.80	56.50
0577	34	4	300	0283	28	3	inf		
0578	27	4	250	0239	31	4	32.860000	31.00	32.86
0579	30	4	350	0344	30	1	inf		
0580	27	3	100	0045	06	1	41.060000	39.60	41.06
0580	27	3	150	0197	29	2	32.920000	31.18	32.92
0580	33	1	200	0198	23	3	38.080000	35.79	38.08
0581	24	1	150	0165	27	1	34.930000	33.11	34.93
0581	26	3	350	0067	33	2	35.290000	33.64	35.29
0581	35	4	250	0050	08	1	46.220000	44.73	46.22
0582	21	1	400	0057	26	1	34.230000	32.49	34.23
0582	26	4	150	0163	28	2	36.940000	35.23	36.94
0582	30	3	0250	0063	33	1	38.650000	36.94	38.65
0584	27	1	100	0090	25	4	37.390000	35.67	37.39
0584	27	4	250	0022	05	4	34.610000	33.21	34.61
0584	30	2	150	0179	27	4	36.930000	35.31	36.93
0584	33	2	350	0275	25	2	37.480000	36.08	37.48
0585	28	3	400	0053	08	3	32.490000	30.95	32.49
0587	31	4	100	0277	27	3	inf		
0589	35	2	100	0358	29	4	50.570000	48.86	50.57
0589	35	4	350	0132	33	3	38.050000	36.28	38.05
0590	31	1	050	0318	32	3	54.690000	52.96	54.69
0591	31	4	0400	0085	17	3	inf
0592	34	3	0100	0115	18	3	45.770000	44.08	45.77
0595	31	3	350	0317	31	4	34.170000	32.71	34.17
0596	29	4	250	0048	28	3	inf		
0597	32	1	350	0021	12	1	inf		
0598	27	4	200	0123	18	2	36.920000	35.13	36.92
0598	31	1	350	0196	18	3	33.830000	32.27	33.83
0599	35	2	0050	0076	22	3	inf
0599	35	2	100	0383	29	4	inf		
0601	27	2	100	0145	27	3	inf		
0603	34	3	400	0161	22	2	38.670000	36.82	38.67
0604	30	2	250	0192	34	1	inf		
0604	31	1	300	0106	33	2	inf		
0604	33	4	150	0056	31	3	inf		
0605	34	1	200	0070	27	1	37.980000	36.27	37.98
0606	35	4	200	0372	28	2	44.450000	42.61	44.45
0608	32	4	400	0295	25	3	35.570000	33.83	35.57
0609	24	2	250	0127	28	3	31.580000	29.78	31.58
0609	31	1	150	0202	29	2	40.790000	39.09	40.79
0610	22	3	200	0098	27	4	32.140000	30.28	32.14
0610	31	2	400	0196	21	1	35.720000	33.96	35.72
0610	34	4	200	0347	34	2	41.350000	38.05	41.35
0611	34	4	150	0251	27	1	40.180000	38.36	40.18
0611	35	4	250	0081	16	4	39.380000	37.59	39.38
0612	25	4	400	0032	12	4	36.620000	35.09	36.62
0612	34	3	0350	0020	20	1	37.640000	36.04	37.64
0613	25	4	100	0109	26	1	inf		
0613	34	1	200	0244	27	2	inf		
0616	27	2	300	0065	24	1	132.130000	132.13	23.25
0617	27	4	200	0103	31	1	inf		
0618	30	3	100	0053	26	2	47.250000	45.49	47.25
0619	23	4	150	0049	27	2	inf		
0619	24	4	250	0022	13	3	inf		
0621	33	3	100	0109	34	1	41.190000	39.50	41.19
0623	25	2	200	0072	30	1	36.130000	34.40	36.13
0623	35	2	050	0146	19	1	62.760000	59.68	62.76
0624	26	3	100	0138	31	1	35.170000	33.35	35.17
0624	28	1	050	0119	14	1	63.640000	61.96	63.64
0625	26	3	350	0036	34	1	31.000000	29.42	31.00
0626	34	4	400	0260	26	3	inf		
0628	34	3	200	0115	31	2	inf		
0629	28	2	250	0077	33	3	33.320000	31.70	33.32
0631	31	3	300	0316	33	1	inf		
0631	32	4	250	0055	07	4	inf		
0632	27	1	350	0010	08	3	39.140000	37.68	39.14
0636	34	1	0350	0084	24	3	42.100000	40.56	42.10
0638	30	2	0150	0080	35	1	36.630000	34.93	36.63
0638	31	2	100	0135	13	2	38.760000	35.75	38.76
0640	28	3	250	0146	34	4	32.160000	30.99	32.16
0641	23	4	100	0097	34	4	inf		
0642	32	2	350	0079	22	3	43.770000	42.31	43.77
0646	22	2	250	0051	30	1	37.020000	35.26	37.02
0647	35	3	200	0232	19	1	inf		
0650	35	2	100	0157	17	1	46.040000	42.79	46.04
0651	31	3	050	0185	32	4	68.670000	66.66	68.67
0655	30	3	100	0101	29	3	inf		
0656	27	3	300	0041	27	1	39.380000	37.67	39.38
0656	30	2	350	0062	11	4	33.060000	31.72	33.06
0656	35	3	350	0381	32	4	43.830000	41.05	43.83
0659	25	3	150	0025	21	4	inf		
0660	27	3	300	0136	20	2	31.890000	30.12	31.89
0660	33	1	100	0215	24	4	40.300000	38.55	40.30
0660	35	4	250	0125	26	1	43.230000	41.56	43.23
0661	28	2	350	0190	25	2	inf		
0661	31	2	0300	0045	16	1	inf
0661	34	2	350	0076	10	4	inf		
0662	26	4	050	0055	17	2	inf		
0664	32	2	400	0111	18	2	37.870000	35.78	37.87
0664	33	3	350	0263	31	2	42.780000	41.17	42.78
0666	29	2	250	0027	27	1	35.210000	33.48	35.21
0666	30	2	100	0218	35	2	36.230000	34.34	36.23
0667	26	1	100	0049	23	3	45.350000	43.66	45.35
0667	31	2	200	0028	07	2	36.340000	34.91	36.34
0668	32	4	150	0297	31	4	inf		
0674	25	4	250	0050	16	1	inf		
0675	31	4	400	0123	31	1	33.760000	32.02	33.76
0676	35	2	100	0300	33	2	44.470000	42.60	44.47
0679	33	2	300	0165	20	1	39.720000	37.76	39.72
0683	35	2	0050	0029	07	2	inf
0685	26	1	300	0091	34	1	inf		
0686	30	4	400	0095	34	3	39.100000	37.30	39.10
0686	32	3	0150	0065	22	2	42.020000	40.35	42.02
0687	29	2	200	0235	34	3	inf		
0687	29	3	150	0037	32	2	inf		
0687	31	3	350	0222	25	4	inf		
0687	35	1	100	0165	32	2	inf		
0688	24	4	300	0054	19	3	31.940000	30.23	31.94
0688	29	3	350	0147	25	3	33.510000	31.89	33.51
0688	35	2	400	0173	17	2	37.830000	36.06	37.83
0689	30	4	300	0125	15	3	33.750000	32.23	33.75
0689	35	3	0300	0131	28	3	38.820000	37.07	38.82
0690	31	3	100	0235	32	1	42.130000	40.25	42.13
0691	35	1	350	0358	31	1	inf		
0692	32	1	250	0151	34	2	inf		
0692	33	4	350	0033	31	2	inf		
0693	34	1	100	0023	05	4	62.250000	60.87	62.25
0698	32	1	0250	0015	10	3	inf
0700	29	3	300	0208	31	2	36.790000	34.68	36.79
0702	33	1	0200	0023	17	2	37.940000	36.15	37.94
0705	34	3	300	0290	31	4	37.410000	35.63	37.41
0706	33	2	150	0095	24	1	inf		
0707	34	4	400	0096	22	2	40.920000	39.36	40.92
0707	35	4	050	0181	21	2	71.860000	70.16	71.86
0708	33	2	400	0274	34	2	36.490000	34.49	36.49
0709	31	4	300	0058	31	1	inf		
0709	34	2	300	0282	30	3	inf		
0709	35	3	150	0190	20	3	inf		
0710	26	4	250	0067	18	4	34.020000	32.33	34.02
0712	33	4	350	0278	33	3	38.490000	36.79	38.49
0713	25	3	300	0046	19	4	32.870000	31.16	32.87
0714	35	2	200	0215	27	1	44.440000	42.49	44.44
0717	27	1	350	0038	13	2	inf		
0720	29	3	250	0158	32	1	37.340000	35.47	37.34
0722	34	3	050	0076	22	4	85.380000	83.70	85.38
0724	32	1	200	0107	26	1	inf		
0729	26	1	400	0083	30	4	31.050000	29.32	31.05
0730	32	3	250	0241	35	3	41.750000	39.94	41.75
0730	33	1	200	0135	27	2	39.420000	37.95	39.42
0730	35	2	200	0112	27	1	41.310000	39.78	41.31
0731	27	2	100	0054	19	1	49.160000	47.24	49.16
0734	26	2	100	0045	29	3	inf		
0735	31	2	150	0103	27	3	36.870000	34.19	36.87
0736	34	2	250	0215	24	2	38.310000	36.54	38.31
0737	28	2	350	0077	26	4	33.560000	31.71	33.56
0738	34	2	250	0169	30	1	41.810000	40.02	41.81
0740	32	1	100	0137	33	1	47.160000	45.78	47.16
0742	33	2	250	0230	26	3	37.300000	35.51	37.30
0743	34	3	0400	0028	17	1	inf
0750	33	1	050	0050	23	2	95.060000	93.40	95.06
0752	31	1	250	0098	27	1	34.750000	33.03	34.75
0752	32	3	100	0016	15	3	79.710000	78.09	79.71
0753	32	2	300	0066	16	1	inf		
0764	28	3	350	0035	26	1	inf		
0764	32	2	400	0051	19	3	inf		
0778	33	3	200	0085	15	4	inf		
0781	33	4	250	0135	25	2	44.150000	42.45	44.15
0786	33	4	400	0056	09	3	inf		
0787	30	1	350	0100	28	2	inf		
0791	30	4	200	0087	33	1	39.570000	37.09	39.57
0791	35	1	400	0144	21	1	46.740000	45.06	46.74
0792	29	4	350	0015	09	4	33.120000	31.58	33.12
0797	34	3	250	0189	26	2	inf		
0801	34	2	400	0064	27	1	40.360000	38.69	40.36
0803	31	1	200	0092	32	1	42.650000	40.92	42.65
0804	31	4	350	0117	22	1	34.090000	32.36	34.09
0807	31	3	150	0140	35	2	inf		
0808	28	2	050	0042	17	2	109.440000	107.75	109.44
0810	32	2	400	0045	09	1	40.080000	38.64	40.08
0815	34	1	400	0094	20	1	inf		
0819	33	4	250	0201	32	1	41.820000	40.07	41.82
0834	35	2	250	0195	34	3	inf		
0835	35	1	350	0118	34	4	inf		
0843	34	4	200	0107	25	4	inf		
0846	35	3	050	0171	32	1	89.580000	87.91	89.58
0850	34	2	200	0060	27	3	44.620000	42.99	44.62
0851	34	3	250	0181	33	1	40.550000	38.80	40.55
0870	33	2	400	0056	13	2	40.040000	38.49	40.04
0882	35	2	200	0104	30	4	46.430000	44.78	46.43
0884	32	2	050	0007	05	2	254.860000	253.58	254.86
0885	35	2	400	0114	24	3	39.900000	38.15	39.90
0886	34	2	200	0161	34	3	inf		
0893	34	2	050	0016	04	2	157.850000	156.63	157.85
0898	30	3	100	0052	30	3	inf		
0918	34	3	150	0149	31	1	46.500000	44.53	46.50
0930	35	3	200	0039	22	1	47.630000	45.98	47.63
0944	35	3	050	0172	35	4	104.020000	102.36	104.02
0956	34	3	200	0049	33	1	inf		
0977	34	2	200	0065	33	3	inf		
