02	03	04	32	30	0299	27	inf
02	05	07	16	25	0946	34	inf		
02	05	07	20	27	0145	31	567.000000	566.94	567.00
02	05	07	24	27	0078	24	323.260000	323.23	323.26
02	06	04	28	18	0218	09	424.780000	424.77	424.78
02	06	05	20	10	0411	20	830.730000	830.73	830.73
02	06	05	24	25	0178	20	360.040000	360.03	360.04
02	07	04	32	01	0122	30	215.690000	215.66	215.69
02	07	10	32	10	0179	24	719.030000	718.99	719.03
02	08	03	08	08	0078	05	24.340000	24.33	24.34
02	08	13	12	06	0423	28	708.020000	708.00	708.02
02	08	15	32	18	0199	35	896.910000	896.81	896.91
02	09	04	28	37	0006	06	52.820000	52.81	52.82
02	09	09	12	01	0246	19	212.500000	212.47	212.50
02	09	11	08	30	0330	28	223.350000	223.32	223.35
02	09	18	16	28	0722	34	1491.360000	1491.30	1491.36
02	09	18	20	08	0121	19	329.960000	329.92	329.96
02	10	16	16	01	0540	25	1001.370000	1001.35	1001.37
02	10	19	12	36	0174	33	248.100000	248.03	248.10
02	12	23	12	31	0127	20	152.950000	152.93	152.95
02	13	08	04	36	0301	33	41.400000	41.40	41.40
02	14	02	04	18	0574	34	28.620000	28.60	28.62
02	14	18	32	25	0209	17	409.890000	409.89	409.89
02	14	22	20	34	0404	32	633.270000	633.13	633.27
02	14	28	16	38	0096	25	145.200000	145.13	145.20
02	15	03	04	14	0293	35	20.170000	20.14	20.17
02	15	04	20	27	0246	35	65.310000	65.27	65.31
02	15	13	12	22	0279	20	127.860000	127.86	127.84
02	15	16	32	25	0292	22	463.220000	463.19	463.22
02	15	28	32	29	0120	20	283.140000	283.14	283.14
02	17	10	04	09	0245	25	29.990000	29.97	29.99
02	17	17	28	11	0317	18	327.660000	327.62	327.66
02	17	20	12	20	0073	32	53.630000	53.57	53.63
02	17	26	20	04	0019	11	41.490000	41.48	41.49
02	18	05	20	21	0217	17	49.780000	49.76	49.78
02	18	28	32	18	0483	26	840.830000	840.80	840.83
02	18	34	08	22	0174	31	102.510000	102.49	102.51
02	19	08	20	28	0456	27	144.680000	144.62	144.68
02	19	14	12	23	0108	13	38.790000	38.79	38.78
02	19	21	16	12	0335	17	193.34	193.30	193.34
02	19	23	04	29	0740	34	157.660000	157.66	157.66
02	20	05	32	38	0142	26	65.900000	65.89	65.90
02	20	16	16	27	0025	06	20.820000	20.82	20.78
02	20	24	28	10	0150	28	174.700000	174.70	174.70
02	21	04	32	15	0171	28	84.490000	84.45	84.49
02	21	13	04	03	0061	05	9.300000	9.30	9.29
02	21	34	04	25	0585	32	129.960000	129.91	129.96
02	21	34	28	15	0619	33	869.530000	869.49	869.53
02	22	05	12	13	0143	11	18.610000	18.61	18.61
02	22	13	12	12	0574	30	137.830000	137.77	137.83
02	22	20	32	03	0065	04	58.450000	58.45	58.43
02	23	10	04	32	0079	25	9.380000	9.38	9.38
02	23	11	28	18	0585	26	252.840000	252.77	252.84
02	24	21	04	32	0062	19	10.140000	10.14	10.14
02	24	27	20	03	0768	30	575.060000	573.01	575.06
02	24	27	32	24	0296	18	323.710000	323.64	323.71
02	24	35	12	17	0420	33	230.930000	230.89	230.93
02	24	35	16	08	0218	18	142.750000	142.75	142.75
02	25	06	08	02	0139	10	165.990000	165.99	165.99
02	25	12	12	20	0208	13	32.930000	32.92	32.93
02	25	18	08	01	0031	23	25.200000	25.20	25.20
02	25	33	20	32	0017	06	30.050000	30.05	30.01
02	26	22	16	12	0022	09	21.210000	21.21	21.20
02	26	25	16	06	0577	31	239.370000	239.37	239.37
02	26	26	28	10	0026	19	30.610000	30.61	30.58
02	27	21	28	31	0633	28	331.010000	330.94	331.01
02	27	30	32	31	0466	27	421.680000	421.65	421.68
02	29	22	16	37	0266	26	74.300000	74.29	74.30
02	29	29	20	20	0064	15	45.840000	45.81	45.84
02	30	18	32	19	0361	29	174.300000	174.22	174.30
02	31	21	08	28	0133	22	18.130000	18.13	18.06
02	32	13	04	33	0298	31	14.590000	14.57	14.59
03	02	01	24	17	0613	32	2011.420000	2011.35	2011.42
03	03	05	32	31	0634	27	inf
03	03	07	08	10	0179	13	436.890000	436.89	436.89
03	04	08	12	13	0237	16	742.710000	742.64	742.71
03	05	11	32	30	0696	28	inf		
03	05	12	32	03	0518	35	inf
03	06	02	08	09	0254	35	73.310000	73.27	73.31
03	06	11	28	01	0778	32	inf
03	07	05	16	24	0038	32	101.230000	101.20	101.23
03	07	07	08	03	0247	14	117.550000	115.55	117.55
03	08	02	04	11	0594	33	48.410000	48.37	48.41
03	08	07	12	14	0103	24	63.510000	63.49	63.51
03	08	16	20	01	0384	26	803.690000	803.68	803.69
03	09	16	16	39	0525	27	984.680000	984.65	984.68
03	09	16	24	10	0206	23	430.660000	430.63	430.66
03	09	22	20	33	0549	27	1381.990000	1381.95	1381.99
03	10	07	32	32	0137	34	159.210000	159.20	159.21
03	10	08	12	14	0445	25	198.790000	198.78	198.79
03	10	17	28	16	0015	12	58.680000	58.68	58.67
03	12	16	08	23	0087	27	43.220000	43.21	43.22
03	12	18	24	11	0479	25	606.170000	606.17	606.15
03	13	24	16	38	0312	32	309.710000	309.61	309.71
03	13	30	24	36	0210	26	391.960000	391.96	391.95
03	13	30	32	17	0286	12	663.970000	663.97	663.96
03	14	09	08	06	0100	25	22.660000	22.66	22.66
03	14	22	20	28	0053	27	64.510000	64.49	64.51
03	14	28	16	34	0209	30	212.640000	212.59	212.64
03	14	31	24	17	0187	15	343.830000	343.83	343.82
03	14	33	08	24	0057	03	39.750000	39.75	39.75
03	14	34	04	17	0166	32	51.200000	51.20	51.16
03	15	14	24	18	0154	34	110.850000	110.84	110.85
03	15	32	20	06	0202	18	238.260000	238.25	238.26
03	16	05	12	07	0379	34	54.300000	54.26	54.30
03	16	08	28	15	0263	23	114.230000	114.21	114.23
03	16	15	16	01	0190	15	87.460000	87.44	87.46
03	16	18	12	26	0139	18	53.890000	53.89	53.87
03	16	21	20	05	0696	33	655.680000	655.62	655.68
03	16	21	28	26	0192	31	198.830000	198.83	198.83
03	17	20	04	03	0194	33	29.530000	29.53	29.53
03	17	23	32	10	0513	29	680.460000	680.42	680.46
03	17	35	12	15	0325	35	192.650000	192.62	192.65
03	18	06	12	19	0313	32	36.990000	36.96	36.99
03	18	08	24	16	0144	25	49.150000	49.14	49.15
03	18	21	24	06	0206	19	148.460000	148.46	148.27
03	18	21	32	02	0139	21	135.840000	135.12	135.84
03	18	32	24	12	0219	15	223.760000	223.76	223.76
03	18	33	08	10	0069	12	30.160000	30.16	30.15
03	18	35	20	35	0336	14	302.450000	302.41	302.45
03	19	04	12	29	0185	22	28.560000	28.56	28.56
03	19	25	28	28	0073	32	77.780000	77.77	77.78
03	19	32	20	15	0046	31	58.910000	58.91	58.90
03	20	15	04	30	0138	35	12.580000	12.56	12.58
03	20	17	16	22	0025	14	30.410000	30.36	30.41
03	21	22	16	28	0216	19	97.640000	97.34	97.64
03	23	27	12	25	0260	29	78.420000	78.42	78.37
03	25	08	16	37	0370	34	42.740000	42.68	42.74
03	25	08	24	13	0248	34	52.940000	52.92	52.94
03	25	09	24	10	0176	33	52.080000	52.04	52.08
03	26	17	12	28	0162	15	25.650000	25.65	25.65
03	26	17	16	16	0857	33	179.690000	177.65	179.69
03	26	23	12	26	0328	19	60.140000	60.11	60.14
03	26	28	20	39	0212	21	83.190000	83.16	83.19
03	27	09	32	08	0501	25	100.350000	100.35	100.34
03	28	23	12	02	0673	33	106.170000	106.13	106.17
03	29	19	12	05	0132	24	21.690000	21.69	21.69
03	30	06	20	39	0152	34	37.360000	37.33	37.36
03	30	09	24	40	0137	29	45.130000	45.12	45.13
03	31	08	32	39	0382	27	166.510000	166.49	166.51
03	31	25	28	32	0107	23	48.670000	48.54	48.67
03	31	27	08	36	0164	25	25.620000	25.62	25.61
03	31	30	12	21	0173	12	31.410000	31.41	31.40
03	32	24	12	35	0352	33	53.190000	53.19	53.19
03	32	32	08	29	0126	35	18.090000	18.09	18.07
04	03	05	12	14	0299	34	656.250000	656.23	656.25
04	03	11	12	37	0273	23	1171.980000	1171.95	1171.98
04	05	08	20	29	0222	20	429.06	429.03	429.06
04	05	09	08	20	0369	25	349.010000	348.99	349.01
04	05	20	16	19	0380	27	1414.430000	1413.41	1414.43
04	06	15	08	16	0109	32	118.630000	118.58	118.63
04	06	17	20	12	0157	07	446.290000	446.28	446.29
04	07	07	16	18	0229	30	175.410000	175.41	175.38
04	07	18	32	09	0277	18	1010.260000	1010.20	1010.26
04	07	26	32	33	0096	20	503.810000	503.79	503.81
04	08	06	12	09	0172	20	68.860000	68.81	68.86
04	08	11	12	10	0054	08	42.060000	42.05	42.06
04	08	19	20	17	0058	08	115.060000	115.02	115.06
04	08	24	16	17	0041	10	93.360000	93.36	93.36
04	09	17	28	24	0842	35	1742.590000	1742.52	1742.59
04	09	18	04	14	0231	21	70.250000	70.21	70.25
04	09	29	04	10	0110	34	53.390000	53.38	53.39
04	09	31	24	03	0249	32	695.410000	695.39	695.41
04	10	11	28	16	0329	26	321.880000	321.82	321.88
04	10	27	12	28	0303	33	317.310000	317.25	317.31
04	10	32	28	40	0171	20	501.780000	501.76	501.78
04	11	07	16	02	0384	28	127.050000	126.99	127.05
04	11	11	08	39	0441	26	116.720000	116.69	116.72
04	11	21	32	29	0292	25	489.710000	489.71	489.71
04	11	26	08	06	0612	35	345.960000	345.93	345.96
04	11	30	24	38	0199	14	467.160000	467.14	467.16
04	11	35	28	40	0181	14	461.300000	461.30	461.30
04	12	03	16	24	0087	11	26.940000	26.93	26.94
04	12	09	20	11	0161	28	72.650000	72.65	72.65
04	12	18	28	13	0136	16	150.180000	150.17	150.18
04	12	21	24	22	0043	18	63.970000	63.97	63.96
04	12	23	28	11	0090	06	140.080000	140.08	140.07
04	12	27	24	28	0137	18	206.120000	206.12	206.11
04	12	27	24	31	0126	07	346.350000	346.32	346.35
04	13	11	20	32	0366	33	164.690000	164.68	164.69
04	14	13	32	36	0071	14	62.230000	62.23	62.22
04	14	21	12	08	0081	34	43.730000	43.71	43.73
04	14	32	24	05	0115	15	152.630000	152.62	152.63
04	14	35	16	04	0161	18	159.080000	159.07	159.08
04	15	11	20	04	0236	25	78.800000	78.77	78.80
04	15	12	28	10	0210	22	114.900000	114.89	114.90
04	15	32	20	29	0626	35	581.230000	581.22	581.23
04	16	17	16	16	0050	04	24.700000	24.68	24.70
04	16	29	28	12	0082	25	100.220000	100.22	100.22
04	17	28	04	34	0426	18	64.140000	64.11	64.14
04	17	31	28	11	0059	28	83.020000	83.00	83.02
04	18	06	24	15	0212	27	55.190000	55.17	55.19
04	18	13	28	07	0305	26	151.490000	151.49	151.48
04	18	30	12	21	0105	09	62.660000	61.65	62.66
04	18	32	08	16	0603	29	164.990000	164.94	164.99
04	19	10	04	37	0381	16	22.130000	22.13	22.13
04	19	13	16	09	0156	24	34.970000	34.97	34.97
04	19	24	08	38	0109	12	23.760000	23.76	23.75
04	19	25	16	40	0146	16	176.770000	176.77	176.76
04	19	32	32	16	0183	16	171.890000	171.89	171.85
04	20	11	16	13	0130	26	34.380000	34.37	34.38
04	20	34	32	17	0093	09	97.600000	97.60	97.60
04	21	30	12	20	0525	27	173.10	173.09	173.10
04	21	33	04	32	0847	32	104.850000	104.81	104.85
04	23	22	08	29	0138	18	23.290000	23.28	23.29
04	23	35	16	29	0440	32	176.010000	176.00	176.01
04	24	09	32	12	0023	05	30.200000	30.20	30.17
04	24	12	24	28	0041	25	52.480000	52.45	52.48
04	24	14	16	12	0302	33	56.130000	56.11	56.13
04	24	18	12	28	0233	22	40.530000	40.53	40.50
04	24	21	28	10	0236	19	91.250000	91.25	91.25
04	25	26	12	21	0315	33	54.490000	54.49	54.49
04	25	29	24	21	0632	34	231.59	231.54	231.59
04	26	08	04	15	0167	25	7.520000	7.52	7.52
04	26	10	32	20	0089	09	28.100000	28.10	28.08
04	26	33	08	23	0483	27	74.670000	74.65	74.67
04	27	18	24	32	0141	15	38.970000	38.97	38.93
04	28	08	24	17	0026	22	50.210000	50.15	50.21
04	28	22	12	38	0617	24	81.980000	81.98	81.98
04	29	12	20	27	0024	07	18.020000	18.02	18.02
04	29	24	08	28	0380	31	31.770000	31.76	31.77
04	29	32	16	16	0027	02	15.810000	15.81	15.78
04	29	34	32	04	0475	32	209.070000	209.04	209.07
04	30	08	12	24	0081	28	23.000000	23.00	22.98
04	30	15	08	24	0149	25	14.470000	14.40	14.47
04	31	28	04	31	0174	25	13.410000	13.39	13.41
04	31	34	20	11	0129	10	40.790000	40.79	40.78
04	32	22	12	35	0022	21	27.230000	27.19	27.23
05	03	05	08	17	0136	10	144.300000	144.29	144.30
05	03	11	20	25	0093	08	524.720000	524.72	524.72
05	03	15	16	29	0542	26	inf
05	04	10	12	01	0201	21	366.370000	366.32	366.37
05	04	11	24	22	0473	35	1947.230000	1947.21	1947.23
05	04	12	24	03	0764	33	inf
05	04	19	28	36	0535	35	inf
05	05	06	04	17	0183	19	44.430000	44.41	44.43
05	05	14	12	01	0269	29	458.370000	458.34	458.37
05	06	16	20	37	0176	23	381.770000	381.75	381.77
05	06	24	32	13	0071	25	385.640000	385.59	385.64
05	06	25	20	11	0253	21	835.060000	835.06	835.05
05	07	02	24	02	0159	32	140.400000	140.39	140.40
05	07	10	04	12	0885	33	204.600000	204.57	204.60
05	07	10	24	29	0206	29	267.740000	267.70	267.74
05	07	12	20	07	0300	15	393.260000	393.22	393.26
05	07	18	04	26	0540	26	237.71	237.67	237.71
05	07	27	20	20	0041	06	124.800000	124.80	124.80
05	07	32	24	23	0383	18	1534.640000	1534.64	1534.62
05	07	32	32	22	0830	34	inf
05	08	09	20	33	0096	21	76.130000	76.13	76.12
05	08	12	04	35	0326	20	67.190000	67.15	67.19
05	08	28	12	13	0064	27	79.800000	79.77	79.80
05	09	08	08	24	0415	22	104.570000	104.53	104.57
05	09	08	16	37	0117	30	72.410000	72.39	72.41
05	09	30	08	11	0388	31	289.860000	289.84	289.86
05	10	16	16	29	0140	17	93.970000	93.97	93.96
05	10	31	28	11	0313	21	680.090000	680.09	680.07
05	11	03	08	34	0064	12	18.590000	18.59	18.58
05	11	07	16	40	0262	29	75.310000	75.30	75.31
05	11	31	16	32	0037	18	49.520000	49.52	49.49
05	12	18	20	06	0014	02	20.090000	20.09	20.05
05	13	20	04	11	0681	31	186.790000	186.77	186.79
05	13	20	08	18	0032	28	31.940000	31.94	31.94
05	13	21	24	08	0245	21	188.710000	188.71	188.70
05	14	14	20	20	0076	21	50.260000	50.26	50.22
05	14	17	16	23	0371	33	141.970000	141.95	141.97
05	15	05	04	27	0067	12	7.510000	7.51	7.50
05	15	18	20	34	0080	19	40.930000	40.93	40.92
05	15	24	20	10	0498	32	267.390000	267.35	267.39
05	15	28	04	39	0373	23	55.120000	55.07	55.12
05	15	32	20	08	0886	32	688.480000	688.43	688.48
05	16	05	28	29	0292	31	83.390000	83.37	83.39
05	16	26	24	39	0049	28	70.670000	70.53	70.67
05	16	35	24	01	0539	32	545.790000	545.79	545.76
05	17	35	16	23	0340	23	157.290000	157.29	157.28
05	18	10	08	22	0231	28	51.550000	51.53	51.55
05	18	13	08	37	0215	14	20.990000	20.86	20.99
05	18	31	28	22	0616	28	440.700000	440.64	440.70
05	19	16	12	30	0368	22	61.70	61.70	61.42
05	19	24	20	16	0107	18	49.350000	49.35	49.34
05	19	32	12	09	0167	23	48.150000	48.13	48.15
05	20	08	04	12	0172	34	12.150000	12.14	12.15
05	20	08	08	23	0485	26	164.260000	164.26	164.24
05	20	24	12	22	0404	15	80.480000	80.45	80.48
05	21	16	28	18	0112	31	70.350000	70.33	70.35
05	21	19	16	32	0094	13	25.010000	24.98	25.01
05	21	21	04	19	0463	27	inf
05	21	23	24	39	0154	12	57.770000	57.77	57.77
05	21	26	20	35	0173	33	inf
05	21	29	28	28	0136	14	83.350000	83.33	83.35
05	22	22	28	18	0034	12	40.640000	40.64	40.63
05	22	34	20	14	0026	17	39.440000	39.44	39.43
05	23	13	20	19	0091	16	30.000000	30.00	29.88
05	23	14	28	03	0064	20	45.840000	45.79	45.84
05	24	17	20	19	0230	29	50.290000	50.26	50.29
05	24	25	20	02	0402	24	97.380000	97.36	97.38
05	25	17	24	24	0053	14	32.030000	32.02	32.03
05	25	35	04	03	0005	03	8.620000	8.62	8.60
05	26	25	24	31	0127	08	37.250000	37.25	37.25
05	26	28	24	19	0471	35	129.750000	129.74	129.75
05	26	31	32	27	0076	07	33.960000	33.96	33.95
05	27	23	24	39	0742	32	198.800000	198.77	198.80
05	28	21	24	22	0429	31	94.170000	94.16	94.17
05	29	29	04	29	0310	19	20.170000	20.14	20.17
05	30	17	20	24	0590	34	76.920000	76.92	76.90
05	30	25	20	30	0227	33	46.520000	46.51	46.52
05	30	30	04	24	0727	33	42.290000	40.28	42.29
05	31	23	28	31	0372	32	88.16	88.14	88.16
05	31	31	20	03	0460	31	92.330000	90.80	92.33
05	31	32	28	05	0260	13	81.600000	81.60	81.59
05	32	11	04	04	0084	10	10.490000	10.45	10.49
05	32	12	24	22	0282	35	57.790000	57.74	57.79
06	03	11	20	07	0772	31	inf
06	03	13	32	34	0596	34	inf
06	03	16	28	09	0664	34	inf
06	04	10	12	07	0461	31	740.210000	739.58	740.21
06	04	13	04	29	0979	34	654.230000	652.19	654.23
06	04	24	28	34	0310	31	inf
06	06	08	16	30	0159	31	130.540000	130.51	130.54
06	06	11	28	34	0092	12	167.430000	167.42	167.43
06	06	13	16	30	0252	13	298.810000	298.81	298.81
06	06	17	28	27	0195	16	535.010000	535.00	535.01
06	06	18	12	06	0103	33	140.770000	140.77	140.77
06	06	26	32	06	0502	34	inf
06	06	33	12	23	0070	12	161.000000	161.00	161.00
06	07	14	12	40	0202	12	148.070000	148.05	148.07
06	07	18	32	35	0030	27	178.670000	178.65	178.67
06	07	20	08	17	0081	16	56.730000	56.71	56.73
06	07	29	08	36	0298	33	314.560000	314.53	314.56
06	07	31	08	07	0615	35	671.320000	671.26	671.32
06	08	19	16	30	0132	30	142.350000	142.35	142.33
06	09	03	12	04	0079	35	61.920000	61.90	61.92
06	09	19	16	17	0079	04	69.570000	69.53	69.57
06	09	21	16	12	0354	25	339.000000	338.97	339.00
06	09	26	24	21	0552	24	1021.210000	1021.16	1021.21
06	09	32	16	19	0651	34	845.980000	845.92	845.98
06	09	35	04	17	0494	35	180.620000	180.61	180.62
06	10	21	24	24	0356	32	407.530000	407.50	407.53
06	10	27	20	30	0330	32	357.020000	357.00	357.02
06	10	35	04	04	0690	35	279.430000	279.37	279.43
06	11	07	04	20	0322	26	26.36	26.34	26.36
06	11	17	04	05	0327	29	40.380000	40.37	40.38
06	11	26	32	36	0426	24	695.970000	695.93	695.97
06	11	28	24	14	0091	24	121.090000	121.09	121.09
06	11	33	08	37	0435	18	224.090000	224.05	224.09
06	11	33	28	22	0703	34	1506.930000	1506.89	1506.93
06	12	18	24	19	0138	33	99.170000	99.16	99.17
06	12	26	20	37	0531	35	485.200000	485.20	484.91
06	13	09	08	04	0367	34	39.470000	39.43	39.47
06	13	12	28	36	0347	25	174.350000	174.25	174.35
06	13	18	24	09	0061	17	53.680000	53.68	53.66
06	14	15	04	09	0295	35	24.31	24.29	24.31
06	14	20	24	18	0025	17	65.670000	65.44	65.67
06	14	29	04	33	0026	17	15.100000	15.10	15.08
06	14	29	08	14	0044	03	18.150000	18.15	18.09
06	14	33	28	23	0123	27	132.110000	132.10	132.11
06	15	19	08	18	0160	21	28.250000	28.25	28.25
06	15	20	08	02	0116	35	27.100000	27.08	27.10
06	15	21	28	36	0133	32	86.800000	86.80	86.80
06	15	25	28	21	0017	01	30.930000	30.93	30.92
06	15	26	24	16	0373	25	235.270000	235.23	235.27
06	15	28	20	02	0773	32	508.020000	507.98	508.02
06	16	11	32	04	0079	18	64.060000	64.05	64.06
06	16	34	12	36	0435	19	166.200000	166.20	166.18
06	17	13	08	29	0196	35	25.040000	25.03	25.04
06	17	16	12	31	0264	35	47.250000	47.22	47.25
06	17	18	24	16	0610	35	210.540000	210.51	210.54
06	18	07	20	26	0179	33	56.690000	56.67	56.69
06	18	19	28	39	0411	20	328.670000	328.60	328.67
06	18	21	04	08	0232	22	21.450000	21.45	21.45
06	19	23	24	08	0308	15	119.560000	119.54	119.56
06	19	34	08	35	0866	34	165.210000	165.13	165.21
06	20	10	28	21	0127	32	67.370000	67.35	67.37
06	20	23	32	13	0149	16	73.250000	73.25	73.25
06	20	29	20	20	0026	16	39.860000	39.81	39.86
06	21	14	12	37	0432	28	49.100000	49.05	49.10
06	21	18	08	03	0098	28	21.420000	21.42	21.42
06	21	28	12	12	0795	33	162.430000	162.43	162.43
06	21	35	32	38	0090	29	71.600000	71.58	71.60
06	23	21	08	16	0365	24	36.340000	36.29	36.34
06	24	10	08	20	0291	26	146.860000	146.86	146.85
06	24	32	24	33	0398	18	254.090000	254.09	254.09
06	27	24	04	35	0217	16	8.300000	8.30	8.30
06	27	29	20	25	0126	29	45.420000	45.41	45.42
06	27	32	12	02	0137	23	23.140000	23.14	23.12
06	28	21	08	31	0085	25	15.480000	15.47	15.48
06	28	30	08	14	0477	34	43.080000	43.05	43.08
06	29	20	20	32	0451	34	65.44	65.40	65.44
06	30	28	20	39	0146	22	31.220000	31.21	31.22
06	31	28	28	19	0238	17	51.590000	51.57	51.59
06	32	16	32	22	0069	34	68.64	68.62	68.64
07	02	14	16	11	0401	26	inf
07	03	02	04	21	0568	34	156.200000	156.17	156.20
07	03	04	04	13	0094	26	51.440000	51.42	51.44
07	03	05	24	12	0030	23	231.510000	231.51	231.51
07	03	08	12	09	0608	30	1197.190000	1197.15	1197.19
07	04	12	20	04	0379	26	1014.010000	1013.95	1014.01
07	05	03	28	30	0328	21	254.330000	254.29	254.33
07	05	05	28	04	0447	32	521.050000	521.01	521.05
07	06	19	28	10	0399	34	1015.030000	1015.00	1015.03
07	06	31	32	07	0096	27	476.490000	476.41	476.49
07	07	06	12	19	0128	25	162.930000	162.93	162.92
07	07	07	20	10	0270	28	157.420000	157.42	157.39
07	07	11	24	40	0266	28	275.960000	275.94	275.96
07	09	21	08	10	0238	19	97.810000	97.81	97.81
07	09	28	24	22	0021	10	55.560000	55.54	55.56
07	10	29	32	33	0113	08	189.450000	189.36	189.45
07	10	32	04	33	0051	19	16.770000	16.77	16.74
07	11	28	08	40	0351	16	134.660000	134.64	134.66
07	12	05	20	07	0151	22	53.720000	53.72	53.72
07	12	07	32	27	0369	24	120.470000	120.45	120.47
07	12	08	20	27	0229	29	73.650000	73.63	73.65
07	12	13	28	19	0504	27	234.640000	234.56	234.64
07	12	23	16	04	0131	16	64.380000	64.38	64.38
07	13	10	16	05	0294	16	65.970000	65.96	65.97
07	13	26	12	09	0180	33	66.980000	66.97	66.98
07	13	35	20	29	0228	08	192.610000	192.60	192.61
07	14	08	24	30	0096	32	83.890000	83.88	83.89
07	14	33	24	29	0214	10	165.150000	165.13	165.15
07	15	32	24	35	0059	34	72.130000	72.13	72.13
07	17	20	28	11	0531	35	229.250000	229.17	229.25
07	18	27	08	35	0380	33	50.870000	50.86	50.87
07	18	29	24	26	0440	27	196.720000	196.71	196.72
07	18	32	32	13	0149	08	99.59	99.58	99.59
07	18	34	24	21	0269	24	137.540000	137.53	137.54
07	19	17	28	12	0122	23	58.710000	58.71	58.71
07	19	33	20	02	0170	16	66.500000	66.49	66.50
07	20	09	24	38	0287	34	67.410000	67.40	67.41
07	20	21	16	31	0203	22	39.300000	39.29	39.30
07	20	21	24	40	0072	35	77.310000	77.29	77.31
07	21	22	04	08	0166	19	10.530000	10.53	10.52
07	21	31	08	29	0208	12	25.77	25.75	25.77
07	22	09	08	34	0139	31	18.62	18.62	18.62
07	23	35	32	23	0385	20	164.100000	164.08	164.10
07	24	27	24	18	0252	16	57.93	57.93	57.93
07	24	35	04	25	0455	33	31.25	31.23	31.25
07	25	26	24	28	0093	27	52.520000	52.51	52.52
07	25	33	20	22	0549	32	132.510000	132.49	132.51
07	26	15	24	08	0057	04	28.270000	28.27	28.26
07	26	16	20	34	0100	24	38.910000	38.90	38.91
07	26	20	04	14	0387	33	12.85	12.83	12.85
07	27	09	12	04	0344	35	33.900000	33.90	33.90
07	27	15	28	16	0063	32	81.250000	81.18	81.25
07	28	21	32	28	0554	31	116.850000	116.80	116.85
07	28	24	32	21	0454	27	105.100000	105.05	105.10
07	28	34	28	18	0165	23	53.350000	53.34	53.35
07	29	16	20	26	0125	32	48.040000	47.99	48.04
07	29	31	04	40	0046	10	8.000000	8.00	7.99
07	31	17	16	30	0046	24	41.520000	41.48	41.52
07	32	25	24	38	0037	08	27.730000	27.73	27.72
07	32	32	28	28	0095	22	86.110000	86.11	86.08
08	02	14	24	06	0142	25	1726.810000	1726.76	1726.81
08	02	15	32	38	0963	33	inf		
08	03	05	32	38	0484	18	1335.490000	1335.44	1335.49
08	04	03	12	20	0208	24	125.130000	125.10	125.13
08	04	07	12	36	0539	35	531.750000	531.70	531.75
08	04	24	16	20	0127	15	455.750000	455.74	455.75
08	04	26	32	21	0472	34	inf
08	04	30	24	29	0286	33	1877.350000	1877.32	1877.35
08	05	07	04	32	0867	34	184.210000	182.17	184.21
08	05	07	08	01	0181	18	69.110000	69.10	69.11
08	06	05	16	37	0045	17	62.700000	62.70	62.70
08	06	31	08	30	0322	20	348.630000	348.58	348.63
08	06	32	20	15	0086	08	244.630000	244.63	244.63
08	06	34	08	04	0406	34	458.270000	458.23	458.27
08	07	16	16	35	0353	22	320.720000	320.68	320.72
08	07	34	20	25	0296	19	692.710000	692.68	692.71
08	08	15	28	21	0070	35	171.790000	171.68	171.79
08	08	25	04	11	0312	22	81.340000	81.32	81.34
08	08	25	24	16	0294	31	472.010000	472.01	472.00
08	08	29	12	04	0121	07	104.680000	104.66	104.68
08	09	22	32	24	0151	28	217.000000	216.91	217.00
08	09	23	08	39	0336	30	118.360000	118.34	118.36
08	10	29	04	38	0273	22	52.850000	52.85	52.85
08	11	11	32	02	0499	32	247.910000	247.87	247.91
08	12	15	28	38	0250	24	130.600000	130.58	130.60
08	12	20	32	15	0054	10	49.860000	49.86	49.81
08	13	20	04	34	0327	27	34.020000	33.95	34.02
08	13	32	04	38	0090	33	19.900000	19.88	19.90
08	14	18	08	06	0146	14	20.610000	20.61	20.61
08	14	33	28	16	0014	03	17.240000	17.24	17.22
08	14	34	04	25	0705	34	115.470000	115.47	115.46
08	14	35	24	15	0444	29	331.890000	331.87	331.89
08	15	27	24	40	0130	07	69.110000	69.10	69.11
08	16	17	32	11	0237	27	94.910000	94.89	94.91
08	17	13	04	28	0036	12	8.110000	8.10	8.11
08	18	23	08	27	0207	16	24.130000	24.12	24.13
08	19	10	08	39	0304	29	25.770000	25.74	25.77
08	19	11	24	24	0126	32	80.340000	80.34	80.32
08	19	30	32	30	0182	33	95.000000	94.99	95.00
08	19	35	20	02	0694	30	307.260000	307.24	307.26
08	20	15	28	03	0189	17	46.35	46.35	45.76
08	20	27	32	11	0494	22	179.560000	179.52	179.56
08	20	33	04	26	0243	16	14.970000	14.96	14.97
08	21	23	28	34	0564	26	164.170000	164.14	164.17
08	21	35	04	27	0108	10	150.540000	150.54	150.51
08	21	35	04	28	0282	20	16.660000	16.66	16.66
08	22	13	24	30	0108	26	60.68	60.66	60.68
08	23	16	12	08	0055	04	11.600000	11.60	11.60
08	24	14	32	17	0252	35	80.420000	80.37	80.42
08	24	25	12	06	0062	23	38.070000	38.07	38.06
08	24	31	04	22	0068	30	10.780000	10.74	10.78
08	25	22	16	14	0095	08	15.390000	15.38	15.39
08	25	29	24	10	0009	01	18.300000	18.30	18.29
08	28	19	20	12	0349	33	42.000000	41.95	42.00
08	29	12	32	03	0081	29	62.92	62.92	62.91
08	29	28	12	24	0156	11	19.090000	19.09	19.07
08	32	25	12	07	0135	30	37.560000	37.56	37.56
09	03	08	20	08	0362	31	937.060000	937.04	937.06
09	03	13	28	25	0062	34	391.930000	391.88	391.93
09	04	06	24	33	0680	31	832.920000	832.87	832.92
09	04	14	28	25	0692	25	inf		
09	04	20	12	06	0113	11	224.950000	224.90	224.95
09	04	34	32	20	0437	35	inf
09	05	08	24	39	0067	22	139.040000	139.01	139.04
09	05	23	28	37	0164	17	575.760000	575.71	575.76
09	05	27	32	21	0503	35	2272.840000	2272.82	2272.84
09	05	30	16	31	0152	22	395.340000	395.32	395.34
09	06	11	16	14	0512	29	441.79	441.76	441.79
09	06	14	32	17	0164	29	329.990000	329.98	329.99
09	06	34	28	05	0223	18	786.490000	786.48	786.49
09	06	35	04	30	0548	31	345.930000	345.93	345.92
09	07	12	28	37	0615	29	624.110000	624.07	624.11
09	07	28	08	18	0595	34	411.060000	411.04	411.06
09	08	25	04	37	0500	33	110.790000	110.75	110.79
09	08	35	32	24	0696	29	inf
09	09	20	12	30	0220	27	92.050000	92.05	92.03
09	09	22	32	03	0246	12	300.230000	300.20	300.23
09	09	27	32	30	0571	33	947.330000	947.27	947.33
09	09	31	28	39	0034	09	151.620000	151.62	151.62
09	10	15	04	28	0193	15	20.61	20.61	20.60
09	10	22	32	17	0014	13	103.660000	103.66	103.66
09	11	08	24	39	0243	33	106.410000	106.40	106.41
09	11	14	32	29	0182	24	107.290000	107.29	107.29
09	11	15	08	11	0027	21	27.860000	27.82	27.86
09	11	24	28	08	0106	09	92.000000	92.00	91.99
09	11	33	12	32	0322	25	146.630000	146.63	146.63
09	12	26	12	16	0414	27	147.580000	147.54	147.58
09	13	22	20	17	0334	19	124.640000	124.57	124.64
09	14	15	08	30	0301	21	37.430000	37.42	37.43
09	14	20	08	30	0095	35	33.600000	33.59	33.60
09	14	24	24	36	0247	19	106.250000	106.22	106.25
09	14	28	32	22	0660	35	426.59	426.53	426.59
09	14	34	12	10	0266	15	84.860000	84.83	84.86
09	15	21	32	29	0211	29	107.320000	107.32	107.29
09	15	22	24	33	0162	23	65.690000	65.69	65.69
09	16	13	24	31	0279	23	178.700000	178.70	178.70
09	16	20	12	16	0169	09	241.910000	241.89	241.91
09	17	23	16	29	0281	26	58.480000	58.48	58.48
09	17	24	16	13	0092	20	34.600000	34.59	34.60
09	18	11	12	30	0202	25	28.910000	28.90	28.91
09	18	13	24	22	0035	34	90.400000	90.40	90.37
09	18	34	32	31	0423	32	243.700000	243.66	243.70
09	19	19	24	30	0385	28	88.10	88.08	88.10
09	19	29	08	26	0085	29	26.600000	26.58	26.60
09	19	33	08	34	0102	17	16.230000	16.22	16.23
09	20	12	20	16	0150	32	inf
09	20	26	28	38	0319	20	inf
09	22	28	24	31	0355	21	190.440000	190.42	190.44
09	22	33	20	20	0066	23	36.280000	36.25	36.28
09	23	27	12	39	0483	32	54.340000	54.30	54.34
09	24	19	12	21	0127	09	21.960000	21.96	21.92
09	24	23	28	23	0574	28	122.920000	122.80	122.92
09	24	35	16	32	0434	30	78.390000	78.34	78.39
09	26	34	08	25	0137	33	22.140000	22.12	22.14
09	28	24	28	12	0100	11	34.090000	34.09	34.08
09	29	19	28	37	0055	35	83.840000	83.81	83.84
09	29	32	28	39	0042	32	82.670000	82.66	82.67
09	30	17	32	08	0097	23	75.400000	75.34	75.40
09	30	33	24	07	0666	30	103.150000	103.13	103.15
09	32	24	24	23	0059	30	61.760000	61.73	61.76
09	32	30	12	21	0175	28	28.000000	28.00	27.99
09	32	30	16	07	0134	19	32.590000	32.59	32.58
09	32	34	24	14	0417	34	72.720000	72.71	72.72
10	02	01	04	20	0026	22	55.000000	54.96	55.00
10	02	10	24	19	0865	35	inf
10	02	14	28	21	0535	25	inf
10	03	11	16	32	0462	25	1153.110000	1153.03	1153.11
10	03	26	28	26	0438	17	inf
10	03	27	24	02	0464	35	inf
10	04	18	12	04	0416	29	797.930000	797.91	797.93
10	05	29	20	12	0100	24	289.440000	289.41	289.44
10	06	09	32	04	0255	28	267.700000	267.64	267.70
10	06	25	12	09	0095	05	104.170000	104.17	104.17
10	06	28	20	23	0124	18	238.100000	238.07	238.10
10	07	08	28	30	0499	33	300.870000	300.86	300.87
10	07	20	08	34	0304	16	132.99	132.98	132.99
10	07	21	28	38	0437	20	716.440000	716.41	716.44
10	07	23	32	26	0118	20	223.800000	223.80	223.80
10	08	08	04	15	0039	07	10.150000	10.11	10.15
10	08	27	08	20	0281	20	119.730000	119.73	119.73
10	09	20	08	28	0197	28	51.690000	51.66	51.69
10	09	27	32	14	0259	33	372.120000	372.08	372.12
10	09	28	16	28	0236	16	175.160000	175.08	175.16
10	10	34	32	07	0317	28	430.130000	430.11	430.13
10	11	05	32	31	0056	29	117.760000	117.72	117.76
10	11	18	20	05	0547	30	253.500000	253.45	253.50
10	11	24	32	24	0179	26	162.810000	162.81	162.81
10	12	14	12	39	0082	09	19.640000	19.64	19.63
10	12	25	20	40	0478	20	218.930000	218.90	218.93
10	13	16	24	33	0072	12	44.080000	44.07	44.08
10	13	23	12	24	0407	20	90.350000	90.31	90.35
10	14	22	16	33	0075	20	40.610000	40.61	40.58
10	14	24	08	12	0301	28	45.390000	45.36	45.39
10	14	26	08	36	0497	23	72.300000	72.29	72.30
10	14	27	12	08	0075	32	44.750000	44.75	44.72
10	14	29	12	31	0413	20	115.540000	115.51	115.54
10	16	14	12	30	0505	32	57.360000	57.26	57.36
10	16	20	20	38	0438	32	105.860000	105.83	105.86
10	16	23	16	21	0213	18	46.740000	46.73	46.74
10	16	31	24	04	0078	07	39.380000	39.38	39.37
10	16	33	20	39	0099	05	41.430000	41.43	41.41
10	17	15	04	30	0201	31	12.560000	12.53	12.56
10	17	28	04	14	0160	22	18.860000	18.86	18.42
10	18	14	20	11	0055	35	74.030000	74.01	74.03
10	19	10	20	32	0185	28	73.140000	73.14	73.13
10	19	31	04	15	0587	31	36.950000	36.93	36.95
10	20	14	28	19	0354	23	75.410000	75.38	75.41
10	20	22	20	29	0040	09	21.47	21.47	21.42
10	22	26	20	39	0074	15	34.840000	34.83	34.84
10	22	30	20	20	0051	06	22.040000	22.04	22.03
10	24	20	16	38	0354	34	34.460000	34.46	34.46
10	24	24	20	34	0020	15	45.980000	45.98	45.98
10	25	27	28	32	0242	18	55.270000	55.23	55.27
10	25	30	24	17	0235	28	50.800000	50.74	50.80
10	25	32	12	24	0115	07	19.520000	19.52	19.48
10	26	33	28	25	0315	20	66.210000	66.21	66.20
10	28	25	16	37	0299	32	35.290000	35.25	35.29
10	28	29	12	20	0089	22	32.930000	32.90	32.93
10	28	31	32	11	0299	22	67.870000	67.86	67.87
10	28	32	04	37	0061	16	11.250000	11.24	11.25
10	29	17	32	39	0151	33	95.630000	95.62	95.63
10	31	33	32	20	0120	23	76.450000	76.45	76.44
10	32	24	28	40	0333	28	59.490000	59.47	59.49
10	32	26	20	04	0102	21	105.040000	104.93	105.04
11	02	04	20	15	0135	16	367.960000	367.96	367.96
11	02	12	12	38	0139	20	553.880000	553.86	553.88
11	03	20	04	30	0286	33	272.860000	272.80	272.86
11	03	26	32	24	0310	27	inf
11	04	17	12	24	0442	18	687.560000	687.54	687.56
11	05	27	16	27	0258	15	535.710000	535.68	535.71
11	06	21	28	33	0563	33	1188.620000	1186.57	1188.62
11	06	24	28	18	0360	28	811.450000	811.43	811.45
11	06	25	16	33	0174	16	219.320000	219.31	219.32
11	07	23	20	01	0106	11	122.200000	122.20	122.20
11	08	07	04	38	0182	15	15.700000	15.67	15.70
11	08	14	24	19	0266	17	178.230000	178.17	178.23
11	08	34	08	19	0322	31	159.890000	159.87	159.89
11	09	04	12	07	0181	27	51.950000	51.94	51.95
11	09	14	08	04	0526	34	105.720000	105.69	105.72
11	09	28	08	04	0246	26	80.440000	80.41	80.44
11	11	06	04	18	0045	10	8.510000	8.51	8.47
11	12	23	16	36	0586	30	203.240000	203.19	203.24
11	13	26	04	16	0248	31	20.970000	20.91	20.97
11	13	28	32	37	0194	21	128.360000	128.36	128.32
11	13	34	16	12	0054	27	61.690000	61.62	61.69
11	14	16	20	18	0393	31	91.520000	91.46	91.52
11	15	11	28	02	0020	14	60.670000	60.65	60.67
11	15	21	16	35	0033	08	26.200000	26.20	26.18
11	15	30	12	16	0521	34	180.920000	180.87	180.92
11	15	30	28	10	0519	33	283.410000	283.36	283.41
11	15	34	04	12	0219	17	18.790000	18.79	18.79
11	16	26	16	19	0242	29	63.270000	63.25	63.27
11	17	14	32	11	0090	21	91.43	91.42	91.43
11	17	32	20	34	0078	10	29.210000	29.21	29.20
11	18	25	12	28	0164	15	26.440000	26.44	26.43
11	19	27	24	03	0203	25	63.910000	63.91	63.90
11	19	33	28	35	0479	25	157.020000	157.01	157.02
11	19	33	32	27	0212	21	87.780000	87.77	87.78
11	20	12	12	33	0012	04	18.230000	18.22	18.23
11	20	32	12	16	0236	18	36.520000	36.52	36.51
11	21	13	16	32	0036	13	34.080000	34.08	34.07
11	21	20	20	19	0212	16	40.200000	40.17	40.20
11	21	21	08	16	0382	28	28.930000	28.90	28.93
11	21	22	16	30	0296	33	54.110000	54.11	53.16
11	22	20	24	28	0162	16	48.420000	48.41	48.42
11	23	27	32	24	0077	20	86.510000	86.51	86.51
11	23	31	12	37	0178	19	24.460000	24.46	24.44
11	25	24	12	10	0057	24	39.430000	39.26	39.43
11	26	13	12	31	0084	19	33.350000	33.32	33.35
11	26	16	04	07	0072	33	21.700000	21.67	21.70
11	26	17	32	02	0028	02	38.630000	38.63	38.63
11	26	18	12	39	0042	27	100.030000	99.81	100.03
11	27	33	20	19	0201	29	49.760000	49.76	49.75
11	29	20	24	31	0210	32	73.490000	73.48	73.49
11	29	33	20	19	0500	29	67.440000	67.39	67.44
11	32	21	12	32	0038	32	48.750000	48.71	48.75
12	02	02	28	18	0302	26	821.650000	821.56	821.65
12	02	12	08	39	0270	16	673.350000	673.34	673.35
12	02	12	24	30	0562	34	inf
12	03	22	24	05	0192	27	1158.350000	1158.32	1158.35
12	04	16	28	21	0623	26	1851.920000	1851.88	1851.92
12	04	22	08	09	0494	26	543.040000	543.00	543.04
12	04	27	24	19	0201	27	805.920000	805.90	805.92
12	04	35	04	27	0058	05	54.240000	54.24	54.22
12	05	11	16	28	0208	19	162.550000	162.52	162.55
12	05	24	32	36	0399	35	1217.110000	1217.10	1217.11
12	05	30	24	04	0796	28	inf		
12	05	30	24	10	0464	32	1415.700000	1415.65	1415.70
12	05	35	12	24	0126	13	212.240000	212.24	212.24
12	06	05	08	35	0161	17	40.770000	40.74	40.77
12	06	09	24	29	0126	06	89.640000	89.64	89.62
12	07	14	20	30	0357	30	235.340000	235.32	235.34
12	07	27	24	22	0369	29	534.290000	534.29	534.29
12	07	29	24	35	0041	05	72.490000	72.49	72.48
12	08	21	24	24	0111	35	272.820000	272.82	272.82
12	08	23	24	19	0430	27	434.740000	434.71	434.74
12	09	08	08	04	0151	32	41.820000	41.80	41.82
12	09	17	08	27	0506	35	204.350000	204.32	204.35
12	09	34	08	30	0539	33	228.460000	228.46	228.46
12	10	24	28	04	0274	18	199.530000	199.51	199.53
12	11	13	16	34	0143	10	35.210000	35.19	35.21
12	11	18	08	31	0434	27	68.930000	68.93	68.93
12	11	24	12	23	0071	23	41.990000	41.99	41.99
12	12	09	16	08	0197	15	34.980000	34.98	34.98
12	12	15	04	24	0155	23	14.850000	14.84	14.85
12	12	15	16	14	0472	26	102.050000	102.05	101.88
12	12	27	08	28	0484	25	82.950000	82.91	82.95
12	13	27	08	14	0293	19	47.890000	47.87	47.89
12	14	25	04	20	0052	13	12.140000	12.12	12.14
12	14	33	08	23	0272	16	45.54	45.52	45.54
12	15	26	28	13	0367	24	inf
12	15	28	24	08	0305	26	108.960000	108.79	108.96
12	15	30	08	21	0054	29	28.790000	28.79	28.79
12	15	32	08	08	0071	16	20.900000	20.87	20.90
12	17	35	24	15	0253	27	84.460000	84.33	84.46
12	18	19	24	40	0395	29	79.710000	79.67	79.71
12	18	35	20	13	0151	16	45.680000	45.67	45.68
12	20	22	20	28	0070	13	38.580000	38.56	38.58
12	20	24	08	05	0478	35	151.790000	151.79	151.67
12	20	29	04	21	0182	16	10.090000	10.09	9.91
12	20	32	20	24	0024	13	44.130000	44.13	44.10
12	21	31	20	03	0247	31	51.790000	51.75	51.79
12	22	23	28	34	0211	21	63.09	63.08	63.09
12	23	22	12	23	0098	19	37.480000	37.48	37.48
12	23	35	24	27	0467	30	95.250000	95.20	95.25
12	26	35	08	07	0029	10	19.390000	19.39	19.39
12	27	22	28	15	0091	30	87.220000	87.20	87.22
12	27	26	16	32	0360	27	37.520000	37.48	37.52
12	27	27	08	13	0067	31	29.400000	29.34	29.40
12	27	34	16	30	0226	33	51.810000	51.77	51.81
12	29	30	08	07	0415	29	23.340000	23.34	23.34
12	31	20	12	04	0096	17	41.660000	41.65	41.66
12	32	31	28	15	0130	19	66.110000	66.09	66.11
13	02	07	08	15	0247	12	389.470000	389.44	389.47
13	02	08	20	18	0009	03	61.300000	61.30	61.28
13	02	08	32	09	0792	35	inf		
13	02	18	04	20	0126	35	203.910000	203.90	203.91
13	02	22	28	35	0544	28	inf
13	03	03	16	40	0291	30	288.84	288.75	288.84
13	03	22	08	06	0635	35	1179.310000	1179.25	1179.31
13	03	32	08	38	0116	31	302.950000	302.95	302.95
13	04	05	24	37	0241	28	272.860000	272.82	272.86
13	04	08	16	13	0042	15	80.230000	80.23	80.23
13	05	08	24	20	0066	34	208.210000	208.21	208.19
13	05	23	12	06	0415	29	510.220000	510.17	510.22
13	05	31	32	03	0180	11	669.920000	669.86	669.92
13	06	19	28	04	0564	21	925.500000	925.50	925.50
13	07	07	20	17	0026	02	27.850000	27.85	27.82
13	07	09	04	34	0190	31	25.410000	25.40	25.41
13	07	34	24	09	0175	15	286.830000	286.79	286.83
13	08	19	24	02	0201	30	149.260000	149.24	149.26
13	08	20	16	17	0329	20	158.36	158.36	158.36
13	08	21	04	09	0096	26	20.940000	20.94	20.94
13	09	14	28	14	0317	18	167.360000	167.29	167.36
13	09	27	20	01	0714	29	620.810000	620.78	620.81
13	09	30	12	25	0245	21	106.560000	106.51	106.56
13	10	17	20	23	0027	24	85.220000	85.21	85.22
13	10	21	04	18	0513	32	58.440000	58.38	58.44
13	11	14	08	03	0053	32	44.070000	44.05	44.07
13	12	28	20	16	0101	08	41.700000	41.70	41.69
13	12	35	24	06	0050	06	56.440000	56.44	56.35
13	13	10	12	32	0045	24	47.470000	47.46	47.47
13	13	35	28	05	0436	29	279.990000	279.98	279.99
13	15	08	08	03	0074	35	31.210000	31.21	31.21
13	15	17	20	10	0250	34	148.350000	148.32	148.35
13	15	18	16	30	0560	31	93.020000	92.94	93.02
13	15	24	08	10	0161	35	35.380000	35.35	35.38
13	15	24	24	02	0294	27	103.790000	103.75	103.79
13	16	14	32	40	0033	19	83.010000	82.98	83.01
13	16	19	28	35	0563	33	152.240000	152.19	152.24
13	16	25	04	02	0242	23	14.520000	14.45	14.52
13	17	14	04	29	0019	03	6.02	6.02	6.01
13	18	19	16	25	0273	19	40.450000	40.45	40.25
13	19	33	24	25	0048	30	94.970000	94.94	94.97
13	20	25	12	24	0548	33	60.060000	60.06	60.05
13	20	29	04	24	0103	09	6.940000	6.93	6.94
13	21	30	32	09	0464	30	125.880000	125.85	125.88
13	21	31	28	19	0015	11	69.230000	69.23	69.20
13	22	17	20	21	0136	30	70.370000	70.35	70.37
13	24	21	32	20	0315	25	80.110000	80.09	80.11
13	24	30	24	35	0025	18	77.320000	77.31	77.32
13	25	22	12	10	0172	27	38.790000	38.73	38.79
13	26	33	08	36	0093	08	10.250000	10.25	10.23
13	27	30	20	11	0036	14	55.510000	55.51	55.51
13	28	34	28	23	0117	11	42.000000	41.97	42.00
13	29	28	28	12	0094	19	78.060000	78.03	78.06
13	32	34	24	19	0122	10	32.500000	32.50	32.50
14	02	19	12	37	0282	18	1341.760000	1341.76	1341.76
14	02	28	32	37	0191	31	inf
14	03	03	20	07	0204	30	310.430000	310.41	310.43
14	03	17	16	05	0034	05	94.620000	94.62	94.62
14	03	19	12	36	0613	26	1422.450000	1422.38	1422.45
14	03	32	20	07	0234	14	1456.690000	1456.66	1456.69
14	04	08	32	05	0382	33	602.270000	602.23	602.27
14	04	33	32	34	0122	25	694.430000	694.43	694.42
14	05	11	16	31	0053	25	106.970000	106.97	106.97
14	05	21	04	40	0751	32	290.580000	290.52	290.58
14	05	22	16	21	0059	32	136.830000	136.77	136.83
14	05	32	16	31	0120	18	212.870000	212.87	212.86
14	06	21	28	26	0620	28	934.470000	930.00	934.47
14	06	22	28	11	0738	35	1457.110000	1457.04	1457.11
14	06	33	28	23	0016	11	91.880000	91.85	91.88
14	07	04	04	16	0053	31	24.700000	24.63	24.70
14	07	15	16	33	0162	14	77.170000	77.16	77.17
14	08	13	20	05	0239	29	112.100000	112.06	112.10
14	08	16	04	22	0433	34	52.910000	52.88	52.91
14	08	21	28	10	0049	16	90.560000	90.51	90.56
14	09	08	12	33	0048	16	301.350000	301.33	301.35
14	09	24	24	26	0240	17	162.220000	162.19	162.22
14	09	30	08	27	0372	21	105.000000	104.95	105.00
14	10	12	32	21	0339	29	146.050000	146.04	146.05
14	10	16	08	27	0214	30	37.790000	37.75	37.79
14	11	19	20	07	0154	30	86.820000	86.78	86.82
14	11	33	12	20	0331	25	171.420000	171.40	171.42
14	11	35	20	32	0561	33	340.18	340.12	340.18
14	12	31	28	05	0566	33	357.070000	357.05	357.07
14	13	09	08	31	0038	08	19.050000	19.05	19.05
14	13	28	20	16	0198	19	70.230000	70.23	70.23
14	13	28	32	38	0390	23	200.370000	200.34	200.37
14	14	21	08	28	0023	10	17.670000	17.63	17.67
14	15	12	16	06	0012	10	39.240000	39.24	39.24
14	15	20	12	36	0116	20	31.160000	31.16	31.16
14	16	22	24	15	0280	23	74.930000	74.92	74.93
14	17	12	20	19	0075	34	90.590000	90.55	90.59
14	18	15	08	24	0045	23	26.550000	26.55	26.55
14	18	22	28	04	0241	33	109.290000	109.26	109.29
14	20	23	12	34	0062	31	44.150000	44.15	44.15
14	20	26	28	24	0182	25	85.79	85.78	85.79
14	20	27	04	31	0154	35	22.030000	22.03	21.98
14	21	24	20	37	0224	22	52.670000	52.65	52.67
14	21	24	32	18	0125	22	95.08	95.08	95.08
14	24	20	32	18	0039	17	89.370000	89.36	89.37
14	26	23	16	29	0268	23	73.610000	73.57	73.61
14	27	29	20	24	0193	27	68.630000	68.61	68.63
14	30	25	32	22	0229	19	73.010000	73.01	73.01
14	31	29	32	23	0194	24	104.510000	104.51	104.47
14	31	32	16	24	0523	34	163.600000	162.60	163.60
15	02	16	04	35	0278	18	358.110000	358.11	358.08
15	02	25	08	39	0222	25	854.100000	854.10	854.10
15	02	26	08	24	0105	26	494.130000	494.11	494.13
15	02	26	24	04	0830	34	inf		
15	02	29	16	40	0387	19	inf
15	03	03	32	09	0296	23	482.730000	482.69	482.73
15	03	09	16	27	0289	26	385.930000	385.88	385.93
15	03	16	04	17	0253	28	142.330000	142.31	142.33
15	03	32	16	25	0244	34	1107.540000	1107.54	1107.53
15	04	19	20	16	0040	09	92.180000	92.14	92.18
15	04	28	04	03	0093	11	58.960000	58.92	58.96
15	04	30	12	14	0415	25	884.360000	884.36	884.36
15	05	12	24	35	0318	25	407.600000	407.57	407.60
15	05	20	20	12	0278	22	369.550000	369.51	369.55
15	06	09	20	26	0479	27	225.850000	225.82	225.85
15	06	10	28	11	0206	21	171.960000	171.95	171.96
15	06	27	04	04	0703	35	245.140000	245.09	245.14
15	07	11	12	40	0168	15	151.520000	151.52	151.51
15	07	35	28	17	0225	15	inf
15	08	24	24	13	0150	35	145.320000	145.31	145.32
15	09	26	04	31	0175	31	24.110000	24.11	24.06
15	10	09	20	14	0066	33	97.980000	97.98	97.96
15	10	15	32	10	0304	31	145.910000	145.89	145.91
15	10	28	08	15	0293	31	63.380000	63.32	63.38
15	11	20	28	17	0571	33	331.220000	331.17	331.22
15	11	33	12	01	0138	09	43.310000	43.28	43.31
15	12	09	20	25	0070	06	36.910000	36.91	36.91
15	13	15	28	20	0408	30	255.620000	255.60	255.62
15	13	25	12	03	0245	33	49.970000	49.85	49.97
15	13	30	12	32	0333	29	63.500000	63.46	63.50
15	14	22	20	07	0147	28	79.160000	79.15	79.16
15	14	23	20	35	0035	07	41.770000	41.77	41.77
15	14	24	28	15	0185	34	120.130000	120.12	120.13
15	14	34	28	17	0684	33	488.450000	486.39	488.45
15	15	23	28	35	0451	35	142.660000	142.62	142.66
15	16	23	08	20	0513	27	48.460000	48.41	48.46
15	17	16	04	39	0036	12	17.010000	16.99	17.01
15	17	32	20	07	0707	34	190.930000	190.88	190.93
15	18	21	28	02	0169	27	209.170000	209.17	209.15
15	19	35	28	40	0235	29	76.670000	76.65	76.67
15	24	21	24	03	0145	34	98.00	97.98	98.00
15	24	33	12	36	0026	19	48.370000	48.37	48.37
15	25	27	32	17	0098	12	281.35	281.33	281.35
15	25	28	24	22	0236	34	82.320000	82.30	82.32
15	25	30	16	25	0068	29	59.820000	59.82	59.82
15	26	18	16	07	0192	33	78.770000	78.72	78.77
15	27	24	04	27	0270	33	20.840000	20.81	20.84
15	32	29	20	22	0216	27	77.200000	77.20	77.19
16	02	04	04	17	0206	13	87.030000	87.02	87.03
16	02	15	04	02	0466	33	557.340000	557.26	557.34
16	02	21	04	21	0159	21	251.050000	250.98	251.05
16	02	21	08	09	0641	32	1999.000000	1998.98	1999.00
16	02	21	12	21	0261	13	1260.51	1260.50	1260.51
16	02	23	24	29	0087	31	882.690000	882.63	882.69
16	02	32	08	34	0357	32	1638.550000	1638.55	1638.53
16	03	07	16	35	0531	26	647.190000	647.16	647.19
16	03	08	12	08	0226	25	210.860000	210.83	210.86
16	04	09	20	05	0330	23	313.130000	313.10	313.13
16	04	15	04	02	0033	32	45.270000	45.27	45.26
16	04	15	08	28	0453	30	287.050000	286.99	287.05
16	04	21	12	20	0084	12	105.050000	105.04	105.05
16	04	21	16	27	0774	30	1558.470000	1558.43	1558.47
16	04	26	28	26	0131	33	462.170000	462.17	462.17
16	06	09	24	39	0244	30	189.160000	189.13	189.16
16	06	16	16	40	0040	06	32.040000	32.04	31.97
16	07	11	32	34	0380	26	252.400000	252.32	252.40
16	07	19	12	16	0253	29	95.680000	95.64	95.68
16	07	21	20	07	0526	24	438.770000	438.77	438.77
16	07	30	08	21	0422	24	187.390000	187.35	187.39
16	07	30	32	13	0506	30	734.660000	734.62	734.66
16	08	15	20	10	0294	20	129.040000	129.01	129.04
16	08	34	16	37	0285	27	190.730000	190.68	190.73
16	09	08	28	22	0256	29	146.790000	146.78	146.79
16	10	19	12	32	0386	29	78.03	78.00	78.03
16	11	08	12	25	0072	17	37.420000	37.40	37.42
16	11	22	08	12	0165	15	24.170000	24.13	24.17
16	11	27	12	10	0326	33	79.290000	79.26	79.29
16	11	30	16	01	0077	11	33.620000	33.61	33.62
16	11	31	04	22	0137	12	15.720000	15.72	15.72
16	12	19	24	14	0474	34	145.330000	145.28	145.33
16	12	24	32	01	0199	30	133.150000	133.15	132.93
16	12	33	08	32	0106	11	19.630000	19.63	19.63
16	13	15	28	39	0115	11	53.650000	53.62	53.65
16	13	27	16	04	0041	12	41.920000	41.91	41.92
16	14	11	16	38	0089	31	75.970000	75.92	75.97
16	15	29	04	34	0363	28	24.580000	24.55	24.58
16	16	33	04	39	0242	22	13.340000	13.31	13.34
16	17	18	20	06	0266	30	73.300000	73.28	73.30
16	17	26	20	16	0551	31	113.610000	113.61	113.10
16	18	18	16	05	0109	18	48.21	48.21	48.20
16	18	20	16	29	0284	23	49.870000	49.85	49.87
16	20	25	16	09	0057	15	42.040000	42.04	42.02
16	20	30	20	11	0314	27	54.48	54.48	54.45
16	20	31	20	09	0058	05	24.51	24.51	24.48
16	21	24	32	15	0053	25	115.290000	115.29	115.27
16	22	31	24	30	0009	08	71.80	71.80	71.76
16	25	27	04	09	0341	29	25.580000	25.54	25.58
16	25	32	12	15	0082	28	50.650000	50.64	50.65
16	27	30	12	04	0302	27	39.360000	39.33	39.36
16	27	32	12	07	0084	23	43.110000	43.11	43.10
16	30	24	16	32	0018	15	61.590000	61.59	61.57
16	31	23	28	13	0071	31	144.300000	144.26	144.30
17	02	05	12	04	0265	27	391.410000	391.36	391.41
17	02	18	08	37	0149	17	381.620000	381.59	381.62
17	02	32	04	14	0018	11	46.870000	46.87	46.83
17	03	22	08	25	0192	20	279.130000	279.13	279.13
17	03	27	32	17	0823	28	inf		
17	04	21	28	06	0381	23	1033.970000	1033.94	1033.97
17	04	24	20	28	0643	29	1401.080000	1401.03	1401.08
17	04	31	28	09	0290	14	1093.220000	1093.22	1093.22
17	05	11	12	17	0038	30	97.430000	97.43	97.43
17	05	15	12	16	0081	09	50.290000	50.27	50.29
17	05	27	24	19	0450	23	914.960000	914.94	914.96
17	06	05	24	35	0022	12	73.300000	73.30	73.29
17	06	30	04	08	0334	22	87.430000	87.41	87.43
17	06	33	28	07	0726	28	1923.490000	1790.20	1923.49
17	07	28	20	37	0325	15	279.400000	277.81	279.40
17	07	29	20	26	0094	33	136.680000	136.66	136.68
17	07	30	16	28	0523	26	473.050000	473.02	473.05
17	07	33	24	26	0749	33	1127.360000	1127.33	1127.36
17	08	18	16	35	0219	21	82.010000	82.00	82.01
17	08	34	08	05	0443	35	156.900000	156.87	156.90
17	10	34	08	29	0699	35	195.850000	195.80	195.85
17	11	30	08	35	0375	22	64.590000	64.50	64.59
17	12	28	16	35	0351	19	99.350000	99.31	99.35
17	13	11	04	22	0040	05	107.890000	107.89	107.35
17	14	24	16	34	0067	16	49.710000	49.71	49.70
17	14	28	08	28	0077	11	16.150000	16.13	16.15
17	14	34	20	04	0229	27	74.050000	74.04	74.05
17	15	30	08	08	0356	29	40.390000	40.33	40.39
17	15	35	16	40	0040	12	38.770000	38.77	38.76
17	16	14	04	26	0228	21	12.670000	12.64	12.67
17	16	23	32	39	0345	25	115.860000	115.82	115.86
17	16	31	12	25	0090	13	29.010000	29.01	29.00
17	17	31	24	01	0333	29	inf
17	18	28	24	16	0487	27	102.290000	102.23	102.29
17	19	26	24	17	0311	33	83.90	83.85	83.90
17	20	28	16	25	0220	23	54.77	54.74	54.77
17	21	32	32	24	0291	33	123.040000	122.98	123.04
17	21	35	04	18	0228	35	18.450000	18.45	18.45
17	22	24	16	15	0235	24	56.950000	56.95	56.93
17	22	26	04	11	0051	20	22.280000	22.28	22.27
17	22	32	08	17	0212	27	34.810000	34.78	34.81
17	24	22	04	27	0117	32	18.750000	18.64	18.75
17	25	28	12	34	0078	34	56.500000	56.50	56.49
17	31	31	12	18	0133	32	53.210000	53.19	53.21
17	32	30	24	30	0099	22	89.170000	89.17	89.17
18	02	22	28	08	0310	23	inf
18	02	34	08	22	0074	16	325.620000	325.62	325.61
18	03	19	28	18	0346	15	1540.830000	1540.82	1540.83
18	03	19	28	29	0443	32	1928.170000	1928.11	1928.17
18	04	12	20	22	0501	34	524.000000	523.94	524.00
18	04	19	12	09	0171	20	176.580000	176.56	176.58
18	05	19	12	13	0382	34	251.060000	251.01	251.06
18	05	26	12	07	0694	31	818.060000	818.02	818.06
18	07	09	12	30	0056	34	82.390000	82.38	82.39
18	07	27	08	18	0309	31	106.47	106.42	106.47
18	08	09	08	21	0344	33	59.590000	59.54	59.59
18	08	09	16	29	0028	21	71.460000	71.45	71.46
18	08	12	28	36	0063	11	72.830000	72.83	70.84
18	08	14	32	11	0221	20	261.660000	261.63	261.66
18	08	28	32	38	0307	24	329.850000	329.82	329.85
18	09	14	12	30	0202	13	36.440000	36.39	36.44
18	09	32	04	35	0712	35	113.320000	113.26	113.32
18	10	24	16	06	0122	27	72.330000	72.33	72.33
18	10	32	24	29	0410	21	inf		
18	11	30	28	05	0100	19	93.790000	93.79	93.79
18	11	33	16	31	0228	31	90.040000	89.98	90.04
18	16	25	12	19	0086	34	55.630000	55.62	55.63
18	16	28	08	04	0137	34	37.440000	37.42	37.44
18	18	31	24	20	0060	12	57.400000	57.38	57.40
18	18	35	28	30	0048	30	137.580000	137.56	137.58
18	19	15	28	40	0125	26	133.040000	132.99	133.04
18	20	20	32	25	0097	19	106.540000	106.41	106.54
18	20	25	32	23	0041	31	158.110000	158.11	158.10
18	22	25	16	24	0057	33	86.600000	86.57	86.60
18	23	23	12	21	0109	29	50.730000	50.70	50.73
18	29	22	20	24	0164	30	130.900000	130.90	130.89
19	02	06	16	02	0526	26	1063.180000	1063.16	1063.18
19	02	16	04	36	0234	20	250.110000	250.06	250.11
19	02	24	32	32	0520	21	inf		
19	02	26	28	38	0375	13	inf		
19	03	03	20	21	0100	23	290.36	290.36	290.05
19	03	18	08	09	0348	21	401.060000	401.02	401.06
19	03	31	16	17	0577	29	2258.95	2258.92	2258.95
19	04	08	08	35	0410	33	161.710000	161.68	161.71
19	04	15	24	10	0431	31	712.420000	712.39	712.42
19	04	18	16	30	0254	30	286.270000	286.25	286.27
19	04	23	04	36	0078	24	38.160000	38.14	38.16
19	04	33	04	27	0372	29	212.330000	212.29	212.33
19	05	23	12	32	0156	34	115.990000	115.99	115.98
19	06	09	24	09	0036	25	155.340000	155.34	155.34
19	06	09	28	40	0083	19	126.560000	126.52	126.56
19	07	19	16	30	0322	25	141.410000	141.40	141.41
19	08	30	16	11	0036	10	39.560000	39.54	39.56
19	09	14	04	30	0133	20	18.120000	18.11	18.12
19	10	11	04	09	0071	18	20.450000	20.44	20.45
19	10	26	28	28	0223	34	135.89	135.87	135.89
19	13	13	32	01	0056	34	143.830000	143.81	143.83
19	13	32	24	05	0076	19	88.660000	88.66	88.65
19	14	23	32	03	0160	25	118.790000	118.75	118.79
19	14	35	16	37	0527	34	139.940000	139.90	139.94
19	15	25	08	35	0132	35	41.140000	41.13	41.14
19	15	34	28	37	0217	34	119.460000	119.44	119.46
19	16	23	16	01	0086	30	72.670000	72.67	72.65
19	16	32	16	18	0414	23	174.490000	174.45	174.49
19	17	21	28	23	0189	34	135.910000	135.89	135.91
19	17	34	08	13	0123	11	19.850000	19.85	19.84
19	18	28	24	39	0065	28	125.880000	125.88	125.88
19	18	34	32	40	0034	07	67.100000	67.10	67.09
19	19	25	08	38	0067	24	34.440000	34.36	34.44
19	19	31	20	02	0090	29	inf		
19	21	29	12	25	0221	13	32.900000	32.90	32.89
19	23	21	04	40	0152	34	24.800000	24.80	24.79
19	23	33	12	04	0278	32	51.40	51.38	51.40
19	30	29	20	02	0208	32	98.300000	97.74	98.30
19	32	28	28	03	0160	27	252.190000	252.16	252.19
20	02	07	24	25	0553	27	1715.770000	1715.74	1715.77
20	02	32	32	17	0479	19	inf		
20	02	34	20	32	0407	31	inf
20	03	11	08	09	0264	30	185.230000	185.19	185.23
20	03	26	04	14	0487	32	378.430000	378.38	378.43
20	03	32	12	26	0153	21	387.810000	387.80	387.81
20	04	07	04	15	0292	35	62.320000	62.28	62.32
20	04	23	20	40	0472	33	851.300000	851.24	851.30
20	06	12	08	28	0405	25	82.470000	82.41	82.47
20	06	19	28	30	0564	29	607.010000	606.96	607.01
20	06	34	04	24	0280	10	215.720000	215.68	215.72
20	07	21	04	28	0047	33	31.420000	31.39	31.42
20	07	32	04	36	0642	26	112.400000	112.36	112.40
20	07	33	24	21	0056	27	302.390000	302.32	302.39
20	08	14	28	02	0334	19	143.220000	143.20	143.22
20	08	16	24	30	0278	30	139.580000	139.55	139.58
20	08	21	12	03	0136	25	58.570000	58.54	58.57
20	08	28	12	09	0034	19	64.440000	64.44	64.39
20	08	32	16	38	0116	07	64.33	64.31	64.33
20	09	32	24	07	0373	31	inf
20	09	33	24	10	0144	12	96.760000	96.76	96.72
20	12	22	24	21	0152	33	123.150000	123.13	123.15
20	12	29	20	40	0061	18	61.900000	61.88	61.90
20	15	20	32	35	0194	28	132.300000	132.28	132.30
20	16	29	04	12	0563	29	33.450000	28.02	33.45
20	16	29	16	13	0120	13	40.670000	40.67	40.67
20	18	27	12	27	0431	33	48.650000	48.60	48.65
20	18	33	04	25	0219	33	19.690000	19.69	19.65
20	19	32	04	25	0373	19	20.090000	20.09	20.09
20	30	35	04	39	0138	33	25.93	25.93	25.89
21	02	05	24	03	0629	34	1358.080000	1358.07	1358.08
21	02	14	32	22	0091	17	603.530000	603.52	603.53
21	02	16	28	06	0097	19	633.220000	633.22	633.22
21	02	17	08	30	0425	28	951.670000	951.61	951.67
21	02	31	12	31	0152	31	826.620000	826.52	826.62
21	02	33	24	14	0165	12	1808.770000	1808.77	1808.76
21	03	05	04	03	0488	32	102.170000	102.09	102.17
21	03	12	24	11	0185	15	421.760000	421.76	348.13
21	03	21	04	11	0093	24	55.160000	55.16	55.16
21	03	29	04	23	0223	14	166.840000	166.80	166.84
21	03	31	04	37	0215	23	173.710000	173.71	173.70
21	04	09	12	36	0272	29	158.030000	158.01	158.03
21	04	13	12	33	0066	32	122.670000	122.66	122.67
21	04	16	12	28	0171	33	141.080000	141.03	141.08
21	05	12	12	05	0596	33	inf		
21	06	22	32	02	0094	08	122.530000	122.52	122.53
21	06	23	24	12	0082	09	92.650000	92.64	92.65
21	06	29	24	05	0250	35	287.140000	287.10	287.14
21	07	13	32	34	0406	30	246.080000	246.05	246.08
21	07	25	32	08	0136	20	147.610000	147.61	147.59
21	07	31	28	23	0520	32	680.450000	680.41	680.45
21	08	10	16	03	0142	24	94.170000	94.17	94.09
21	08	17	20	30	0163	27	108.900000	108.87	108.90
21	08	18	12	37	0404	33	94.13	94.09	94.13
21	08	32	16	27	0468	32	234.510000	234.47	234.51
21	09	12	20	15	0113	24	95.530000	95.52	95.53
21	09	33	08	27	0081	09	22.940000	22.94	22.91
21	10	12	12	36	0140	19	46.130000	46.10	46.13
21	10	35	24	21	0147	32	116.800000	116.74	116.80
21	11	30	24	40	0088	33	149.420000	149.40	149.42
21	12	18	04	14	0033	03	7.270000	7.25	7.27
21	12	29	04	39	0317	21	19.320000	19.30	19.32
21	13	23	32	28	0408	28	283.280000	283.28	283.28
21	13	32	04	20	0124	32	23.170000	23.17	23.17
21	14	21	16	36	0390	33	68.880000	68.85	68.88
21	15	16	24	40	0295	31	102.750000	102.72	102.75
21	15	26	28	26	0262	33	133.660000	133.62	133.66
21	17	19	20	28	0213	18	73.330000	72.90	73.33
21	18	28	28	22	0164	33	160.070000	160.05	160.07
21	18	34	20	28	0356	33	inf
21	19	20	12	10	0152	23	54.800000	54.75	54.80
21	21	30	24	39	0183	17	68.750000	68.73	68.75
21	22	25	08	07	0087	17	34.900000	34.86	34.90
21	22	25	20	31	0173	23	79.840000	79.78	79.84
21	23	35	04	02	0219	34	28.390000	28.39	28.38
21	25	32	12	04	0035	32	61.490000	61.46	61.49
21	27	30	20	16	0329	27	89.430000	89.23	89.43
22	02	03	16	19	0124	32	372.530000	372.50	372.53
22	02	07	20	21	0311	27	783.090000	783.09	783.06
22	02	16	12	30	0043	21	159.010000	159.01	159.00
22	02	17	04	29	0091	13	89.930000	89.93	89.92
22	02	33	32	28	0002	01	40.940000	40.94	40.91
22	03	13	12	35	0461	24	481.840000	481.83	481.84
22	03	27	04	15	0598	21	440.660000	440.63	440.66
22	04	09	20	11	0623	29	457.830000	457.78	457.83
22	04	18	24	26	0603	35	1058.58	1057.63	1058.58
22	04	20	28	29	0099	14	208.400000	208.39	208.40
22	05	08	04	16	0082	32	35.460000	35.46	35.46
22	05	26	04	35	0038	03	15.280000	15.28	15.28
22	05	28	08	03	0013	12	36.690000	36.65	36.69
22	05	32	16	02	0653	28	745.430000	745.36	745.43
22	06	24	28	14	0047	07	68.440000	68.44	68.43
22	06	30	08	25	0113	14	46.240000	46.24	46.21
22	06	35	08	25	0220	26	99.120000	99.12	99.07
22	07	08	08	31	0186	34	66.320000	66.30	66.32
22	08	24	12	12	0282	16	77.810000	77.78	77.81
22	10	13	12	11	0077	18	47.260000	47.23	47.26
22	10	21	08	17	0430	32	56.700000	56.65	56.70
22	10	24	12	05	0236	18	47.920000	47.92	47.89
22	11	22	24	17	0043	23	96.840000	96.77	96.84
22	12	24	04	31	0171	24	28.320000	28.30	28.32
22	12	30	32	17	0107	10	62.840000	62.83	62.84
22	13	26	20	36	0371	29	82.17	82.15	82.17
22	14	29	32	29	0432	31	167.870000	167.84	167.87
22	14	31	24	37	0390	33	117.120000	117.12	117.10
22	15	20	08	10	0156	34	50.83	50.78	50.83
22	15	25	28	12	0356	30	110.980000	110.95	110.98
22	20	20	32	03	0043	35	164.760000	164.70	164.76
22	20	34	16	24	0149	13	38.540000	38.52	38.54
22	21	32	04	18	0045	23	23.810000	23.79	23.81
22	22	30	24	02	0357	32	101.830000	101.79	101.83
22	24	26	32	02	0170	26	inf		
23	02	10	08	31	0464	30	553.650000	553.60	553.65
23	02	16	24	12	0432	23	inf
23	02	22	12	02	0598	23	2259.800000	2259.73	2259.80
23	02	25	24	37	0030	17	255.810000	255.79	255.81
23	03	15	08	14	0661	30	469.600000	469.54	469.60
23	03	19	32	09	0180	26	649.820000	649.82	649.81
23	03	27	12	25	0378	16	867.590000	867.58	867.59
23	03	29	12	16	0472	32	999.830000	999.81	999.83
23	04	27	12	31	0113	24	127.330000	127.32	127.33
23	06	11	28	28	0264	21	172.960000	172.91	172.96
23	06	18	24	27	0539	24	605.660000	605.63	605.66
23	06	28	12	19	0122	14	67.300000	67.30	67.30
23	06	33	20	17	0456	26	631.020000	630.99	631.02
23	07	32	12	39	0084	35	88.860000	88.84	88.86
23	08	21	12	17	0038	05	21.920000	21.91	21.92
23	09	14	32	14	0033	23	154.860000	154.79	154.86
23	09	31	16	20	0504	31	179.480000	179.43	179.48
23	10	21	08	38	0635	33	70.020000	70.01	70.02
23	10	31	20	19	0359	23	147.060000	147.02	147.06
23	10	33	08	15	0280	18	48.23	48.21	48.23
23	11	16	16	14	0041	13	54.620000	54.62	54.61
23	11	28	24	37	0150	13	63.710000	63.69	63.71
23	11	34	04	34	0289	28	23.720000	23.67	23.72
23	12	32	32	37	0151	13	91.660000	91.66	91.65
23	13	26	32	27	0155	34	163.860000	163.86	163.85
23	14	21	08	17	0031	07	25.950000	25.95	25.95
23	14	26	16	16	0182	24	69.990000	69.93	69.99
23	15	24	32	26	0362	24	107.990000	107.97	107.99
23	16	30	32	36	0215	31	179.890000	179.87	179.89
23	16	32	20	20	0300	35	97.340000	97.31	97.34
23	17	29	32	39	0141	19	119.250000	119.24	119.25
23	18	21	16	02	0184	19	144.240000	144.22	144.24
23	18	23	20	34	0357	32	346.980000	346.93	346.98
23	18	26	16	01	0042	29	84.820000	84.80	84.82
23	21	34	32	06	0160	27	137.850000	137.85	137.83
23	23	29	04	40	0035	14	25.910000	25.91	25.89
24	02	22	20	21	0126	23	674.910000	674.88	674.91
24	02	30	08	16	0291	26	842.530000	842.48	842.53
24	02	32	16	30	0066	09	414.350000	414.27	414.35
24	03	11	04	35	0074	13	30.760000	30.74	30.76
24	03	18	24	13	0366	35	953.290000	953.24	953.29
24	04	24	20	29	0229	32	369.490000	369.47	369.49
24	04	26	20	20	0337	20	541.730000	541.71	541.73
24	04	30	12	09	0025	19	90.740000	90.72	90.74
24	04	31	16	08	0706	26	1524.050000	1524.05	1524.04
24	06	22	12	01	0014	09	182.430000	182.43	182.42
24	07	14	24	05	0151	28	164.370000	164.29	164.37
24	07	32	04	10	0800	32	136.320000	136.32	136.29
24	08	16	24	31	0125	24	128.500000	128.49	128.50
24	09	20	12	19	0153	31	68.220000	68.18	68.22
24	09	28	04	02	0110	29	20.920000	20.90	20.92
24	09	32	24	23	0058	34	155.980000	155.95	155.98
24	10	17	28	40	0118	33	132.100000	132.08	132.10
24	10	22	12	36	0255	29	63.030000	62.94	63.03
24	10	30	24	08	0117	31	129.500000	129.49	129.50
24	10	33	28	04	0378	30	205.020000	204.98	205.02
24	11	31	20	26	0150	32	126.28	126.21	126.28
24	12	35	08	09	0262	28	41.840000	41.79	41.84
24	14	23	16	36	0082	14	63.860000	63.83	63.86
24	15	25	12	05	0105	13	42.880000	42.86	42.88
24	15	33	08	15	0161	17	22.460000	22.44	22.46
24	18	22	04	32	0144	29	28.190000	28.17	28.19
24	19	26	16	35	0013	10	53.910000	53.91	53.87
24	21	31	08	37	0066	20	36.650000	36.55	36.65
24	22	33	28	18	0112	16	inf
24	24	27	12	15	0032	26	60.850000	60.85	60.82
24	25	32	24	24	0103	26	113.800000	113.77	113.80
25	02	24	04	03	0187	11	290.340000	290.33	290.34
25	02	34	24	01	0088	19	829.870000	829.79	829.87
25	03	06	04	10	0218	16	55.170000	54.53	55.17
25	03	12	24	13	0054	18	182.430000	182.36	182.43
25	03	13	04	18	0027	13	24.370000	24.37	24.36
25	04	16	08	19	0305	18	138.350000	138.33	138.35
25	05	10	08	33	0108	22	58.660000	58.64	58.66
25	05	25	16	12	0190	15	158.200000	158.20	158.19
25	05	26	08	01	0025	06	23.000000	23.00	22.98
25	07	14	32	35	0255	22	178.740000	178.73	178.74
25	07	16	32	19	0201	17	142.690000	142.54	142.69
25	07	26	20	28	0041	06	39.320000	38.57	39.32
25	07	31	04	29	0570	29	87.460000	87.41	87.46
25	07	32	16	03	0134	19	83.180000	83.16	83.18
25	08	19	24	09	0298	26	135.440000	135.39	135.44
25	09	13	08	10	0051	18	100.020000	99.98	100.02
25	10	23	28	28	0028	19	117.980000	117.98	117.98
25	11	15	08	07	0109	15	31.110000	31.10	31.11
25	11	24	12	34	0077	07	21.17	21.17	21.15
25	11	29	16	07	0418	32	106.830000	106.78	106.83
25	11	29	20	33	0410	34	235.71	235.67	235.71
25	14	34	28	29	0281	31	132.930000	132.88	132.93
25	15	21	20	30	0038	07	52.28	52.28	52.27
25	15	34	32	13	0126	23	138.130000	138.13	138.10
25	18	33	16	31	0319	28	64.750000	64.73	64.75
25	22	28	20	34	0019	12	76.890000	76.88	76.89
25	25	33	28	31	0045	08	70.630000	70.63	70.62
26	02	10	04	02	0209	21	126.380000	126.35	126.38
26	02	11	20	19	0411	27	1301.510000	1301.51	1301.48
26	02	17	20	05	0453	31	1948.020000	1948.00	1948.02
26	02	18	24	29	0399	27	1948.570000	1948.48	1948.57
26	02	24	20	25	0728	31	inf
26	02	31	32	40	0263	26	inf
26	03	14	24	24	0095	16	207.790000	207.79	207.13
26	03	32	28	22	0089	17	408.170000	408.17	408.17
26	04	07	32	17	0057	24	249.070000	249.05	249.07
26	04	16	04	12	0223	24	51.830000	51.81	51.83
26	04	20	28	29	0072	06	127.450000	127.44	127.45
26	04	33	28	31	0277	29	754.620000	754.60	754.62
26	04	35	24	16	0398	35	962.430000	962.39	962.43
26	05	14	28	29	0200	20	190.650000	190.63	190.65
26	07	28	20	29	0148	32	159.940000	159.93	159.94
26	10	18	08	35	0165	12	22.430000	22.37	22.43
26	10	22	20	16	0169	33	121.070000	120.99	121.07
26	12	25	08	12	0224	32	46.420000	46.36	46.42
26	13	34	20	07	0194	17	56.49	56.48	56.49
26	15	35	04	21	0258	33	21.000000	21.00	21.00
26	15	35	24	21	0148	17	76.170000	76.15	76.17
26	17	26	32	12	0108	34	198.890000	198.88	198.89
26	18	22	04	38	0123	18	24.310000	24.31	24.29
26	18	32	12	16	0071	32	63.930000	63.90	63.93
26	21	30	16	04	0148	35	108.340000	108.29	108.34
27	02	35	32	26	0080	10	960.340000	960.33	960.34
27	03	17	16	34	0310	28	449.510000	449.51	449.35
27	04	07	16	14	0062	31	233.880000	233.82	233.88
27	05	21	12	01	0065	03	113.700000	113.70	113.68
27	05	29	32	11	0121	27	229.890000	229.88	229.89
27	06	26	24	31	0097	26	170.460000	170.44	170.46
27	06	29	28	33	0182	25	196.070000	196.04	196.07
27	07	27	12	27	0151	14	55.050000	54.99	55.05
27	09	15	20	30	0074	11	56.18	56.18	56.18
27	09	23	08	16	0265	33	53.170000	53.12	53.17
27	10	31	04	07	0160	07	12.320000	12.32	12.32
27	10	32	12	30	0028	04	20.500000	20.46	20.50
27	10	34	28	15	0206	23	110.960000	110.96	110.95
27	11	19	12	24	0142	29	77.610000	77.58	77.61
27	11	20	32	15	0244	23	135.510000	135.48	135.51
27	11	30	16	02	0344	18	83.360000	83.33	83.36
27	11	35	16	03	0304	17	80.170000	80.14	80.17
27	12	35	24	04	0044	09	60.740000	60.74	60.73
27	12	35	24	26	0307	32	130.670000	130.64	130.67
27	13	24	28	03	0158	31	183.490000	183.49	183.49
27	14	28	28	08	0291	33	inf
27	15	32	28	25	0023	15	113.790000	113.79	113.79
27	18	27	16	25	0067	35	94.330000	94.33	93.20
28	02	06	04	21	0119	17	71.430000	71.41	71.43
28	02	10	12	03	0222	11	450.150000	450.10	450.15
28	03	17	24	01	0094	25	268.760000	268.74	268.76
28	04	32	24	07	0638	23	1428.800000	1428.77	1428.80
28	06	32	04	34	0338	24	60.050000	60.00	60.05
28	07	22	16	25	0290	18	105.670000	105.62	105.67
28	08	15	28	10	0240	23	243.440000	243.43	243.44
28	08	22	08	34	0215	31	60.060000	60.01	60.06
28	11	25	16	08	0321	30	75.980000	75.94	75.98
28	12	21	20	08	0434	31	114.400000	114.35	114.40
28	14	21	28	09	0075	18	118.86	118.82	118.86
28	15	29	28	31	0165	26	163.28	163.23	163.28
28	16	33	08	24	0059	11	36.210000	36.21	36.21
28	16	35	20	21	0125	30	127.380000	127.38	127.37
28	17	30	04	24	0054	32	28.310000	28.26	28.31
28	17	34	24	24	0212	30	122.540000	122.54	122.52
29	02	12	32	17	0026	17	348.590000	348.57	348.59
29	02	17	20	09	0657	29	2310.200000	2310.15	2310.20
29	02	29	24	28	0028	11	226.540000	226.54	226.54
29	03	11	24	01	0590	35	875.610000	875.59	875.61
29	03	30	04	05	0352	15	223.010000	223.01	222.99
29	03	30	08	01	0635	33	722.90	722.89	722.90
29	04	08	16	14	0319	25	181.060000	181.04	181.06
29	04	09	32	40	0300	30	408.57	408.53	408.57
29	04	16	28	18	0057	24	249.480000	249.46	249.48
29	04	19	08	37	0055	29	92.080000	92.04	92.08
29	04	23	32	40	0231	26	488.530000	488.53	488.53
29	04	35	32	12	0066	03	208.880000	208.86	208.88
29	05	23	08	29	0259	22	96.810000	96.80	96.81
29	05	33	28	33	0261	30	444.270000	443.92	444.27
29	06	18	12	13	0280	25	91.760000	91.74	91.76
29	06	29	08	02	0107	07	32.55	32.52	32.55
29	07	18	32	40	0041	21	169.340000	169.34	169.34
29	07	23	08	04	0143	11	33.370000	33.34	33.37
29	07	33	28	19	0297	35	279.840000	279.83	279.84
29	09	33	16	08	0256	18	87.050000	87.02	87.05
29	09	33	16	09	0291	22	91.300000	91.26	91.30
29	14	21	24	11	0091	21	112.860000	112.84	112.86
29	16	25	28	15	0267	28	151.750000	151.75	151.75
29	17	24	04	16	0080	20	31.430000	31.39	31.43
29	18	27	28	19	0308	31	161.670000	161.62	161.67
29	24	33	20	11	0157	32	135.240000	135.21	135.24
29	28	30	28	32	0048	31	163.930000	163.93	163.92
30	02	24	04	03	0701	32	943.550000	943.55	943.55
30	02	26	16	24	0295	16	1497.890000	1497.86	1497.89
30	02	28	04	30	0805	33	1097.410000	1097.39	1097.41
30	03	13	24	18	0005	01	36.960000	36.96	36.95
30	03	20	12	12	0262	33	316.020000	315.99	316.02
30	04	14	28	40	0028	13	143.110000	143.11	143.11
30	04	16	32	20	0090	14	179.320000	179.32	179.30
30	04	17	20	28	0084	34	218.370000	218.37	218.35
30	04	23	12	20	0302	18	232.92	232.92	232.86
30	04	23	28	28	0030	28	286.630000	286.62	286.63
30	04	32	12	15	0849	32	949.370000	949.32	949.37
30	06	12	28	33	0068	18	155.910000	155.83	155.91
30	07	18	04	32	0177	33	35.360000	35.32	35.36
30	07	24	16	32	0123	29	127.070000	127.02	127.07
30	07	33	32	35	0094	26	185.780000	185.74	185.78
30	09	30	28	08	0299	24	152.490000	152.47	152.49
30	11	32	04	32	0046	29	30.260000	30.26	30.26
30	12	30	08	27	0113	15	33.970000	33.95	33.97
30	14	29	12	26	0338	26	58.380000	58.32	58.38
30	14	32	04	08	0175	30	32.120000	32.11	32.12
30	16	29	20	17	0177	24	100.300000	100.26	100.30
30	16	32	08	34	0123	12	89.020000	89.02	89.01
30	19	34	04	11	0106	20	22.40	22.40	22.36
30	25	31	28	35	0087	30	128.810000	128.78	128.81
31	02	12	12	02	0367	19	586.620000	586.60	586.62
31	02	29	32	33	0317	33	inf
31	03	13	04	29	0449	33	136.080000	136.05	136.08
31	03	16	20	23	0102	07	156.780000	156.78	156.78
31	03	34	12	24	0548	35	1153.740000	1153.74	1153.62
31	04	15	04	16	0465	26	85.900000	85.75	85.90
31	04	25	32	38	0123	24	262.350000	262.34	262.35
31	04	31	08	11	0212	26	136.880000	136.88	136.83
31	05	19	28	25	0239	20	228.250000	228.23	228.25
31	05	24	08	36	0442	29	158.640000	158.64	157.19
31	05	30	28	16	0313	18	562.480000	562.44	562.48
31	05	34	08	11	0179	08	204.890000	204.87	204.89
31	05	34	20	19	0591	33	708.940000	708.80	708.94
31	05	35	32	19	0042	24	231.180000	231.18	231.17
31	06	17	16	40	0175	25	120.890000	120.89	120.87
31	06	25	32	19	0243	27	241.140000	241.11	241.14
31	07	18	12	12	0179	29	167.060000	166.99	167.06
31	07	20	28	33	0260	17	144.170000	144.09	144.17
31	07	27	20	11	0323	25	162.41	162.38	162.41
31	08	11	24	22	0078	34	168.600000	168.54	168.60
31	09	22	32	03	0487	27	206.770000	206.74	206.77
31	09	27	04	11	0245	35	31.850000	31.79	31.85
31	09	35	32	08	0028	21	171.700000	171.69	171.70
31	10	34	16	26	0149	15	46.660000	46.66	46.65
31	11	17	12	17	0146	25	81.130000	81.12	81.13
31	11	20	24	10	0029	15	95.320000	95.31	95.32
31	11	26	04	40	0132	34	34.650000	34.65	34.65
31	13	18	20	27	0083	26	120.600000	120.59	120.60
31	13	30	28	19	0333	35	176.220000	176.17	176.22
31	24	31	04	23	0119	16	25.610000	25.61	25.59
32	02	20	28	19	0144	32	814.390000	814.37	814.39
32	02	28	28	03	0046	06	345.760000	345.75	345.76
32	02	30	24	32	0460	26	inf
32	03	13	08	27	0645	34	322.540000	322.51	322.54
32	03	14	32	37	0261	25	611.620000	611.57	611.62
32	03	33	28	18	0660	29	inf
32	04	19	20	38	0353	22	367.450000	367.40	367.45
32	04	23	12	24	0037	31	145.380000	145.35	145.38
32	04	29	08	21	0335	30	185.570000	185.53	185.57
32	04	35	12	14	0023	14	71.680000	71.68	71.65
32	06	12	16	02	0336	32	156.700000	156.66	156.70
32	07	18	16	21	0450	29	134.960000	134.91	134.96
32	07	28	20	10	0213	25	113.150000	113.15	113.15
32	09	15	20	29	0024	16	86.47	86.40	86.47
32	09	32	16	11	0365	35	113.560000	113.51	113.56
32	10	21	16	04	0092	27	96.260000	96.23	96.26
32	12	22	28	34	0137	29	195.63	195.59	195.63
32	13	32	04	12	0348	26	21.200000	21.17	21.20
32	16	35	08	17	0114	26	47.500000	47.42	47.50
32	18	35	20	07	0073	28	109.240000	109.24	109.21
